planet,endpoint_type,to_sign,event_utc_dt,year,to_nakshatra,to_pada
sun,rashi,Aries,1900-03-15T04:41:57.187500+00:00,1900,,
sun,rashi,Pisces,1900-09-16T15:11:15+00:00,1900,,
sun,rashi,Aries,1901-03-14T08:15:00+00:00,1901,,
sun,rashi,Pisces,1901-09-17T02:15:42.187500+00:00,1901,,
sun,rashi,Aries,1902-03-15T20:06:33.750000+00:00,1902,,
sun,rashi,Pisces,1902-09-18T03:55:32.812500+00:00,1902,,
sun,rashi,Aries,1903-03-15T17:52:58.125000+00:00,1903,,
sun,rashi,Pisces,1903-09-17T18:54:08.437500+00:00,1903,,
sun,rashi,Aries,1904-03-14T18:10:32.812500+00:00,1904,,
sun,rashi,Pisces,1904-09-18T04:32:06.562500+00:00,1904,,
sun,rashi,Aries,1905-03-15T21:25:18.750000+00:00,1905,,
sun,rashi,Pisces,1905-09-16T13:30:42.187500+00:00,1905,,
sun,rashi,Aries,1906-03-14T05:41:43.125000+00:00,1906,,
sun,rashi,Pisces,1906-09-17T16:27:53.437500+00:00,1906,,
sun,rashi,Aries,1907-03-15T20:15:00+00:00,1907,,
sun,rashi,Pisces,1907-09-17T10:46:52.500000+00:00,1907,,
sun,rashi,Aries,1908-03-14T04:04:41.250000+00:00,1908,,
sun,rashi,Pisces,1908-09-17T02:22:01.875000+00:00,1908,,
sun,rashi,Aries,1909-03-15T05:16:24.375000+00:00,1909,,
sun,rashi,Pisces,1909-09-18T02:26:57.187500+00:00,1909,,
sun,rashi,Aries,1910-03-15T22:22:58.125000+00:00,1910,,
sun,rashi,Pisces,1910-09-17T06:45:42.187500+00:00,1910,,
sun,rashi,Aries,1911-03-15T08:12:11.250000+00:00,1911,,
sun,rashi,Pisces,1911-09-19T00:49:55.312500+00:00,1911,,
sun,rashi,Aries,1912-03-15T17:04:27.187500+00:00,1912,,
sun,rashi,Pisces,1912-09-16T11:30:28.125000+00:00,1912,,
sun,rashi,Aries,1913-03-14T07:40:32.812500+00:00,1913,,
sun,rashi,Pisces,1913-09-17T10:28:35.625000+00:00,1913,,
sun,rashi,Aries,1914-03-15T18:18:16.875000+00:00,1914,,
sun,rashi,Pisces,1914-09-17T18:19:41.250000+00:00,1914,,
sun,rashi,Aries,1915-03-15T04:21:33.750000+00:00,1915,,
sun,rashi,Pisces,1915-09-17T06:43:35.625000+00:00,1915,,
sun,rashi,Aries,1916-03-14T13:22:58.125000+00:00,1916,,
sun,rashi,Pisces,1916-09-17T23:30:28.125000+00:00,1916,,
sun,rashi,Aries,1917-03-15T11:21:19.687500+00:00,1917,,
sun,rashi,Pisces,1917-09-16T09:04:13.125000+00:00,1917,,
sun,rashi,Aries,1918-03-14T16:57:25.312500+00:00,1918,,
sun,rashi,Pisces,1918-09-18T09:38:40.312500+00:00,1918,,
sun,rashi,Aries,1919-03-16T11:15:42.187500+00:00,1919,,
sun,rashi,Pisces,1919-09-17T16:46:10.312500+00:00,1919,,
sun,rashi,Aries,1920-03-14T08:57:11.250000+00:00,1920,,
sun,rashi,Pisces,1920-09-17T21:25:18.750000+00:00,1920,,
sun,rashi,Aries,1921-03-16T05:32:34.687500+00:00,1921,,
sun,rashi,Pisces,1921-09-17T22:00:28.125000+00:00,1921,,
sun,rashi,Aries,1922-03-15T07:27:11.250000+00:00,1922,,
sun,rashi,Pisces,1922-09-16T23:12:53.437500+00:00,1922,,
sun,rashi,Aries,1923-03-15T00:42:53.437500+00:00,1923,,
sun,rashi,Pisces,1923-09-18T09:11:57.187500+00:00,1923,,
sun,rashi,Aries,1924-03-15T03:57:39.375000+00:00,1924,,
sun,rashi,Pisces,1924-09-16T01:44:03.750000+00:00,1924,,
sun,rashi,Aries,1925-03-13T19:54:36.562500+00:00,1925,,
sun,rashi,Pisces,1925-09-17T21:23:12.187500+00:00,1925,,
sun,rashi,Aries,1926-03-16T13:11:00.937500+00:00,1926,,
sun,rashi,Pisces,1926-09-17T19:51:47.812500+00:00,1926,,
sun,rashi,Aries,1927-03-15T08:21:19.687500+00:00,1927,,
sun,rashi,Pisces,1927-09-18T21:28:07.500000+00:00,1927,,
sun,rashi,Aries,1928-03-15T20:02:20.625000+00:00,1928,,
sun,rashi,Pisces,1928-09-18T00:20:23.437500+00:00,1928,,
sun,rashi,Aries,1929-03-15T11:07:58.125000+00:00,1929,,
sun,rashi,Pisces,1929-09-16T03:06:19.687500+00:00,1929,,
sun,rashi,Aries,1930-03-14T03:47:06.562500+00:00,1930,,
sun,rashi,Pisces,1930-09-18T06:26:00.937500+00:00,1930,,
sun,rashi,Aries,1931-03-15T23:08:40.312500+00:00,1931,,
sun,rashi,Pisces,1931-09-16T14:03:45+00:00,1931,,
sun,rashi,Aries,1932-03-13T12:02:48.750000+00:00,1932,,
sun,rashi,Pisces,1932-09-18T01:11:00.937500+00:00,1932,,
sun,rashi,Aries,1933-03-16T04:08:54.375000+00:00,1933,,
sun,rashi,Pisces,1933-09-17T14:31:10.312500+00:00,1933,,
sun,rashi,Aries,1934-03-15T11:09:22.500000+00:00,1934,,
sun,rashi,Pisces,1934-09-17T14:59:17.812500+00:00,1934,,
sun,rashi,Aries,1935-03-16T05:50:51.562500+00:00,1935,,
sun,rashi,Pisces,1935-09-19T00:47:48.750000+00:00,1935,,
sun,rashi,Aries,1936-03-15T13:52:30+00:00,1936,,
sun,rashi,Pisces,1936-09-16T04:33:30.937500+00:00,1936,,
sun,rashi,Aries,1937-03-14T09:27:25.312500+00:00,1937,,
sun,rashi,Pisces,1937-09-18T11:55:46.875000+00:00,1937,,
sun,rashi,Aries,1938-03-16T08:09:22.500000+00:00,1938,,
sun,rashi,Pisces,1938-09-17T07:23:40.312500+00:00,1938,,
sun,rashi,Aries,1939-03-14T14:19:13.125000+00:00,1939,,
sun,rashi,Pisces,1939-09-18T17:36:47.812500+00:00,1939,,
sun,rashi,Aries,1940-03-15T19:56:00.937500+00:00,1940,,
sun,rashi,Pisces,1940-09-17T12:55:32.812500+00:00,1940,,
sun,rashi,Aries,1941-03-14T16:44:45.937500+00:00,1941,,
sun,rashi,Pisces,1941-09-15T22:01:10.312500+00:00,1941,,
sun,rashi,Aries,1942-03-15T05:41:43.125000+00:00,1942,,
sun,rashi,Pisces,1942-09-18T16:06:47.812500+00:00,1942,,
sun,rashi,Aries,1943-03-16T08:42:25.312500+00:00,1943,,
sun,rashi,Pisces,1943-09-17T05:04:27.187500+00:00,1943,,
sun,rashi,Aries,1944-03-14T01:21:33.750000+00:00,1944,,
sun,rashi,Pisces,1944-09-19T02:41:00.937500+00:00,1944,,
sun,rashi,Aries,1945-03-16T23:50:51.562500+00:00,1945,,
sun,rashi,Pisces,1945-09-17T07:33:30.937500+00:00,1945,,
sun,rashi,Aries,1946-03-14T14:00:56.250000+00:00,1946,,
sun,rashi,Pisces,1946-09-17T20:44:31.875000+00:00,1946,,
sun,rashi,Aries,1947-03-15T23:17:48.750000+00:00,1947,,
sun,rashi,Pisces,1947-09-17T17:17:06.562500+00:00,1947,,
sun,rashi,Aries,1948-03-14T09:45:42.187500+00:00,1948,,
sun,rashi,Pisces,1948-09-15T06:07:44.062500+00:00,1948,,
sun,rashi,Aries,1949-03-13T12:08:26.250000+00:00,1949,,
sun,rashi,Pisces,1949-09-18T11:28:21.562500+00:00,1949,,
sun,rashi,Aries,1950-03-16T18:39:22.500000+00:00,1950,,
sun,rashi,Pisces,1950-09-17T04:03:59.062500+00:00,1950,,
sun,rashi,Aries,1951-03-14T22:11:00.937500+00:00,1951,,
sun,rashi,Pisces,1951-09-20T21:49:55.312500+00:00,1951,,
sun,rashi,Aries,1952-03-17T09:12:39.375000+00:00,1952,,
sun,rashi,Pisces,1952-09-17T14:24:08.437500+00:00,1952,,
sun,rashi,Aries,1953-03-14T20:51:33.750000+00:00,1953,,
sun,rashi,Pisces,1953-09-16T05:07:15.937500+00:00,1953,,
sun,rashi,Aries,1954-03-15T09:13:21.562500+00:00,1954,,
sun,rashi,Pisces,1954-09-18T06:41:29.062500+00:00,1954,,
sun,rashi,Aries,1955-03-15T14:05:09.375000+00:00,1955,,
sun,rashi,Pisces,1955-09-15T19:34:13.125000+00:00,1955,,
sun,rashi,Aries,1956-03-13T01:41:57.187500+00:00,1956,,
sun,rashi,Pisces,1956-09-19T02:06:33.750000+00:00,1956,,
sun,rashi,Aries,1957-03-16T10:40:32.812500+00:00,1957,,
sun,rashi,Pisces,1957-09-16T14:52:15.937500+00:00,1957,,
sun,rashi,Aries,1958-03-14T14:54:22.500000+00:00,1958,,
sun,rashi,Pisces,1958-09-19T16:24:22.500000+00:00,1958,,
sun,rashi,Aries,1959-03-17T18:47:06.562500+00:00,1959,,
sun,rashi,Pisces,1959-09-18T08:38:54.375000+00:00,1959,,
sun,rashi,Aries,1960-03-14T15:45:00+00:00,1960,,
sun,rashi,Pisces,1960-09-15T19:33:30.937500+00:00,1960,,
sun,rashi,Aries,1961-03-15T12:40:04.687500+00:00,1961,,
sun,rashi,Pisces,1961-09-18T20:26:57.187500+00:00,1961,,
sun,rashi,Aries,1962-03-16T03:22:30+00:00,1962,,
sun,rashi,Pisces,1962-09-16T12:43:35.625000+00:00,1962,,
sun,rashi,Aries,1963-03-13T16:04:41.250000+00:00,1963,,
sun,rashi,Pisces,1963-09-19T21:42:11.250000+00:00,1963,,
sun,rashi,Aries,1964-03-16T09:11:57.187500+00:00,1964,,
sun,rashi,Pisces,1964-09-16T06:42:53.437500+00:00,1964,,
sun,rashi,Aries,1965-03-13T04:40:32.812500+00:00,1965,,
sun,rashi,Pisces,1965-09-15T23:16:24.375000+00:00,1965,,
sun,rashi,Aries,1966-03-17T12:47:48.750000+00:00,1966,,
sun,rashi,Pisces,1966-09-17T23:33:16.875000+00:00,1966,,
sun,rashi,Aries,1967-03-15T16:33:30.937500+00:00,1967,,
sun,rashi,Pisces,1967-09-17T12:18:16.875000+00:00,1967,,
sun,rashi,Aries,1968-03-15T20:30:28.125000+00:00,1968,,
sun,rashi,Pisces,1968-09-20T05:50:09.375000+00:00,1968,,
sun,rashi,Aries,1969-03-17T09:56:57.187500+00:00,1969,,
sun,rashi,Pisces,1969-09-16T08:43:49.687500+00:00,1969,,
sun,rashi,Aries,1970-03-13T12:11:57.187500+00:00,1970,,
sun,rashi,Pisces,1970-09-20T15:09:08.437500+00:00,1970,,
sun,rashi,Aries,1971-03-17T12:17:34.687500+00:00,1971,,
sun,rashi,Pisces,1971-09-16T11:29:03.750000+00:00,1971,,
sun,rashi,Aries,1972-03-12T23:33:59.062500+00:00,1972,,
sun,rashi,Pisces,1972-09-14T00:19:41.250000+00:00,1972,,
sun,rashi,Aries,1973-03-14T15:10:32.812500+00:00,1973,,
sun,rashi,Pisces,1973-09-18T02:10:46.875000+00:00,1973,,
sun,rashi,Aries,1974-03-16T05:12:11.250000+00:00,1974,,
sun,rashi,Pisces,1974-09-16T11:58:35.625000+00:00,1974,,
sun,rashi,Aries,1975-03-14T19:34:13.125000+00:00,1975,,
sun,rashi,Pisces,1975-09-22T06:26:00.937500+00:00,1975,,
sun,rashi,Aries,1976-03-17T16:44:03.750000+00:00,1976,,
sun,rashi,Pisces,1976-09-16T05:08:40.312500+00:00,1976,,
sun,rashi,Aries,1977-03-13T02:59:17.812500+00:00,1977,,
sun,rashi,Pisces,1977-09-20T00:54:08.437500+00:00,1977,,
sun,rashi,Aries,1978-03-18T07:08:54.375000+00:00,1978,,
sun,rashi,Pisces,1978-09-17T05:48:45+00:00,1978,,
sun,rashi,Aries,1979-03-14T01:57:25.312500+00:00,1979,,
sun,rashi,Pisces,1979-09-13T08:14:17.812500+00:00,1979,,
sun,rashi,Aries,1980-03-12T11:00:56.250000+00:00,1980,,
sun,rashi,Pisces,1980-09-19T10:27:11.250000+00:00,1980,,
sun,rashi,Aries,1981-03-15T20:34:41.250000+00:00,1981,,
sun,rashi,Pisces,1981-09-14T09:23:54.375000+00:00,1981,,
sun,rashi,Aries,1982-03-13T04:03:59.062500+00:00,1982,,
sun,rashi,Pisces,1982-09-21T14:36:05.625000+00:00,1982,,
sun,rashi,Aries,1983-03-18T18:28:49.687500+00:00,1983,,
sun,rashi,Pisces,1983-09-16T17:49:27.187500+00:00,1983,,
sun,rashi,Aries,1984-03-12T18:53:26.250000+00:00,1984,,
sun,rashi,Pisces,1984-09-21T22:49:41.250000+00:00,1984,,
sun,rashi,Aries,1985-03-20T13:27:11.250000+00:00,1985,,
sun,rashi,Pisces,1985-09-18T00:33:02.812500+00:00,1985,,
sun,rashi,Aries,1986-03-14T23:12:53.437500+00:00,1986,,
sun,rashi,Pisces,1986-09-14T21:33:02.812500+00:00,1986,,
sun,rashi,Aries,1986-09-21T07:03:59.062500+00:00,1986,,
sun,rashi,Pisces,1986-09-24T19:58:07.500000+00:00,1986,,
sun,rashi,Aries,1987-03-09T12:50:37.500000+00:00,1987,,
sun,rashi,Pisces,1987-09-20T18:38:40.312500+00:00,1987,,
sun,rashi,Aries,1988-03-16T00:18:59.062500+00:00,1988,,
sun,rashi,Pisces,1988-09-12T16:11:43.125000+00:00,1988,,
sun,rashi,Aries,1989-03-08T13:29:17.812500+00:00,1989,,
sun,rashi,Pisces,1989-09-06T01:03:16.875000+00:00,1989,,
sun,rashi,Aries,1989-09-14T03:21:05.625000+00:00,1989,,
sun,rashi,Pisces,1989-09-20T00:02:06.562500+00:00,1989,,
sun,rashi,Aries,1990-03-20T00:00:00+00:00,1990,,
sun,rashi,Pisces,1990-09-15T21:46:24.375000+00:00,1990,,
sun,rashi,Aries,1991-03-13T10:44:03.750000+00:00,1991,,
sun,rashi,Pisces,1991-09-28T15:23:54.375000+00:00,1991,,
sun,rashi,Aries,1992-03-24T02:06:33.750000+00:00,1992,,
sun,rashi,Pisces,1992-09-20T22:08:54.375000+00:00,1992,,
sun,rashi,Aries,1993-03-17T05:10:04.687500+00:00,1993,,
sun,rashi,Pisces,1993-09-12T15:23:54.375000+00:00,1993,,
sun,rashi,Aries,1993-09-20T06:51:19.687500+00:00,1993,,
sun,rashi,Pisces,1993-10-01T19:25:04.687500+00:00,1993,,
sun,rashi,Aries,1994-03-07T19:41:57.187500+00:00,1994,,
sun,rashi,Pisces,1994-03-16T22:04:41.250000+00:00,1994,,
sun,rashi,Aries,1994-03-27T18:14:03.750000+00:00,1994,,
sun,rashi,Pisces,1994-09-22T23:07:58.125000+00:00,1994,,
sun,rashi,Aries,1995-02-24T20:47:20.625000+00:00,1995,,
sun,rashi,Pisces,1995-03-04T02:55:46.875000+00:00,1995,,
sun,rashi,Aries,1995-03-18T00:23:12.187500+00:00,1995,,
sun,rashi,Pisces,1995-08-21T21:47:48.750000+00:00,1995,,
sun,rashi,Aries,1995-08-27T00:50:37.500000+00:00,1995,,
sun,rashi,Pisces,1995-09-11T12:51:19.687500+00:00,1995,,
sun,rashi,Aries,1996-03-07T13:51:47.812500+00:00,1996,,
sun,rashi,Pisces,1996-09-01T14:20:37.500000+00:00,1996,,
sun,rashi,Aries,1996-09-15T20:00:14.062500+00:00,1996,,
sun,rashi,Pisces,1996-09-24T01:31:24.375000+00:00,1996,,
sun,rashi,Aries,1997-02-26T08:57:53.437500+00:00,1997,,
sun,rashi,Pisces,1997-03-10T11:42:25.312500+00:00,1997,,
sun,rashi,Aries,1997-03-20T14:27:39.375000+00:00,1997,,
sun,rashi,Pisces,1997-08-24T00:09:08.437500+00:00,1997,,
sun,rashi,Aries,1997-08-31T08:52:15.937500+00:00,1997,,
sun,rashi,Pisces,1997-09-15T23:55:46.875000+00:00,1997,,
sun,rashi,Aries,1998-03-14T06:17:34.687500+00:00,1998,,
sun,rashi,Pisces,1998-03-25T22:53:54.375000+00:00,1998,,
sun,rashi,Aries,1998-04-07T05:19:55.312500+00:00,1998,,
sun,rashi,Pisces,1998-04-26T16:30:00+00:00,1998,,
sun,rashi,Aries,1998-04-30T05:48:45+00:00,1998,,
sun,rashi,Pisces,1998-09-08T08:45:56.250000+00:00,1998,,
sun,rashi,Aries,1998-09-16T14:38:12.187500+00:00,1998,,
sun,rashi,Pisces,1998-10-03T06:42:53.437500+00:00,1998,,
sun,rashi,Aries,1998-10-16T18:33:45+00:00,1998,,
sun,rashi,Pisces,1998-10-28T06:42:53.437500+00:00,1998,,
sun,rashi,Aries,1998-11-15T13:56:00.937500+00:00,1998,,
sun,rashi,Pisces,1998-11-22T01:44:03.750000+00:00,1998,,
sun,rashi,Aries,1999-01-11T06:56:57.187500+00:00,1999,,
sun,rashi,Pisces,1999-01-13T15:11:57.187500+00:00,1999,,
sun,rashi,Aries,1999-02-05T17:15:42.187500+00:00,1999,,
sun,rashi,Pisces,1999-02-12T03:42:53.437500+00:00,1999,,
sun,rashi,Aries,1999-03-03T08:12:11.250000+00:00,1999,,
sun,rashi,Pisces,1999-03-13T12:04:13.125000+00:00,1999,,
sun,rashi,Aries,1999-03-28T19:30:42.187500+00:00,1999,,
sun,rashi,Pisces,1999-04-11T18:33:02.812500+00:00,1999,,
sun,rashi,Aries,1999-04-23T03:04:13.125000+00:00,1999,,
sun,rashi,Pisces,1999-05-10T20:31:10.312500+00:00,1999,,
sun,rashi,Aries,1999-05-18T13:54:36.562500+00:00,1999,,
sun,rashi,Pisces,1999-06-08T12:10:32.812500+00:00,1999,,
sun,rashi,Aries,1999-06-13T13:34:55.312500+00:00,1999,,
sun,rashi,Pisces,1999-08-01T18:18:16.875000+00:00,1999,,
sun,rashi,Aries,1999-08-07T18:26:43.125000+00:00,1999,,
sun,rashi,Pisces,1999-08-28T13:43:21.562500+00:00,1999,,
sun,rashi,Aries,1999-09-04T07:51:05.625000+00:00,1999,,
sun,rashi,Pisces,1999-09-25T07:59:31.875000+00:00,1999,,
sun,rashi,Aries,1999-09-30T22:27:53.437500+00:00,1999,,
sun,rashi,Pisces,1999-10-22T22:44:45.937500+00:00,1999,,
sun,rashi,Aries,1999-10-27T17:52:58.125000+00:00,1999,,
sun,rashi,Pisces,1999-11-18T14:10:46.875000+00:00,1999,,
sun,rashi,Aries,1999-11-24T12:33:45+00:00,1999,,
sun,rashi,Pisces,1999-12-14T16:50:23.437500+00:00,1999,,
sun,rashi,Aries,1999-12-22T21:39:22.500000+00:00,1999,,
sun,rashi,Pisces,2000-01-09T18:16:10.312500+00:00,2000,,
sun,rashi,Aries,2000-01-20T12:08:26.250000+00:00,2000,,
sun,rashi,Pisces,2000-02-04T20:13:35.625000+00:00,2000,,
sun,rashi,Aries,2000-02-18T03:54:50.625000+00:00,2000,,
sun,rashi,Pisces,2000-03-01T20:36:05.625000+00:00,2000,,
sun,rashi,Aries,2000-03-17T16:52:30+00:00,2000,,
sun,rashi,Pisces,2000-03-27T18:16:52.500000+00:00,2000,,
sun,rashi,Aries,2000-04-15T00:19:41.250000+00:00,2000,,
sun,rashi,Pisces,2000-04-22T16:25:46.875000+00:00,2000,,
sun,rashi,Aries,2000-05-12T21:59:45.937500+00:00,2000,,
sun,rashi,Pisces,2000-05-19T01:14:31.875000+00:00,2000,,
sun,rashi,Aries,2000-06-09T02:05:09.375000+00:00,2000,,
sun,rashi,Pisces,2000-06-15T10:29:17.812500+00:00,2000,,
sun,rashi,Aries,2000-07-05T16:03:16.875000+00:00,2000,,
sun,rashi,Pisces,2000-07-13T17:03:45+00:00,2000,,
sun,rashi,Aries,2000-07-31T23:38:12.187500+00:00,2000,,
sun,rashi,Pisces,2000-08-11T10:39:08.437500+00:00,2000,,
sun,rashi,Aries,2000-08-27T00:25:18.750000+00:00,2000,,
sun,rashi,Pisces,2000-09-09T10:37:44.062500+00:00,2000,,
sun,rashi,Aries,2000-09-21T15:53:26.250000+00:00,2000,,
sun,rashi,Pisces,2000-10-08T12:25:18.750000+00:00,2000,,
sun,rashi,Aries,2000-10-17T02:26:15+00:00,2000,,
sun,rashi,Pisces,2000-11-06T08:42:25.312500+00:00,2000,,
sun,rashi,Aries,2000-11-11T20:18:30.937500+00:00,2000,,
sun,rashi,Pisces,2000-12-04T09:39:22.500000+00:00,2000,,
sun,rashi,Aries,2000-12-08T14:15:42.187500+00:00,2000,,
sun,rashi,Pisces,2000-12-31T02:15:42.187500+00:00,2000,,
sun,rashi,Aries,2001-01-05T19:46:52.500000+00:00,2001,,
sun,rashi,Pisces,2001-01-26T00:56:15+00:00,2001,,
sun,rashi,Aries,2001-02-03T17:21:19.687500+00:00,2001,,
sun,rashi,Pisces,2001-02-20T14:03:45+00:00,2001,,
sun,rashi,Aries,2001-03-04T19:37:01.875000+00:00,2001,,
sun,rashi,Pisces,2001-03-17T15:03:30.937500+00:00,2001,,
sun,rashi,Aries,2001-04-03T20:50:51.562500+00:00,2001,,
sun,rashi,Pisces,2001-04-10T12:27:25.312500+00:00,2001,,
sun,rashi,Aries,2001-09-13T11:07:58.125000+00:00,2001,,
sun,rashi,Pisces,2001-09-24T12:02:06.562500+00:00,2001,,
sun,rashi,Aries,2001-10-07T00:23:12.187500+00:00,2001,,
sun,rashi,Pisces,2002-03-08T23:41:43.125000+00:00,2002,,
sun,rashi,Aries,2002-03-21T02:22:44.062500+00:00,2002,,
sun,rashi,Pisces,2002-04-01T04:58:49.687500+00:00,2002,,
sun,rashi,Aries,2002-09-03T18:34:27.187500+00:00,2002,,
sun,rashi,Pisces,2002-09-11T13:53:54.375000+00:00,2002,,
sun,rashi,Aries,2002-09-26T17:14:17.812500+00:00,2002,,
sun,rashi,Pisces,2002-10-15T00:06:19.687500+00:00,2002,,
sun,rashi,Aries,2002-10-18T04:30:42.187500+00:00,2002,,
sun,rashi,Pisces,2003-03-22T20:37:30+00:00,2003,,
sun,rashi,Aries,2003-09-17T13:06:05.625000+00:00,2003,,
sun,rashi,Pisces,2003-10-01T07:44:45.937500+00:00,2003,,
sun,rashi,Aries,2003-10-08T15:38:40.312500+00:00,2003,,
sun,rashi,Pisces,2004-03-12T07:52:30+00:00,2004,,
sun,rashi,Aries,2004-03-26T22:44:03.750000+00:00,2004,,
sun,rashi,Pisces,2004-04-02T05:26:15+00:00,2004,,
sun,rashi,Aries,2004-09-07T04:37:44.062500+00:00,2004,,
sun,rashi,Pisces,2004-09-17T03:55:32.812500+00:00,2004,,
sun,rashi,Aries,2004-09-27T18:06:19.687500+00:00,2004,,
sun,rashi,Pisces,2005-03-05T05:43:07.500000+00:00,2005,,
sun,rashi,Aries,2005-03-10T06:49:55.312500+00:00,2005,,
sun,rashi,Pisces,2005-03-24T21:27:25.312500+00:00,2005,,
sun,rashi,Aries,2005-09-19T15:06:19.687500+00:00,2005,,
sun,rashi,Pisces,2006-03-15T01:58:07.500000+00:00,2006,,
sun,rashi,Aries,2006-09-11T09:07:01.875000+00:00,2006,,
sun,rashi,Pisces,2006-09-25T01:32:06.562500+00:00,2006,,
sun,rashi,Aries,2006-09-29T14:13:35.625000+00:00,2006,,
sun,rashi,Pisces,2007-03-08T09:53:26.250000+00:00,2007,,
sun,rashi,Aries,2007-03-19T06:09:50.625000+00:00,2007,,
sun,rashi,Pisces,2007-03-26T07:51:05.625000+00:00,2007,,
sun,rashi,Aries,2007-09-22T02:48:45+00:00,2007,,
sun,rashi,Pisces,2008-03-17T09:11:15+00:00,2008,,
sun,rashi,Aries,2008-09-13T17:12:53.437500+00:00,2008,,
sun,rashi,Pisces,2009-03-09T11:34:41.250000+00:00,2009,,
sun,rashi,Aries,2009-09-07T19:39:08.437500+00:00,2009,,
sun,rashi,Pisces,2009-09-14T13:08:12.187500+00:00,2009,,
sun,rashi,Aries,2009-09-22T02:29:03.750000+00:00,2009,,
sun,rashi,Pisces,2010-03-19T05:11:29.062500+00:00,2010,,
sun,rashi,Aries,2010-09-15T13:27:11.250000+00:00,2010,,
sun,rashi,Pisces,2011-03-14T05:18:30.937500+00:00,2011,,
sun,rashi,Aries,2011-09-12T15:43:35.625000+00:00,2011,,
sun,rashi,Pisces,2012-03-21T19:47:34.687500+00:00,2012,,
sun,rashi,Aries,2012-09-20T02:31:10.312500+00:00,2012,,
sun,rashi,Pisces,2013-03-17T10:19:27.187500+00:00,2013,,
sun,rashi,Aries,2013-09-16T00:18:59.062500+00:00,2013,,
sun,rashi,Pisces,2014-03-11T00:16:52.500000+00:00,2014,,
sun,rashi,Aries,2014-09-22T07:15:14.062500+00:00,2014,,
sun,rashi,Pisces,2015-03-18T16:15:56.250000+00:00,2015,,
sun,rashi,Aries,2015-09-14T23:17:48.750000+00:00,2015,,
sun,rashi,Pisces,2016-03-11T01:25:04.687500+00:00,2016,,
sun,rashi,Aries,2016-09-11T01:23:40.312500+00:00,2016,,
sun,rashi,Pisces,2017-03-17T06:07:44.062500+00:00,2017,,
sun,rashi,Aries,2017-09-17T08:02:20.625000+00:00,2017,,
sun,rashi,Pisces,2018-03-14T19:46:10.312500+00:00,2018,,
sun,rashi,Aries,2018-09-14T06:19:41.250000+00:00,2018,,
sun,rashi,Pisces,2019-03-20T02:51:33.750000+00:00,2019,,
sun,rashi,Aries,2019-09-21T18:09:08.437500+00:00,2019,,
sun,rashi,Pisces,2020-03-17T03:06:19.687500+00:00,2020,,
sun,rashi,Aries,2020-09-16T04:31:24.375000+00:00,2020,,
sun,rashi,Pisces,2021-03-13T18:25:18.750000+00:00,2021,,
sun,rashi,Aries,2021-09-21T11:43:49.687500+00:00,2021,,
sun,rashi,Pisces,2022-03-17T14:07:15.937500+00:00,2022,,
sun,rashi,Aries,2022-09-16T01:32:06.562500+00:00,2022,,
sun,rashi,Pisces,2023-03-13T15:43:35.625000+00:00,2023,,
sun,rashi,Aries,2023-09-14T06:59:45.937500+00:00,2023,,
sun,rashi,Pisces,2024-03-17T05:31:52.500000+00:00,2024,,
sun,rashi,Aries,2024-09-17T18:41:29.062500+00:00,2024,,
sun,rashi,Pisces,2025-03-14T18:35:09.375000+00:00,2025,,
sun,rashi,Aries,2025-09-15T04:41:57.187500+00:00,2025,,
sun,nakshatra,,1900-03-15T04:41:57.187500+00:00,1900,Ashwini,1.0
sun,nakshatra,,1900-09-16T15:11:15+00:00,1900,Revati,4.0
sun,nakshatra,,1901-03-14T08:15:00+00:00,1901,Ashwini,1.0
sun,nakshatra,,1901-09-17T02:15:42.187500+00:00,1901,Revati,4.0
sun,nakshatra,,1902-03-15T20:06:33.750000+00:00,1902,Ashwini,1.0
sun,nakshatra,,1902-09-18T03:55:32.812500+00:00,1902,Revati,4.0
sun,nakshatra,,1903-03-15T17:52:58.125000+00:00,1903,Ashwini,1.0
sun,nakshatra,,1903-09-17T18:54:08.437500+00:00,1903,Revati,4.0
sun,nakshatra,,1904-03-14T18:10:32.812500+00:00,1904,Ashwini,1.0
sun,nakshatra,,1904-09-18T04:32:06.562500+00:00,1904,Revati,4.0
sun,nakshatra,,1905-03-15T21:25:18.750000+00:00,1905,Ashwini,1.0
sun,nakshatra,,1905-09-16T13:30:42.187500+00:00,1905,Revati,4.0
sun,nakshatra,,1906-03-14T05:41:43.125000+00:00,1906,Ashwini,1.0
sun,nakshatra,,1906-09-17T16:27:53.437500+00:00,1906,Revati,4.0
sun,nakshatra,,1907-03-15T20:15:00+00:00,1907,Ashwini,1.0
sun,nakshatra,,1907-09-17T10:46:52.500000+00:00,1907,Revati,4.0
sun,nakshatra,,1908-03-14T04:04:41.250000+00:00,1908,Ashwini,1.0
sun,nakshatra,,1908-09-17T02:22:01.875000+00:00,1908,Revati,4.0
sun,nakshatra,,1909-03-15T05:16:24.375000+00:00,1909,Ashwini,1.0
sun,nakshatra,,1909-09-18T02:26:57.187500+00:00,1909,Revati,4.0
sun,nakshatra,,1910-03-15T22:22:58.125000+00:00,1910,Ashwini,1.0
sun,nakshatra,,1910-09-17T06:45:42.187500+00:00,1910,Revati,4.0
sun,nakshatra,,1911-03-15T08:12:11.250000+00:00,1911,Ashwini,1.0
sun,nakshatra,,1911-09-19T00:49:55.312500+00:00,1911,Revati,4.0
sun,nakshatra,,1912-03-15T17:04:27.187500+00:00,1912,Ashwini,1.0
sun,nakshatra,,1912-09-16T11:30:28.125000+00:00,1912,Revati,4.0
sun,nakshatra,,1913-03-14T07:40:32.812500+00:00,1913,Ashwini,1.0
sun,nakshatra,,1913-09-17T10:28:35.625000+00:00,1913,Revati,4.0
sun,nakshatra,,1914-03-15T18:18:16.875000+00:00,1914,Ashwini,1.0
sun,nakshatra,,1914-09-17T18:19:41.250000+00:00,1914,Revati,4.0
sun,nakshatra,,1915-03-15T04:21:33.750000+00:00,1915,Ashwini,1.0
sun,nakshatra,,1915-09-17T06:43:35.625000+00:00,1915,Revati,4.0
sun,nakshatra,,1916-03-14T13:22:58.125000+00:00,1916,Ashwini,1.0
sun,nakshatra,,1916-09-17T23:30:28.125000+00:00,1916,Revati,4.0
sun,nakshatra,,1917-03-15T11:21:19.687500+00:00,1917,Ashwini,1.0
sun,nakshatra,,1917-09-16T09:04:13.125000+00:00,1917,Revati,4.0
sun,nakshatra,,1918-03-14T16:57:25.312500+00:00,1918,Ashwini,1.0
sun,nakshatra,,1918-09-18T09:38:40.312500+00:00,1918,Revati,4.0
sun,nakshatra,,1919-03-16T11:15:42.187500+00:00,1919,Ashwini,1.0
sun,nakshatra,,1919-09-17T16:46:10.312500+00:00,1919,Revati,4.0
sun,nakshatra,,1920-03-14T08:57:11.250000+00:00,1920,Ashwini,1.0
sun,nakshatra,,1920-09-17T21:25:18.750000+00:00,1920,Revati,4.0
sun,nakshatra,,1921-03-16T05:32:34.687500+00:00,1921,Ashwini,1.0
sun,nakshatra,,1921-09-17T22:00:28.125000+00:00,1921,Revati,4.0
sun,nakshatra,,1922-03-15T07:27:11.250000+00:00,1922,Ashwini,1.0
sun,nakshatra,,1922-09-16T23:12:53.437500+00:00,1922,Revati,4.0
sun,nakshatra,,1923-03-15T00:42:53.437500+00:00,1923,Ashwini,1.0
sun,nakshatra,,1923-09-18T09:11:57.187500+00:00,1923,Revati,4.0
sun,nakshatra,,1924-03-15T03:57:39.375000+00:00,1924,Ashwini,1.0
sun,nakshatra,,1924-09-16T01:44:03.750000+00:00,1924,Revati,4.0
sun,nakshatra,,1925-03-13T19:54:36.562500+00:00,1925,Ashwini,1.0
sun,nakshatra,,1925-09-17T21:23:12.187500+00:00,1925,Revati,4.0
sun,nakshatra,,1926-03-16T13:11:00.937500+00:00,1926,Ashwini,1.0
sun,nakshatra,,1926-09-17T19:51:47.812500+00:00,1926,Revati,4.0
sun,nakshatra,,1927-03-15T08:21:19.687500+00:00,1927,Ashwini,1.0
sun,nakshatra,,1927-09-18T21:28:07.500000+00:00,1927,Revati,4.0
sun,nakshatra,,1928-03-15T20:02:20.625000+00:00,1928,Ashwini,1.0
sun,nakshatra,,1928-09-18T00:20:23.437500+00:00,1928,Revati,4.0
sun,nakshatra,,1929-03-15T11:07:58.125000+00:00,1929,Ashwini,1.0
sun,nakshatra,,1929-09-16T03:06:19.687500+00:00,1929,Revati,4.0
sun,nakshatra,,1930-03-14T03:47:06.562500+00:00,1930,Ashwini,1.0
sun,nakshatra,,1930-09-18T06:26:00.937500+00:00,1930,Revati,4.0
sun,nakshatra,,1931-03-15T23:08:40.312500+00:00,1931,Ashwini,1.0
sun,nakshatra,,1931-09-16T14:03:45+00:00,1931,Revati,4.0
sun,nakshatra,,1932-03-13T12:02:48.750000+00:00,1932,Ashwini,1.0
sun,nakshatra,,1932-09-18T01:11:00.937500+00:00,1932,Revati,4.0
sun,nakshatra,,1933-03-16T04:08:54.375000+00:00,1933,Ashwini,1.0
sun,nakshatra,,1933-09-17T14:31:10.312500+00:00,1933,Revati,4.0
sun,nakshatra,,1934-03-15T11:09:22.500000+00:00,1934,Ashwini,1.0
sun,nakshatra,,1934-09-17T14:59:17.812500+00:00,1934,Revati,4.0
sun,nakshatra,,1935-03-16T05:50:51.562500+00:00,1935,Ashwini,1.0
sun,nakshatra,,1935-09-19T00:47:48.750000+00:00,1935,Revati,4.0
sun,nakshatra,,1936-03-15T13:52:30+00:00,1936,Ashwini,1.0
sun,nakshatra,,1936-09-16T04:33:30.937500+00:00,1936,Revati,4.0
sun,nakshatra,,1937-03-14T09:27:25.312500+00:00,1937,Ashwini,1.0
sun,nakshatra,,1937-09-18T11:55:46.875000+00:00,1937,Revati,4.0
sun,nakshatra,,1938-03-16T08:09:22.500000+00:00,1938,Ashwini,1.0
sun,nakshatra,,1938-09-17T07:23:40.312500+00:00,1938,Revati,4.0
sun,nakshatra,,1939-03-14T14:19:13.125000+00:00,1939,Ashwini,1.0
sun,nakshatra,,1939-09-18T17:36:47.812500+00:00,1939,Revati,4.0
sun,nakshatra,,1940-03-15T19:56:00.937500+00:00,1940,Ashwini,1.0
sun,nakshatra,,1940-09-17T12:55:32.812500+00:00,1940,Revati,4.0
sun,nakshatra,,1941-03-14T16:44:45.937500+00:00,1941,Ashwini,1.0
sun,nakshatra,,1941-09-15T22:01:10.312500+00:00,1941,Revati,4.0
sun,nakshatra,,1942-03-15T05:41:43.125000+00:00,1942,Ashwini,1.0
sun,nakshatra,,1942-09-18T16:06:47.812500+00:00,1942,Revati,4.0
sun,nakshatra,,1943-03-16T08:42:25.312500+00:00,1943,Ashwini,1.0
sun,nakshatra,,1943-09-17T05:04:27.187500+00:00,1943,Revati,4.0
sun,nakshatra,,1944-03-14T01:21:33.750000+00:00,1944,Ashwini,1.0
sun,nakshatra,,1944-09-19T02:41:00.937500+00:00,1944,Revati,4.0
sun,nakshatra,,1945-03-16T23:50:51.562500+00:00,1945,Ashwini,1.0
sun,nakshatra,,1945-09-17T07:33:30.937500+00:00,1945,Revati,4.0
sun,nakshatra,,1946-03-14T14:00:56.250000+00:00,1946,Ashwini,1.0
sun,nakshatra,,1946-09-17T20:44:31.875000+00:00,1946,Revati,4.0
sun,nakshatra,,1947-03-15T23:17:48.750000+00:00,1947,Ashwini,1.0
sun,nakshatra,,1947-09-17T17:17:06.562500+00:00,1947,Revati,4.0
sun,nakshatra,,1948-03-14T09:45:42.187500+00:00,1948,Ashwini,1.0
sun,nakshatra,,1948-09-15T06:07:44.062500+00:00,1948,Revati,4.0
sun,nakshatra,,1949-03-13T12:08:26.250000+00:00,1949,Ashwini,1.0
sun,nakshatra,,1949-09-18T11:28:21.562500+00:00,1949,Revati,4.0
sun,nakshatra,,1950-03-16T18:39:22.500000+00:00,1950,Ashwini,1.0
sun,nakshatra,,1950-09-17T04:03:59.062500+00:00,1950,Revati,4.0
sun,nakshatra,,1951-03-14T22:11:00.937500+00:00,1951,Ashwini,1.0
sun,nakshatra,,1951-09-20T21:49:55.312500+00:00,1951,Revati,4.0
sun,nakshatra,,1952-03-17T09:12:39.375000+00:00,1952,Ashwini,1.0
sun,nakshatra,,1952-09-17T14:24:08.437500+00:00,1952,Revati,4.0
sun,nakshatra,,1953-03-14T20:51:33.750000+00:00,1953,Ashwini,1.0
sun,nakshatra,,1953-09-16T05:07:15.937500+00:00,1953,Revati,4.0
sun,nakshatra,,1954-03-15T09:13:21.562500+00:00,1954,Ashwini,1.0
sun,nakshatra,,1954-09-18T06:41:29.062500+00:00,1954,Revati,4.0
sun,nakshatra,,1955-03-15T14:05:09.375000+00:00,1955,Ashwini,1.0
sun,nakshatra,,1955-09-15T19:34:13.125000+00:00,1955,Revati,4.0
sun,nakshatra,,1956-03-13T01:41:57.187500+00:00,1956,Ashwini,1.0
sun,nakshatra,,1956-09-19T02:06:33.750000+00:00,1956,Revati,4.0
sun,nakshatra,,1957-03-16T10:40:32.812500+00:00,1957,Ashwini,1.0
sun,nakshatra,,1957-09-16T14:52:15.937500+00:00,1957,Revati,4.0
sun,nakshatra,,1958-03-14T14:54:22.500000+00:00,1958,Ashwini,1.0
sun,nakshatra,,1958-09-19T16:24:22.500000+00:00,1958,Revati,4.0
sun,nakshatra,,1959-03-17T18:47:06.562500+00:00,1959,Ashwini,1.0
sun,nakshatra,,1959-09-18T08:38:54.375000+00:00,1959,Revati,4.0
sun,nakshatra,,1960-03-14T15:45:00+00:00,1960,Ashwini,1.0
sun,nakshatra,,1960-09-15T19:33:30.937500+00:00,1960,Revati,4.0
sun,nakshatra,,1961-03-15T12:40:04.687500+00:00,1961,Ashwini,1.0
sun,nakshatra,,1961-09-18T20:26:57.187500+00:00,1961,Revati,4.0
sun,nakshatra,,1962-03-16T03:22:30+00:00,1962,Ashwini,1.0
sun,nakshatra,,1962-09-16T12:43:35.625000+00:00,1962,Revati,4.0
sun,nakshatra,,1963-03-13T16:04:41.250000+00:00,1963,Ashwini,1.0
sun,nakshatra,,1963-09-19T21:42:11.250000+00:00,1963,Revati,4.0
sun,nakshatra,,1964-03-16T09:11:57.187500+00:00,1964,Ashwini,1.0
sun,nakshatra,,1964-09-16T06:42:53.437500+00:00,1964,Revati,4.0
sun,nakshatra,,1965-03-13T04:40:32.812500+00:00,1965,Ashwini,1.0
sun,nakshatra,,1965-09-15T23:16:24.375000+00:00,1965,Revati,4.0
sun,nakshatra,,1966-03-17T12:47:48.750000+00:00,1966,Ashwini,1.0
sun,nakshatra,,1966-09-17T23:33:16.875000+00:00,1966,Revati,4.0
sun,nakshatra,,1967-03-15T16:33:30.937500+00:00,1967,Ashwini,1.0
sun,nakshatra,,1967-09-17T12:18:16.875000+00:00,1967,Revati,4.0
sun,nakshatra,,1968-03-15T20:30:28.125000+00:00,1968,Ashwini,1.0
sun,nakshatra,,1968-09-20T05:50:09.375000+00:00,1968,Revati,4.0
sun,nakshatra,,1969-03-17T09:56:57.187500+00:00,1969,Ashwini,1.0
sun,nakshatra,,1969-09-16T08:43:49.687500+00:00,1969,Revati,4.0
sun,nakshatra,,1970-03-13T12:11:57.187500+00:00,1970,Ashwini,1.0
sun,nakshatra,,1970-09-20T15:09:08.437500+00:00,1970,Revati,4.0
sun,nakshatra,,1971-03-17T12:17:34.687500+00:00,1971,Ashwini,1.0
sun,nakshatra,,1971-09-16T11:29:03.750000+00:00,1971,Revati,4.0
sun,nakshatra,,1972-03-12T23:33:59.062500+00:00,1972,Ashwini,1.0
sun,nakshatra,,1972-09-14T00:19:41.250000+00:00,1972,Revati,4.0
sun,nakshatra,,1973-03-14T15:10:32.812500+00:00,1973,Ashwini,1.0
sun,nakshatra,,1973-09-18T02:10:46.875000+00:00,1973,Revati,4.0
sun,nakshatra,,1974-03-16T05:12:11.250000+00:00,1974,Ashwini,1.0
sun,nakshatra,,1974-09-16T11:58:35.625000+00:00,1974,Revati,4.0
sun,nakshatra,,1975-03-14T19:34:13.125000+00:00,1975,Ashwini,1.0
sun,nakshatra,,1975-09-22T06:26:00.937500+00:00,1975,Revati,4.0
sun,nakshatra,,1976-03-17T16:44:03.750000+00:00,1976,Ashwini,1.0
sun,nakshatra,,1976-09-16T05:08:40.312500+00:00,1976,Revati,4.0
sun,nakshatra,,1977-03-13T02:59:17.812500+00:00,1977,Ashwini,1.0
sun,nakshatra,,1977-09-20T00:54:08.437500+00:00,1977,Revati,4.0
sun,nakshatra,,1978-03-18T07:08:54.375000+00:00,1978,Ashwini,1.0
sun,nakshatra,,1978-09-17T05:48:45+00:00,1978,Revati,4.0
sun,nakshatra,,1979-03-14T01:57:25.312500+00:00,1979,Ashwini,1.0
sun,nakshatra,,1979-09-13T08:14:17.812500+00:00,1979,Revati,4.0
sun,nakshatra,,1980-03-12T11:00:56.250000+00:00,1980,Ashwini,1.0
sun,nakshatra,,1980-09-19T10:27:11.250000+00:00,1980,Revati,4.0
sun,nakshatra,,1981-03-15T20:34:41.250000+00:00,1981,Ashwini,1.0
sun,nakshatra,,1981-09-14T09:23:54.375000+00:00,1981,Revati,4.0
sun,nakshatra,,1982-03-13T04:03:59.062500+00:00,1982,Ashwini,1.0
sun,nakshatra,,1982-09-21T14:36:05.625000+00:00,1982,Revati,4.0
sun,nakshatra,,1983-03-18T18:28:49.687500+00:00,1983,Ashwini,1.0
sun,nakshatra,,1983-09-16T17:49:27.187500+00:00,1983,Revati,4.0
sun,nakshatra,,1984-03-12T18:53:26.250000+00:00,1984,Ashwini,1.0
sun,nakshatra,,1984-09-21T22:49:41.250000+00:00,1984,Revati,4.0
sun,nakshatra,,1985-03-20T13:27:11.250000+00:00,1985,Ashwini,1.0
sun,nakshatra,,1985-09-18T00:33:02.812500+00:00,1985,Revati,4.0
sun,nakshatra,,1986-03-14T23:12:53.437500+00:00,1986,Ashwini,1.0
sun,nakshatra,,1986-09-14T21:33:02.812500+00:00,1986,Revati,4.0
sun,nakshatra,,1986-09-21T07:03:59.062500+00:00,1986,Ashwini,1.0
sun,nakshatra,,1986-09-24T19:58:07.500000+00:00,1986,Revati,4.0
sun,nakshatra,,1987-03-09T12:50:37.500000+00:00,1987,Ashwini,1.0
sun,nakshatra,,1987-09-20T18:38:40.312500+00:00,1987,Revati,4.0
sun,nakshatra,,1988-03-16T00:18:59.062500+00:00,1988,Ashwini,1.0
sun,nakshatra,,1988-09-12T16:11:43.125000+00:00,1988,Revati,4.0
sun,nakshatra,,1989-03-08T13:29:17.812500+00:00,1989,Ashwini,1.0
sun,nakshatra,,1989-09-06T01:03:16.875000+00:00,1989,Revati,4.0
sun,nakshatra,,1989-09-14T03:21:05.625000+00:00,1989,Ashwini,1.0
sun,nakshatra,,1989-09-20T00:02:06.562500+00:00,1989,Revati,4.0
sun,nakshatra,,1990-03-20T00:00:00+00:00,1990,Ashwini,1.0
sun,nakshatra,,1990-09-15T21:46:24.375000+00:00,1990,Revati,4.0
sun,nakshatra,,1991-03-13T10:44:03.750000+00:00,1991,Ashwini,1.0
sun,nakshatra,,1991-09-28T15:23:54.375000+00:00,1991,Revati,4.0
sun,nakshatra,,1992-03-24T02:06:33.750000+00:00,1992,Ashwini,1.0
sun,nakshatra,,1992-09-20T22:08:54.375000+00:00,1992,Revati,4.0
sun,nakshatra,,1993-03-17T05:10:04.687500+00:00,1993,Ashwini,1.0
sun,nakshatra,,1993-09-12T15:23:54.375000+00:00,1993,Revati,4.0
sun,nakshatra,,1993-09-20T06:51:19.687500+00:00,1993,Ashwini,1.0
sun,nakshatra,,1993-10-01T19:25:04.687500+00:00,1993,Revati,4.0
sun,nakshatra,,1994-03-07T19:41:57.187500+00:00,1994,Ashwini,1.0
sun,nakshatra,,1994-03-16T22:04:41.250000+00:00,1994,Revati,4.0
sun,nakshatra,,1994-03-27T18:14:03.750000+00:00,1994,Ashwini,1.0
sun,nakshatra,,1994-09-22T23:07:58.125000+00:00,1994,Revati,4.0
sun,nakshatra,,1995-02-24T20:47:20.625000+00:00,1995,Ashwini,1.0
sun,nakshatra,,1995-03-04T02:55:46.875000+00:00,1995,Revati,4.0
sun,nakshatra,,1995-03-18T00:23:12.187500+00:00,1995,Ashwini,1.0
sun,nakshatra,,1995-08-21T21:47:48.750000+00:00,1995,Revati,4.0
sun,nakshatra,,1995-08-27T00:50:37.500000+00:00,1995,Ashwini,1.0
sun,nakshatra,,1995-09-11T12:51:19.687500+00:00,1995,Revati,4.0
sun,nakshatra,,1996-03-07T13:51:47.812500+00:00,1996,Ashwini,1.0
sun,nakshatra,,1996-09-01T14:20:37.500000+00:00,1996,Revati,4.0
sun,nakshatra,,1996-09-15T20:00:14.062500+00:00,1996,Ashwini,1.0
sun,nakshatra,,1996-09-24T01:31:24.375000+00:00,1996,Revati,4.0
sun,nakshatra,,1997-02-26T08:57:53.437500+00:00,1997,Ashwini,1.0
sun,nakshatra,,1997-03-10T11:42:25.312500+00:00,1997,Revati,4.0
sun,nakshatra,,1997-03-20T14:27:39.375000+00:00,1997,Ashwini,1.0
sun,nakshatra,,1997-08-24T00:09:08.437500+00:00,1997,Revati,4.0
sun,nakshatra,,1997-08-31T08:52:15.937500+00:00,1997,Ashwini,1.0
sun,nakshatra,,1997-09-15T23:55:46.875000+00:00,1997,Revati,4.0
sun,nakshatra,,1998-03-14T06:17:34.687500+00:00,1998,Ashwini,1.0
sun,nakshatra,,1998-03-25T22:53:54.375000+00:00,1998,Revati,4.0
sun,nakshatra,,1998-04-07T05:19:55.312500+00:00,1998,Ashwini,1.0
sun,nakshatra,,1998-04-26T16:30:00+00:00,1998,Revati,4.0
sun,nakshatra,,1998-04-30T05:48:45+00:00,1998,Ashwini,1.0
sun,nakshatra,,1998-09-08T08:45:56.250000+00:00,1998,Revati,4.0
sun,nakshatra,,1998-09-16T14:38:12.187500+00:00,1998,Ashwini,1.0
sun,nakshatra,,1998-10-03T06:42:53.437500+00:00,1998,Revati,4.0
sun,nakshatra,,1998-10-16T18:33:45+00:00,1998,Ashwini,1.0
sun,nakshatra,,1998-10-28T06:42:53.437500+00:00,1998,Revati,4.0
sun,nakshatra,,1998-11-15T13:56:00.937500+00:00,1998,Ashwini,1.0
sun,nakshatra,,1998-11-22T01:44:03.750000+00:00,1998,Revati,4.0
sun,nakshatra,,1999-01-11T06:56:57.187500+00:00,1999,Ashwini,1.0
sun,nakshatra,,1999-01-13T15:11:57.187500+00:00,1999,Revati,4.0
sun,nakshatra,,1999-02-05T17:15:42.187500+00:00,1999,Ashwini,1.0
sun,nakshatra,,1999-02-12T03:42:53.437500+00:00,1999,Revati,4.0
sun,nakshatra,,1999-03-03T08:12:11.250000+00:00,1999,Ashwini,1.0
sun,nakshatra,,1999-03-13T12:04:13.125000+00:00,1999,Revati,4.0
sun,nakshatra,,1999-03-28T19:30:42.187500+00:00,1999,Ashwini,1.0
sun,nakshatra,,1999-04-11T18:33:02.812500+00:00,1999,Revati,4.0
sun,nakshatra,,1999-04-23T03:04:13.125000+00:00,1999,Ashwini,1.0
sun,nakshatra,,1999-05-10T20:31:10.312500+00:00,1999,Revati,4.0
sun,nakshatra,,1999-05-18T13:54:36.562500+00:00,1999,Ashwini,1.0
sun,nakshatra,,1999-06-08T12:10:32.812500+00:00,1999,Revati,4.0
sun,nakshatra,,1999-06-13T13:34:55.312500+00:00,1999,Ashwini,1.0
sun,nakshatra,,1999-08-01T18:18:16.875000+00:00,1999,Revati,4.0
sun,nakshatra,,1999-08-07T18:26:43.125000+00:00,1999,Ashwini,1.0
sun,nakshatra,,1999-08-28T13:43:21.562500+00:00,1999,Revati,4.0
sun,nakshatra,,1999-09-04T07:51:05.625000+00:00,1999,Ashwini,1.0
sun,nakshatra,,1999-09-25T07:59:31.875000+00:00,1999,Revati,4.0
sun,nakshatra,,1999-09-30T22:27:53.437500+00:00,1999,Ashwini,1.0
sun,nakshatra,,1999-10-22T22:44:45.937500+00:00,1999,Revati,4.0
sun,nakshatra,,1999-10-27T17:52:58.125000+00:00,1999,Ashwini,1.0
sun,nakshatra,,1999-11-18T14:10:46.875000+00:00,1999,Revati,4.0
sun,nakshatra,,1999-11-24T12:33:45+00:00,1999,Ashwini,1.0
sun,nakshatra,,1999-12-14T16:50:23.437500+00:00,1999,Revati,4.0
sun,nakshatra,,1999-12-22T21:39:22.500000+00:00,1999,Ashwini,1.0
sun,nakshatra,,2000-01-09T18:16:10.312500+00:00,2000,Revati,4.0
sun,nakshatra,,2000-01-20T12:08:26.250000+00:00,2000,Ashwini,1.0
sun,nakshatra,,2000-02-04T20:13:35.625000+00:00,2000,Revati,4.0
sun,nakshatra,,2000-02-18T03:54:50.625000+00:00,2000,Ashwini,1.0
sun,nakshatra,,2000-03-01T20:36:05.625000+00:00,2000,Revati,4.0
sun,nakshatra,,2000-03-17T16:52:30+00:00,2000,Ashwini,1.0
sun,nakshatra,,2000-03-27T18:16:52.500000+00:00,2000,Revati,4.0
sun,nakshatra,,2000-04-15T00:19:41.250000+00:00,2000,Ashwini,1.0
sun,nakshatra,,2000-04-22T16:25:46.875000+00:00,2000,Revati,4.0
sun,nakshatra,,2000-05-12T21:59:45.937500+00:00,2000,Ashwini,1.0
sun,nakshatra,,2000-05-19T01:14:31.875000+00:00,2000,Revati,4.0
sun,nakshatra,,2000-06-09T02:05:09.375000+00:00,2000,Ashwini,1.0
sun,nakshatra,,2000-06-15T10:29:17.812500+00:00,2000,Revati,4.0
sun,nakshatra,,2000-07-05T16:03:16.875000+00:00,2000,Ashwini,1.0
sun,nakshatra,,2000-07-13T17:03:45+00:00,2000,Revati,4.0
sun,nakshatra,,2000-07-31T23:38:12.187500+00:00,2000,Ashwini,1.0
sun,nakshatra,,2000-08-11T10:39:08.437500+00:00,2000,Revati,4.0
sun,nakshatra,,2000-08-27T00:25:18.750000+00:00,2000,Ashwini,1.0
sun,nakshatra,,2000-09-09T10:37:44.062500+00:00,2000,Revati,4.0
sun,nakshatra,,2000-09-21T15:53:26.250000+00:00,2000,Ashwini,1.0
sun,nakshatra,,2000-10-08T12:25:18.750000+00:00,2000,Revati,4.0
sun,nakshatra,,2000-10-17T02:26:15+00:00,2000,Ashwini,1.0
sun,nakshatra,,2000-11-06T08:42:25.312500+00:00,2000,Revati,4.0
sun,nakshatra,,2000-11-11T20:18:30.937500+00:00,2000,Ashwini,1.0
sun,nakshatra,,2000-12-04T09:39:22.500000+00:00,2000,Revati,4.0
sun,nakshatra,,2000-12-08T14:15:42.187500+00:00,2000,Ashwini,1.0
sun,nakshatra,,2000-12-31T02:15:42.187500+00:00,2000,Revati,4.0
sun,nakshatra,,2001-01-05T19:46:52.500000+00:00,2001,Ashwini,1.0
sun,nakshatra,,2001-01-26T00:56:15+00:00,2001,Revati,4.0
sun,nakshatra,,2001-02-03T17:21:19.687500+00:00,2001,Ashwini,1.0
sun,nakshatra,,2001-02-20T14:03:45+00:00,2001,Revati,4.0
sun,nakshatra,,2001-03-04T19:37:01.875000+00:00,2001,Ashwini,1.0
sun,nakshatra,,2001-03-17T15:03:30.937500+00:00,2001,Revati,4.0
sun,nakshatra,,2001-04-03T20:50:51.562500+00:00,2001,Ashwini,1.0
sun,nakshatra,,2001-04-10T12:27:25.312500+00:00,2001,Revati,4.0
sun,nakshatra,,2001-09-13T11:07:58.125000+00:00,2001,Ashwini,1.0
sun,nakshatra,,2001-09-24T12:02:06.562500+00:00,2001,Revati,4.0
sun,nakshatra,,2001-10-07T00:23:12.187500+00:00,2001,Ashwini,1.0
sun,nakshatra,,2002-03-08T23:41:43.125000+00:00,2002,Revati,4.0
sun,nakshatra,,2002-03-21T02:22:44.062500+00:00,2002,Ashwini,1.0
sun,nakshatra,,2002-04-01T04:58:49.687500+00:00,2002,Revati,4.0
sun,nakshatra,,2002-09-03T18:34:27.187500+00:00,2002,Ashwini,1.0
sun,nakshatra,,2002-09-11T13:53:54.375000+00:00,2002,Revati,4.0
sun,nakshatra,,2002-09-26T17:14:17.812500+00:00,2002,Ashwini,1.0
sun,nakshatra,,2002-10-15T00:06:19.687500+00:00,2002,Revati,4.0
sun,nakshatra,,2002-10-18T04:30:42.187500+00:00,2002,Ashwini,1.0
sun,nakshatra,,2003-03-22T20:37:30+00:00,2003,Revati,4.0
sun,nakshatra,,2003-09-17T13:06:05.625000+00:00,2003,Ashwini,1.0
sun,nakshatra,,2003-10-01T07:44:45.937500+00:00,2003,Revati,4.0
sun,nakshatra,,2003-10-08T15:38:40.312500+00:00,2003,Ashwini,1.0
sun,nakshatra,,2004-03-12T07:52:30+00:00,2004,Revati,4.0
sun,nakshatra,,2004-03-26T22:44:03.750000+00:00,2004,Ashwini,1.0
sun,nakshatra,,2004-04-02T05:26:15+00:00,2004,Revati,4.0
sun,nakshatra,,2004-09-07T04:37:44.062500+00:00,2004,Ashwini,1.0
sun,nakshatra,,2004-09-17T03:55:32.812500+00:00,2004,Revati,4.0
sun,nakshatra,,2004-09-27T18:06:19.687500+00:00,2004,Ashwini,1.0
sun,nakshatra,,2005-03-05T05:43:07.500000+00:00,2005,Revati,4.0
sun,nakshatra,,2005-03-10T06:49:55.312500+00:00,2005,Ashwini,1.0
sun,nakshatra,,2005-03-24T21:27:25.312500+00:00,2005,Revati,4.0
sun,nakshatra,,2005-09-19T15:06:19.687500+00:00,2005,Ashwini,1.0
sun,nakshatra,,2006-03-15T01:58:07.500000+00:00,2006,Revati,4.0
sun,nakshatra,,2006-09-11T09:07:01.875000+00:00,2006,Ashwini,1.0
sun,nakshatra,,2006-09-25T01:32:06.562500+00:00,2006,Revati,4.0
sun,nakshatra,,2006-09-29T14:13:35.625000+00:00,2006,Ashwini,1.0
sun,nakshatra,,2007-03-08T09:53:26.250000+00:00,2007,Revati,4.0
sun,nakshatra,,2007-03-19T06:09:50.625000+00:00,2007,Ashwini,1.0
sun,nakshatra,,2007-03-26T07:51:05.625000+00:00,2007,Revati,4.0
sun,nakshatra,,2007-09-22T02:48:45+00:00,2007,Ashwini,1.0
sun,nakshatra,,2008-03-17T09:11:15+00:00,2008,Revati,4.0
sun,nakshatra,,2008-09-13T17:12:53.437500+00:00,2008,Ashwini,1.0
sun,nakshatra,,2009-03-09T11:34:41.250000+00:00,2009,Revati,4.0
sun,nakshatra,,2009-09-07T19:39:08.437500+00:00,2009,Ashwini,1.0
sun,nakshatra,,2009-09-14T13:08:12.187500+00:00,2009,Revati,4.0
sun,nakshatra,,2009-09-22T02:29:03.750000+00:00,2009,Ashwini,1.0
sun,nakshatra,,2010-03-19T05:11:29.062500+00:00,2010,Revati,4.0
sun,nakshatra,,2010-09-15T13:27:11.250000+00:00,2010,Ashwini,1.0
sun,nakshatra,,2011-03-14T05:18:30.937500+00:00,2011,Revati,4.0
sun,nakshatra,,2011-09-12T15:43:35.625000+00:00,2011,Ashwini,1.0
sun,nakshatra,,2012-03-21T19:47:34.687500+00:00,2012,Revati,4.0
sun,nakshatra,,2012-09-20T02:31:10.312500+00:00,2012,Ashwini,1.0
sun,nakshatra,,2013-03-17T10:19:27.187500+00:00,2013,Revati,4.0
sun,nakshatra,,2013-09-16T00:18:59.062500+00:00,2013,Ashwini,1.0
sun,nakshatra,,2014-03-11T00:16:52.500000+00:00,2014,Revati,4.0
sun,nakshatra,,2014-09-22T07:15:14.062500+00:00,2014,Ashwini,1.0
sun,nakshatra,,2015-03-18T16:15:56.250000+00:00,2015,Revati,4.0
sun,nakshatra,,2015-09-14T23:17:48.750000+00:00,2015,Ashwini,1.0
sun,nakshatra,,2016-03-11T01:25:04.687500+00:00,2016,Revati,4.0
sun,nakshatra,,2016-09-11T01:23:40.312500+00:00,2016,Ashwini,1.0
sun,nakshatra,,2017-03-17T06:07:44.062500+00:00,2017,Revati,4.0
sun,nakshatra,,2017-09-17T08:02:20.625000+00:00,2017,Ashwini,1.0
sun,nakshatra,,2018-03-14T19:46:10.312500+00:00,2018,Revati,4.0
sun,nakshatra,,2018-09-14T06:19:41.250000+00:00,2018,Ashwini,1.0
sun,nakshatra,,2019-03-20T02:51:33.750000+00:00,2019,Revati,4.0
sun,nakshatra,,2019-09-21T18:09:08.437500+00:00,2019,Ashwini,1.0
sun,nakshatra,,2020-03-17T03:06:19.687500+00:00,2020,Revati,4.0
sun,nakshatra,,2020-09-16T04:31:24.375000+00:00,2020,Ashwini,1.0
sun,nakshatra,,2021-03-13T18:25:18.750000+00:00,2021,Revati,4.0
sun,nakshatra,,2021-09-21T11:43:49.687500+00:00,2021,Ashwini,1.0
sun,nakshatra,,2022-03-17T14:07:15.937500+00:00,2022,Revati,4.0
sun,nakshatra,,2022-09-16T01:32:06.562500+00:00,2022,Ashwini,1.0
sun,nakshatra,,2023-03-13T15:43:35.625000+00:00,2023,Revati,4.0
sun,nakshatra,,2023-09-14T06:59:45.937500+00:00,2023,Ashwini,1.0
sun,nakshatra,,2024-03-17T05:31:52.500000+00:00,2024,Revati,4.0
sun,nakshatra,,2024-09-17T18:41:29.062500+00:00,2024,Ashwini,1.0
sun,nakshatra,,2025-03-14T18:35:09.375000+00:00,2025,Revati,4.0
sun,nakshatra,,2025-09-15T04:41:57.187500+00:00,2025,Ashwini,1.0
moon,rashi,Pisces,1900-01-12T23:31:52.500000+00:00,1900,,
moon,rashi,Aries,1900-01-27T12:39:22.500000+00:00,1900,,
moon,rashi,Pisces,1900-02-09T01:58:07.500000+00:00,1900,,
moon,rashi,Aries,1900-02-23T17:15:00+00:00,1900,,
moon,rashi,Pisces,1900-03-08T02:43:07.500000+00:00,1900,,
moon,rashi,Aries,1900-03-22T18:16:52.500000+00:00,1900,,
moon,rashi,Pisces,1900-04-04T05:54:22.500000+00:00,1900,,
moon,rashi,Aries,1900-04-18T19:52:30+00:00,1900,,
moon,rashi,Pisces,1900-05-01T13:07:30+00:00,1900,,
moon,rashi,Aries,1900-05-16T00:50:37.500000+00:00,1900,,
moon,rashi,Pisces,1900-05-28T22:24:22.500000+00:00,1900,,
moon,rashi,Aries,1900-06-12T08:43:07.500000+00:00,1900,,
moon,rashi,Pisces,1900-06-25T06:28:07.500000+00:00,1900,,
moon,rashi,Aries,1900-07-09T16:58:07.500000+00:00,1900,,
moon,rashi,Pisces,1900-07-22T11:09:22.500000+00:00,1900,,
moon,rashi,Aries,1900-08-05T23:03:45+00:00,1900,,
moon,rashi,Pisces,1900-08-18T12:28:07.500000+00:00,1900,,
moon,rashi,Aries,1900-09-02T01:46:52.500000+00:00,1900,,
moon,rashi,Pisces,1900-09-14T13:41:15+00:00,1900,,
moon,rashi,Aries,1900-09-29T03:00:00+00:00,1900,,
moon,rashi,Pisces,1900-10-11T18:39:22.500000+00:00,1900,,
moon,rashi,Aries,1900-10-26T05:54:22.500000+00:00,1900,,
moon,rashi,Pisces,1900-11-08T04:01:52.500000+00:00,1900,,
moon,rashi,Aries,1900-11-22T11:54:22.500000+00:00,1900,,
moon,rashi,Pisces,1900-12-05T14:43:07.500000+00:00,1900,,
moon,rashi,Aries,1900-12-19T19:35:37.500000+00:00,1900,,
moon,rashi,Pisces,1901-01-01T22:24:22.500000+00:00,1901,,
moon,rashi,Aries,1901-01-16T01:52:30+00:00,1901,,
moon,rashi,Pisces,1901-01-29T00:56:15+00:00,1901,,
moon,rashi,Aries,1901-02-12T05:03:45+00:00,1901,,
moon,rashi,Pisces,1901-02-25T01:13:07.500000+00:00,1901,,
moon,rashi,Aries,1901-03-11T06:33:45+00:00,1901,,
moon,rashi,Pisces,1901-03-24T04:24:22.500000+00:00,1901,,
moon,rashi,Aries,1901-04-07T09:22:30+00:00,1901,,
moon,rashi,Pisces,1901-04-20T12:39:22.500000+00:00,1901,,
moon,rashi,Aries,1901-05-04T14:43:07.500000+00:00,1901,,
moon,rashi,Pisces,1901-05-17T23:26:15+00:00,1901,,
moon,rashi,Aries,1901-05-31T21:11:15+00:00,1901,,
moon,rashi,Pisces,1901-06-14T09:00:00+00:00,1901,,
moon,rashi,Aries,1901-06-28T03:00:00+00:00,1901,,
moon,rashi,Pisces,1901-07-11T14:26:15+00:00,1901,,
moon,rashi,Aries,1901-07-25T06:39:22.500000+00:00,1901,,
moon,rashi,Pisces,1901-08-07T15:50:37.500000+00:00,1901,,
moon,rashi,Aries,1901-08-21T08:48:45+00:00,1901,,
moon,rashi,Pisces,1901-09-03T16:46:52.500000+00:00,1901,,
moon,rashi,Aries,1901-09-17T11:26:15+00:00,1901,,
moon,rashi,Pisces,1901-09-30T21:33:45+00:00,1901,,
moon,rashi,Aries,1901-10-14T16:07:30+00:00,1901,,
moon,rashi,Pisces,1901-10-28T07:13:07.500000+00:00,1901,,
moon,rashi,Aries,1901-11-10T22:24:22.500000+00:00,1901,,
moon,rashi,Pisces,1901-11-24T18:39:22.500000+00:00,1901,,
moon,rashi,Aries,1901-12-08T04:13:07.500000+00:00,1901,,
moon,rashi,Pisces,1901-12-22T03:28:07.500000+00:00,1901,,
moon,rashi,Aries,1902-01-04T07:41:15+00:00,1902,,
moon,rashi,Pisces,1902-01-18T06:45:00+00:00,1902,,
moon,rashi,Aries,1902-01-31T09:22:30+00:00,1902,,
moon,rashi,Pisces,1902-02-14T06:56:15+00:00,1902,,
moon,rashi,Aries,1902-02-27T12:05:37.500000+00:00,1902,,
moon,rashi,Pisces,1902-03-13T09:33:45+00:00,1902,,
moon,rashi,Aries,1902-03-26T17:26:15+00:00,1902,,
moon,rashi,Pisces,1902-04-09T17:03:45+00:00,1902,,
moon,rashi,Aries,1902-04-23T00:16:52.500000+00:00,1902,,
moon,rashi,Pisces,1902-05-07T03:39:22.500000+00:00,1902,,
moon,rashi,Aries,1902-05-20T06:28:07.500000+00:00,1902,,
moon,rashi,Pisces,1902-06-03T13:18:45+00:00,1902,,
moon,rashi,Aries,1902-06-16T10:13:07.500000+00:00,1902,,
moon,rashi,Pisces,1902-06-30T19:07:30+00:00,1902,,
moon,rashi,Aries,1902-07-13T12:05:37.500000+00:00,1902,,
moon,rashi,Pisces,1902-07-27T20:54:22.500000+00:00,1902,,
moon,rashi,Aries,1902-08-09T14:09:22.500000+00:00,1902,,
moon,rashi,Pisces,1902-08-23T21:45:00+00:00,1902,,
moon,rashi,Aries,1902-09-05T18:56:15+00:00,1902,,
moon,rashi,Pisces,1902-09-20T01:52:30+00:00,1902,,
moon,rashi,Aries,1902-10-03T02:15:00+00:00,1902,,
moon,rashi,Pisces,1902-10-17T10:07:30+00:00,1902,,
moon,rashi,Aries,1902-10-30T10:01:52.500000+00:00,1902,,
moon,rashi,Pisces,1902-11-13T20:31:52.500000+00:00,1902,,
moon,rashi,Aries,1902-11-26T15:16:52.500000+00:00,1902,,
moon,rashi,Pisces,1902-12-11T04:46:52.500000+00:00,1902,,
moon,rashi,Aries,1902-12-23T17:03:45+00:00,1902,,
moon,rashi,Pisces,1903-01-07T08:15:00+00:00,1903,,
moon,rashi,Aries,1903-01-19T18:00:00+00:00,1903,,
moon,rashi,Pisces,1903-02-03T08:43:07.500000+00:00,1903,,
moon,rashi,Aries,1903-02-15T22:07:30+00:00,1903,,
moon,rashi,Pisces,1903-03-02T10:58:07.500000+00:00,1903,,
moon,rashi,Aries,1903-03-15T06:16:52.500000+00:00,1903,,
moon,rashi,Pisces,1903-03-29T17:20:37.500000+00:00,1903,,
moon,rashi,Aries,1903-04-11T15:28:07.500000+00:00,1903,,
moon,rashi,Pisces,1903-04-26T02:09:22.500000+00:00,1903,,
moon,rashi,Aries,1903-05-08T22:24:22.500000+00:00,1903,,
moon,rashi,Pisces,1903-05-23T10:18:45+00:00,1903,,
moon,rashi,Aries,1903-06-05T01:30:00+00:00,1903,,
moon,rashi,Pisces,1903-06-19T15:11:15+00:00,1903,,
moon,rashi,Aries,1903-07-02T02:20:37.500000+00:00,1903,,
moon,rashi,Pisces,1903-07-16T16:58:07.500000+00:00,1903,,
moon,rashi,Aries,1903-07-29T04:46:52.500000+00:00,1903,,
moon,rashi,Pisces,1903-08-12T18:28:07.500000+00:00,1903,,
moon,rashi,Aries,1903-08-25T11:09:22.500000+00:00,1903,,
moon,rashi,Pisces,1903-09-08T22:24:22.500000+00:00,1903,,
moon,rashi,Aries,1903-09-21T20:48:45+00:00,1903,,
moon,rashi,Pisces,1903-10-06T05:20:37.500000+00:00,1903,,
moon,rashi,Aries,1903-10-19T06:28:07.500000+00:00,1903,,
moon,rashi,Pisces,1903-11-02T13:13:07.500000+00:00,1903,,
moon,rashi,Aries,1903-11-15T12:28:07.500000+00:00,1903,,
moon,rashi,Pisces,1903-11-29T19:18:45+00:00,1903,,
moon,rashi,Aries,1903-12-12T13:58:07.500000+00:00,1903,,
moon,rashi,Pisces,1903-12-26T21:56:15+00:00,1903,,
moon,rashi,Aries,1904-01-08T14:26:15+00:00,1904,,
moon,rashi,Pisces,1904-01-22T23:09:22.500000+00:00,1904,,
moon,rashi,Aries,1904-02-04T19:13:07.500000+00:00,1904,,
moon,rashi,Pisces,1904-02-19T02:20:37.500000+00:00,1904,,
moon,rashi,Aries,1904-03-03T04:52:30+00:00,1904,,
moon,rashi,Pisces,1904-03-17T08:15:00+00:00,1904,,
moon,rashi,Aries,1904-03-30T15:56:15+00:00,1904,,
moon,rashi,Pisces,1904-04-13T15:00:00+00:00,1904,,
moon,rashi,Aries,1904-04-27T00:11:15+00:00,1904,,
moon,rashi,Pisces,1904-05-10T20:26:15+00:00,1904,,
moon,rashi,Aries,1904-05-24T03:39:22.500000+00:00,1904,,
moon,rashi,Pisces,1904-06-06T23:31:52.500000+00:00,1904,,
moon,rashi,Aries,1904-06-20T04:18:45+00:00,1904,,
moon,rashi,Pisces,1904-07-04T01:35:37.500000+00:00,1904,,
moon,rashi,Aries,1904-07-17T06:33:45+00:00,1904,,
moon,rashi,Pisces,1904-07-31T04:41:15+00:00,1904,,
moon,rashi,Aries,1904-08-13T13:13:07.500000+00:00,1904,,
moon,rashi,Pisces,1904-08-27T09:50:37.500000+00:00,1904,,
moon,rashi,Aries,1904-09-09T23:31:52.500000+00:00,1904,,
moon,rashi,Pisces,1904-09-23T16:07:30+00:00,1904,,
moon,rashi,Aries,1904-10-07T10:18:45+00:00,1904,,
moon,rashi,Pisces,1904-10-20T21:39:22.500000+00:00,1904,,
moon,rashi,Aries,1904-11-03T17:20:37.500000+00:00,1904,,
moon,rashi,Pisces,1904-11-17T01:01:52.500000+00:00,1904,,
moon,rashi,Aries,1904-11-30T19:18:45+00:00,1904,,
moon,rashi,Pisces,1904-12-14T02:48:45+00:00,1904,,
moon,rashi,Aries,1904-12-27T19:35:37.500000+00:00,1904,,
moon,rashi,Pisces,1905-01-10T05:43:07.500000+00:00,1905,,
moon,rashi,Aries,1905-01-23T23:37:30+00:00,1905,,
moon,rashi,Pisces,1905-02-06T11:09:22.500000+00:00,1905,,
moon,rashi,Aries,1905-02-20T09:00:00+00:00,1905,,
moon,rashi,Pisces,1905-03-05T17:54:22.500000+00:00,1905,,
moon,rashi,Aries,1905-03-19T20:15:00+00:00,1905,,
moon,rashi,Pisces,1905-04-01T23:26:15+00:00,1905,,
moon,rashi,Aries,1905-04-16T05:03:45+00:00,1905,,
moon,rashi,Pisces,1905-04-29T02:26:15+00:00,1905,,
moon,rashi,Aries,1905-05-13T09:05:37.500000+00:00,1905,,
moon,rashi,Pisces,1905-05-26T04:07:30+00:00,1905,,
moon,rashi,Aries,1905-06-09T09:50:37.500000+00:00,1905,,
moon,rashi,Pisces,1905-06-22T07:01:52.500000+00:00,1905,,
moon,rashi,Aries,1905-07-06T11:43:07.500000+00:00,1905,,
moon,rashi,Pisces,1905-07-19T12:33:45+00:00,1905,,
moon,rashi,Aries,1905-08-02T17:31:52.500000+00:00,1905,,
moon,rashi,Pisces,1905-08-15T19:52:30+00:00,1905,,
moon,rashi,Aries,1905-08-30T02:54:22.500000+00:00,1905,,
moon,rashi,Pisces,1905-09-12T02:48:45+00:00,1905,,
moon,rashi,Aries,1905-09-26T12:56:15+00:00,1905,,
moon,rashi,Pisces,1905-10-09T07:07:30+00:00,1905,,
moon,rashi,Aries,1905-10-23T20:03:45+00:00,1905,,
moon,rashi,Pisces,1905-11-05T08:37:30+00:00,1905,,
moon,rashi,Aries,1905-11-19T22:18:45+00:00,1905,,
moon,rashi,Pisces,1905-12-02T10:07:30+00:00,1905,,
moon,rashi,Aries,1905-12-16T22:46:52.500000+00:00,1905,,
moon,rashi,Pisces,1905-12-29T15:05:37.500000+00:00,1905,,
moon,rashi,Aries,1906-01-13T02:09:22.500000+00:00,1906,,
moon,rashi,Pisces,1906-01-25T23:31:52.500000+00:00,1906,,
moon,rashi,Aries,1906-02-09T09:50:37.500000+00:00,1906,,
moon,rashi,Pisces,1906-02-22T08:09:22.500000+00:00,1906,,
moon,rashi,Aries,1906-03-08T19:30:00+00:00,1906,,
moon,rashi,Pisces,1906-03-21T13:41:15+00:00,1906,,
moon,rashi,Aries,1906-04-05T03:11:15+00:00,1906,,
moon,rashi,Pisces,1906-04-17T15:33:45+00:00,1906,,
moon,rashi,Aries,1906-05-02T06:50:37.500000+00:00,1906,,
moon,rashi,Pisces,1906-05-14T16:30:00+00:00,1906,,
moon,rashi,Aries,1906-05-29T07:58:07.500000+00:00,1906,,
moon,rashi,Pisces,1906-06-10T20:20:37.500000+00:00,1906,,
moon,rashi,Aries,1906-06-25T10:07:30+00:00,1906,,
moon,rashi,Pisces,1906-07-08T04:07:30+00:00,1906,,
moon,rashi,Aries,1906-07-22T15:16:52.500000+00:00,1906,,
moon,rashi,Pisces,1906-08-04T13:46:52.500000+00:00,1906,,
moon,rashi,Aries,1906-08-18T22:52:30+00:00,1906,,
moon,rashi,Pisces,1906-08-31T22:01:52.500000+00:00,1906,,
moon,rashi,Aries,1906-09-15T06:39:22.500000+00:00,1906,,
moon,rashi,Pisces,1906-09-28T02:26:15+00:00,1906,,
moon,rashi,Aries,1906-10-12T12:00:00+00:00,1906,,
moon,rashi,Pisces,1906-10-25T03:16:52.500000+00:00,1906,,
moon,rashi,Aries,1906-11-08T14:09:22.500000+00:00,1906,,
moon,rashi,Pisces,1906-11-21T04:41:15+00:00,1906,,
moon,rashi,Aries,1906-12-05T15:28:07.500000+00:00,1906,,
moon,rashi,Pisces,1906-12-18T10:46:52.500000+00:00,1906,,
moon,rashi,Aries,1907-01-01T19:13:07.500000+00:00,1907,,
moon,rashi,Pisces,1907-01-14T21:11:15+00:00,1907,,
moon,rashi,Aries,1907-01-29T01:46:52.500000+00:00,1907,,
moon,rashi,Pisces,1907-02-11T07:46:52.500000+00:00,1907,,
moon,rashi,Aries,1907-02-25T08:54:22.500000+00:00,1907,,
moon,rashi,Pisces,1907-03-10T14:26:15+00:00,1907,,
moon,rashi,Aries,1907-03-24T14:03:45+00:00,1907,,
moon,rashi,Pisces,1907-04-06T16:13:07.500000+00:00,1907,,
moon,rashi,Aries,1907-04-20T16:35:37.500000+00:00,1907,,
moon,rashi,Pisces,1907-05-03T16:52:30+00:00,1907,,
moon,rashi,Aries,1907-05-17T18:28:07.500000+00:00,1907,,
moon,rashi,Pisces,1907-05-30T20:48:45+00:00,1907,,
moon,rashi,Aries,1907-06-13T22:01:52.500000+00:00,1907,,
moon,rashi,Pisces,1907-06-27T05:20:37.500000+00:00,1907,,
moon,rashi,Aries,1907-07-11T03:39:22.500000+00:00,1907,,
moon,rashi,Pisces,1907-07-24T16:07:30+00:00,1907,,
moon,rashi,Aries,1907-08-07T09:50:37.500000+00:00,1907,,
moon,rashi,Pisces,1907-08-21T01:41:15+00:00,1907,,
moon,rashi,Aries,1907-09-03T15:05:37.500000+00:00,1907,,
moon,rashi,Pisces,1907-09-17T06:50:37.500000+00:00,1907,,
moon,rashi,Aries,1907-09-30T18:05:37.500000+00:00,1907,,
moon,rashi,Pisces,1907-10-14T07:52:30+00:00,1907,,
moon,rashi,Aries,1907-10-27T20:03:45+00:00,1907,,
moon,rashi,Pisces,1907-11-10T08:54:22.500000+00:00,1907,,
moon,rashi,Aries,1907-11-23T23:15:00+00:00,1907,,
moon,rashi,Pisces,1907-12-07T14:31:52.500000+00:00,1907,,
moon,rashi,Aries,1907-12-21T04:58:07.500000+00:00,1907,,
moon,rashi,Pisces,1908-01-04T00:56:15+00:00,1908,,
moon,rashi,Aries,1908-01-17T11:31:52.500000+00:00,1908,,
moon,rashi,Pisces,1908-01-31T12:11:15+00:00,1908,,
moon,rashi,Aries,1908-02-13T16:35:37.500000+00:00,1908,,
moon,rashi,Pisces,1908-02-27T19:46:52.500000+00:00,1908,,
moon,rashi,Aries,1908-03-11T19:13:07.500000+00:00,1908,,
moon,rashi,Pisces,1908-03-25T22:07:30+00:00,1908,,
moon,rashi,Aries,1908-04-07T20:54:22.500000+00:00,1908,,
moon,rashi,Pisces,1908-04-21T22:35:37.500000+00:00,1908,,
moon,rashi,Aries,1908-05-05T00:28:07.500000+00:00,1908,,
moon,rashi,Pisces,1908-05-19T01:58:07.500000+00:00,1908,,
moon,rashi,Aries,1908-06-01T06:33:45+00:00,1908,,
moon,rashi,Pisces,1908-06-15T09:39:22.500000+00:00,1908,,
moon,rashi,Aries,1908-06-28T13:35:37.500000+00:00,1908,,
moon,rashi,Pisces,1908-07-12T19:58:07.500000+00:00,1908,,
moon,rashi,Aries,1908-07-25T19:30:00+00:00,1908,,
moon,rashi,Pisces,1908-08-09T05:15:00+00:00,1908,,
moon,rashi,Aries,1908-08-21T22:52:30+00:00,1908,,
moon,rashi,Pisces,1908-09-05T10:46:52.500000+00:00,1908,,
moon,rashi,Aries,1908-09-18T00:16:52.500000+00:00,1908,,
moon,rashi,Pisces,1908-10-02T12:05:37.500000+00:00,1908,,
moon,rashi,Aries,1908-10-15T02:37:30+00:00,1908,,
moon,rashi,Pisces,1908-10-29T13:01:52.500000+00:00,1908,,
moon,rashi,Aries,1908-11-11T08:20:37.500000+00:00,1908,,
moon,rashi,Pisces,1908-11-25T17:37:30+00:00,1908,,
moon,rashi,Aries,1908-12-08T16:46:52.500000+00:00,1908,,
moon,rashi,Pisces,1908-12-23T02:31:52.500000+00:00,1908,,
moon,rashi,Aries,1909-01-05T00:39:22.500000+00:00,1909,,
moon,rashi,Pisces,1909-01-19T12:28:07.500000+00:00,1909,,
moon,rashi,Aries,1909-02-01T05:03:45+00:00,1909,,
moon,rashi,Pisces,1909-02-15T19:24:22.500000+00:00,1909,,
moon,rashi,Aries,1909-02-28T06:11:15+00:00,1909,,
moon,rashi,Pisces,1909-03-14T21:50:37.500000+00:00,1909,,
moon,rashi,Aries,1909-03-27T07:41:15+00:00,1909,,
moon,rashi,Pisces,1909-04-10T22:41:15+00:00,1909,,
moon,rashi,Aries,1909-04-23T12:56:15+00:00,1909,,
moon,rashi,Pisces,1909-05-08T01:46:52.500000+00:00,1909,,
moon,rashi,Aries,1909-05-20T21:33:45+00:00,1909,,
moon,rashi,Pisces,1909-06-04T08:20:37.500000+00:00,1909,,
moon,rashi,Aries,1909-06-17T06:39:22.500000+00:00,1909,,
moon,rashi,Pisces,1909-07-01T16:41:15+00:00,1909,,
moon,rashi,Aries,1909-07-14T13:18:45+00:00,1909,,
moon,rashi,Pisces,1909-07-29T00:11:15+00:00,1909,,
moon,rashi,Aries,1909-08-10T16:07:30+00:00,1909,,
moon,rashi,Pisces,1909-08-25T04:35:37.500000+00:00,1909,,
moon,rashi,Aries,1909-09-06T16:52:30+00:00,1909,,
moon,rashi,Pisces,1909-09-21T06:11:15+00:00,1909,,
moon,rashi,Aries,1909-10-03T19:35:37.500000+00:00,1909,,
moon,rashi,Pisces,1909-10-18T07:52:30+00:00,1909,,
moon,rashi,Aries,1909-10-31T02:54:22.500000+00:00,1909,,
moon,rashi,Pisces,1909-11-14T12:16:52.500000+00:00,1909,,
moon,rashi,Aries,1909-11-27T13:35:37.500000+00:00,1909,,
moon,rashi,Pisces,1909-12-11T19:24:22.500000+00:00,1909,,
moon,rashi,Aries,1909-12-24T23:15:00+00:00,1909,,
moon,rashi,Pisces,1910-01-08T02:43:07.500000+00:00,1910,,
moon,rashi,Aries,1910-01-21T04:24:22.500000+00:00,1910,,
moon,rashi,Pisces,1910-02-04T07:30:00+00:00,1910,,
moon,rashi,Aries,1910-02-17T05:15:00+00:00,1910,,
moon,rashi,Pisces,1910-03-03T09:28:07.500000+00:00,1910,,
moon,rashi,Aries,1910-03-16T06:22:30+00:00,1910,,
moon,rashi,Pisces,1910-03-30T11:20:37.500000+00:00,1910,,
moon,rashi,Aries,1910-04-12T12:11:15+00:00,1910,,
moon,rashi,Pisces,1910-04-26T15:28:07.500000+00:00,1910,,
moon,rashi,Aries,1910-05-09T22:01:52.500000+00:00,1910,,
moon,rashi,Pisces,1910-05-23T21:33:45+00:00,1910,,
moon,rashi,Aries,1910-06-06T08:43:07.500000+00:00,1910,,
moon,rashi,Pisces,1910-06-20T03:56:15+00:00,1910,,
moon,rashi,Aries,1910-07-03T16:30:00+00:00,1910,,
moon,rashi,Pisces,1910-07-17T08:43:07.500000+00:00,1910,,
moon,rashi,Aries,1910-07-30T19:41:15+00:00,1910,,
moon,rashi,Pisces,1910-08-13T11:26:15+00:00,1910,,
moon,rashi,Aries,1910-08-26T20:20:37.500000+00:00,1910,,
moon,rashi,Pisces,1910-09-09T13:35:37.500000+00:00,1910,,
moon,rashi,Aries,1910-09-22T22:46:52.500000+00:00,1910,,
moon,rashi,Pisces,1910-10-06T17:09:22.500000+00:00,1910,,
moon,rashi,Aries,1910-10-20T06:00:00+00:00,1910,,
moon,rashi,Pisces,1910-11-02T22:52:30+00:00,1910,,
moon,rashi,Aries,1910-11-16T17:09:22.500000+00:00,1910,,
moon,rashi,Pisces,1910-11-30T05:15:00+00:00,1910,,
moon,rashi,Aries,1910-12-14T03:50:37.500000+00:00,1910,,
moon,rashi,Pisces,1910-12-27T09:56:15+00:00,1910,,
moon,rashi,Aries,1911-01-10T10:01:52.500000+00:00,1911,,
moon,rashi,Pisces,1911-01-23T12:16:52.500000+00:00,1911,,
moon,rashi,Aries,1911-02-06T11:09:22.500000+00:00,1911,,
moon,rashi,Pisces,1911-02-19T14:09:22.500000+00:00,1911,,
moon,rashi,Aries,1911-03-05T11:54:22.500000+00:00,1911,,
moon,rashi,Pisces,1911-03-18T18:11:15+00:00,1911,,
moon,rashi,Aries,1911-04-01T16:58:07.500000+00:00,1911,,
moon,rashi,Pisces,1911-04-15T00:33:45+00:00,1911,,
moon,rashi,Aries,1911-04-29T02:20:37.500000+00:00,1911,,
moon,rashi,Pisces,1911-05-12T07:24:22.500000+00:00,1911,,
moon,rashi,Aries,1911-05-26T12:56:15+00:00,1911,,
moon,rashi,Pisces,1911-06-08T12:28:07.500000+00:00,1911,,
moon,rashi,Aries,1911-06-22T21:00:00+00:00,1911,,
moon,rashi,Pisces,1911-07-05T15:11:15+00:00,1911,,
moon,rashi,Aries,1911-07-20T00:39:22.500000+00:00,1911,,
moon,rashi,Pisces,1911-08-01T16:46:52.500000+00:00,1911,,
moon,rashi,Aries,1911-08-16T01:24:22.500000+00:00,1911,,
moon,rashi,Pisces,1911-08-28T19:58:07.500000+00:00,1911,,
moon,rashi,Aries,1911-09-12T03:28:07.500000+00:00,1911,,
moon,rashi,Pisces,1911-09-25T02:15:00+00:00,1911,,
moon,rashi,Aries,1911-10-09T09:39:22.500000+00:00,1911,,
moon,rashi,Pisces,1911-10-22T10:13:07.500000+00:00,1911,,
moon,rashi,Aries,1911-11-05T19:24:22.500000+00:00,1911,,
moon,rashi,Pisces,1911-11-18T17:03:45+00:00,1911,,
moon,rashi,Aries,1911-12-03T05:15:00+00:00,1911,,
moon,rashi,Pisces,1911-12-15T20:31:52.500000+00:00,1911,,
moon,rashi,Aries,1911-12-30T11:15:00+00:00,1911,,
moon,rashi,Pisces,1912-01-11T21:22:30+00:00,1912,,
moon,rashi,Aries,1912-01-26T12:45:00+00:00,1912,,
moon,rashi,Pisces,1912-02-07T23:31:52.500000+00:00,1912,,
moon,rashi,Aries,1912-02-22T13:35:37.500000+00:00,1912,,
moon,rashi,Pisces,1912-03-06T05:54:22.500000+00:00,1912,,
moon,rashi,Aries,1912-03-20T17:48:45+00:00,1912,,
moon,rashi,Pisces,1912-04-02T15:05:37.500000+00:00,1912,,
moon,rashi,Aries,1912-04-17T01:41:15+00:00,1912,,
moon,rashi,Pisces,1912-04-29T23:26:15+00:00,1912,,
moon,rashi,Aries,1912-05-14T10:30:00+00:00,1912,,
moon,rashi,Pisces,1912-05-27T04:35:37.500000+00:00,1912,,
moon,rashi,Aries,1912-06-10T17:09:22.500000+00:00,1912,,
moon,rashi,Pisces,1912-06-23T06:16:52.500000+00:00,1912,,
moon,rashi,Aries,1912-07-07T20:26:15+00:00,1912,,
moon,rashi,Pisces,1912-07-20T07:24:22.500000+00:00,1912,,
moon,rashi,Aries,1912-08-03T21:39:22.500000+00:00,1912,,
moon,rashi,Pisces,1912-08-16T11:37:30+00:00,1912,,
moon,rashi,Aries,1912-08-31T00:11:15+00:00,1912,,
moon,rashi,Pisces,1912-09-12T19:58:07.500000+00:00,1912,,
moon,rashi,Aries,1912-09-27T05:37:30+00:00,1912,,
moon,rashi,Pisces,1912-10-10T06:11:15+00:00,1912,,
moon,rashi,Aries,1912-10-24T13:18:45+00:00,1912,,
moon,rashi,Pisces,1912-11-06T14:26:15+00:00,1912,,
moon,rashi,Aries,1912-11-20T20:37:30+00:00,1912,,
moon,rashi,Pisces,1912-12-03T18:05:37.500000+00:00,1912,,
moon,rashi,Aries,1912-12-18T00:56:15+00:00,1912,,
moon,rashi,Pisces,1912-12-30T18:22:30+00:00,1912,,
moon,rashi,Aries,1913-01-14T02:31:52.500000+00:00,1913,,
moon,rashi,Pisces,1913-01-26T20:31:52.500000+00:00,1913,,
moon,rashi,Aries,1913-02-10T04:30:00+00:00,1913,,
moon,rashi,Pisces,1913-02-23T03:56:15+00:00,1913,,
moon,rashi,Aries,1913-03-09T09:05:37.500000+00:00,1913,,
moon,rashi,Pisces,1913-03-22T14:54:22.500000+00:00,1913,,
moon,rashi,Aries,1913-04-05T15:39:22.500000+00:00,1913,,
moon,rashi,Pisces,1913-04-19T00:56:15+00:00,1913,,
moon,rashi,Aries,1913-05-02T22:01:52.500000+00:00,1913,,
moon,rashi,Pisces,1913-05-16T06:56:15+00:00,1913,,
moon,rashi,Aries,1913-05-30T02:15:00+00:00,1913,,
moon,rashi,Pisces,1913-06-12T08:37:30+00:00,1913,,
moon,rashi,Aries,1913-06-26T04:35:37.500000+00:00,1913,,
moon,rashi,Pisces,1913-07-09T09:28:07.500000+00:00,1913,,
moon,rashi,Aries,1913-07-23T06:56:15+00:00,1913,,
moon,rashi,Pisces,1913-08-05T13:41:15+00:00,1913,,
moon,rashi,Aries,1913-08-19T11:03:45+00:00,1913,,
moon,rashi,Pisces,1913-09-01T22:30:00+00:00,1913,,
moon,rashi,Aries,1913-09-15T16:58:07.500000+00:00,1913,,
moon,rashi,Pisces,1913-09-29T09:33:45+00:00,1913,,
moon,rashi,Aries,1913-10-12T23:09:22.500000+00:00,1913,,
moon,rashi,Pisces,1913-10-26T19:01:52.500000+00:00,1913,,
moon,rashi,Aries,1913-11-09T03:39:22.500000+00:00,1913,,
moon,rashi,Pisces,1913-11-22T23:31:52.500000+00:00,1913,,
moon,rashi,Aries,1913-12-06T05:54:22.500000+00:00,1913,,
moon,rashi,Pisces,1913-12-19T23:54:22.500000+00:00,1913,,
moon,rashi,Aries,1914-01-02T07:58:07.500000+00:00,1914,,
moon,rashi,Pisces,1914-01-16T01:30:00+00:00,1914,,
moon,rashi,Aries,1914-01-29T12:16:52.500000+00:00,1914,,
moon,rashi,Pisces,1914-02-12T08:20:37.500000+00:00,1914,,
moon,rashi,Aries,1914-02-25T18:45:00+00:00,1914,,
moon,rashi,Pisces,1914-03-11T19:07:30+00:00,1914,,
moon,rashi,Aries,1914-03-25T01:07:30+00:00,1914,,
moon,rashi,Pisces,1914-04-08T05:37:30+00:00,1914,,
moon,rashi,Aries,1914-04-21T05:26:15+00:00,1914,,
moon,rashi,Pisces,1914-05-05T12:11:15+00:00,1914,,
moon,rashi,Aries,1914-05-18T07:30:00+00:00,1914,,
moon,rashi,Pisces,1914-06-01T14:15:00+00:00,1914,,
moon,rashi,Aries,1914-06-14T09:28:07.500000+00:00,1914,,
moon,rashi,Pisces,1914-06-28T15:00:00+00:00,1914,,
moon,rashi,Aries,1914-07-11T13:35:37.500000+00:00,1914,,
moon,rashi,Pisces,1914-07-25T18:39:22.500000+00:00,1914,,
moon,rashi,Aries,1914-08-07T20:20:37.500000+00:00,1914,,
moon,rashi,Pisces,1914-08-22T02:20:37.500000+00:00,1914,,
moon,rashi,Aries,1914-09-04T03:50:37.500000+00:00,1914,,
moon,rashi,Pisces,1914-09-18T12:33:45+00:00,1914,,
moon,rashi,Aries,1914-10-01T09:39:22.500000+00:00,1914,,
moon,rashi,Pisces,1914-10-15T21:33:45+00:00,1914,,
moon,rashi,Aries,1914-10-28T12:28:07.500000+00:00,1914,,
moon,rashi,Pisces,1914-11-12T02:15:00+00:00,1914,,
moon,rashi,Aries,1914-11-24T13:24:22.500000+00:00,1914,,
moon,rashi,Pisces,1914-12-09T03:05:37.500000+00:00,1914,,
moon,rashi,Aries,1914-12-21T16:24:22.500000+00:00,1914,,
moon,rashi,Pisces,1915-01-05T04:24:22.500000+00:00,1915,,
moon,rashi,Aries,1915-01-17T23:20:37.500000+00:00,1915,,
moon,rashi,Pisces,1915-02-01T10:01:52.500000+00:00,1915,,
moon,rashi,Aries,1915-02-14T08:26:15+00:00,1915,,
moon,rashi,Pisces,1915-02-28T19:07:30+00:00,1915,,
moon,rashi,Aries,1915-03-13T15:50:37.500000+00:00,1915,,
moon,rashi,Pisces,1915-03-28T04:13:07.500000+00:00,1915,,
moon,rashi,Aries,1915-04-09T19:30:00+00:00,1915,,
moon,rashi,Pisces,1915-04-24T09:56:15+00:00,1915,,
moon,rashi,Aries,1915-05-06T20:26:15+00:00,1915,,
moon,rashi,Pisces,1915-05-21T12:00:00+00:00,1915,,
moon,rashi,Aries,1915-06-02T22:24:22.500000+00:00,1915,,
moon,rashi,Pisces,1915-06-17T13:13:07.500000+00:00,1915,,
moon,rashi,Aries,1915-06-30T04:18:45+00:00,1915,,
moon,rashi,Pisces,1915-07-14T16:46:52.500000+00:00,1915,,
moon,rashi,Aries,1915-07-27T13:24:22.500000+00:00,1915,,
moon,rashi,Pisces,1915-08-10T23:15:00+00:00,1915,,
moon,rashi,Aries,1915-08-23T22:46:52.500000+00:00,1915,,
moon,rashi,Pisces,1915-09-07T07:18:45+00:00,1915,,
moon,rashi,Aries,1915-09-20T05:26:15+00:00,1915,,
moon,rashi,Pisces,1915-10-04T14:09:22.500000+00:00,1915,,
moon,rashi,Aries,1915-10-17T07:52:30+00:00,1915,,
moon,rashi,Pisces,1915-10-31T17:48:45+00:00,1915,,
moon,rashi,Aries,1915-11-13T08:15:00+00:00,1915,,
moon,rashi,Pisces,1915-11-27T19:07:30+00:00,1915,,
moon,rashi,Aries,1915-12-10T11:37:30+00:00,1915,,
moon,rashi,Pisces,1915-12-24T21:22:30+00:00,1915,,
moon,rashi,Aries,1916-01-06T20:15:00+00:00,1916,,
moon,rashi,Pisces,1916-01-21T02:43:07.500000+00:00,1916,,
moon,rashi,Aries,1916-02-03T07:24:22.500000+00:00,1916,,
moon,rashi,Pisces,1916-02-17T09:50:37.500000+00:00,1916,,
moon,rashi,Aries,1916-03-01T16:30:00+00:00,1916,,
moon,rashi,Pisces,1916-03-15T16:13:07.500000+00:00,1916,,
moon,rashi,Aries,1916-03-28T20:37:30+00:00,1916,,
moon,rashi,Pisces,1916-04-11T19:58:07.500000+00:00,1916,,
moon,rashi,Aries,1916-04-24T21:16:52.500000+00:00,1916,,
moon,rashi,Pisces,1916-05-08T21:50:37.500000+00:00,1916,,
moon,rashi,Aries,1916-05-21T23:03:45+00:00,1916,,
moon,rashi,Pisces,1916-06-05T00:28:07.500000+00:00,1916,,
moon,rashi,Aries,1916-06-18T05:15:00+00:00,1916,,
moon,rashi,Pisces,1916-07-02T05:03:45+00:00,1916,,
moon,rashi,Aries,1916-07-15T15:16:52.500000+00:00,1916,,
moon,rashi,Pisces,1916-07-29T11:09:22.500000+00:00,1916,,
moon,rashi,Aries,1916-08-12T01:58:07.500000+00:00,1916,,
moon,rashi,Pisces,1916-08-25T17:03:45+00:00,1916,,
moon,rashi,Aries,1916-09-08T09:39:22.500000+00:00,1916,,
moon,rashi,Pisces,1916-09-21T21:16:52.500000+00:00,1916,,
moon,rashi,Aries,1916-10-05T12:39:22.500000+00:00,1916,,
moon,rashi,Pisces,1916-10-18T23:26:15+00:00,1916,,
moon,rashi,Aries,1916-11-01T12:56:15+00:00,1916,,
moon,rashi,Pisces,1916-11-15T01:46:52.500000+00:00,1916,,
moon,rashi,Aries,1916-11-28T15:50:37.500000+00:00,1916,,
moon,rashi,Pisces,1916-12-12T06:16:52.500000+00:00,1916,,
moon,rashi,Aries,1916-12-26T00:05:37.500000+00:00,1916,,
moon,rashi,Pisces,1917-01-08T12:45:00+00:00,1917,,
moon,rashi,Aries,1917-01-22T11:31:52.500000+00:00,1917,,
moon,rashi,Pisces,1917-02-04T18:50:37.500000+00:00,1917,,
moon,rashi,Aries,1917-02-18T21:28:07.500000+00:00,1917,,
moon,rashi,Pisces,1917-03-03T22:41:15+00:00,1917,,
moon,rashi,Aries,1917-03-18T02:20:37.500000+00:00,1917,,
moon,rashi,Pisces,1917-03-31T00:28:07.500000+00:00,1917,,
moon,rashi,Aries,1917-04-14T03:11:15+00:00,1917,,
moon,rashi,Pisces,1917-04-27T02:48:45+00:00,1917,,
moon,rashi,Aries,1917-05-11T04:35:37.500000+00:00,1917,,
moon,rashi,Pisces,1917-05-24T07:41:15+00:00,1917,,
moon,rashi,Aries,1917-06-07T10:07:30+00:00,1917,,
moon,rashi,Pisces,1917-06-20T14:31:52.500000+00:00,1917,,
moon,rashi,Aries,1917-07-04T19:18:45+00:00,1917,,
moon,rashi,Pisces,1917-07-17T21:22:30+00:00,1917,,
moon,rashi,Aries,1917-08-01T05:37:30+00:00,1917,,
moon,rashi,Pisces,1917-08-14T02:09:22.500000+00:00,1917,,
moon,rashi,Aries,1917-08-28T13:18:45+00:00,1917,,
moon,rashi,Pisces,1917-09-10T04:18:45+00:00,1917,,
moon,rashi,Aries,1917-09-24T16:35:37.500000+00:00,1917,,
moon,rashi,Pisces,1917-10-07T05:37:30+00:00,1917,,
moon,rashi,Aries,1917-10-21T17:09:22.500000+00:00,1917,,
moon,rashi,Pisces,1917-11-03T09:33:45+00:00,1917,,
moon,rashi,Aries,1917-11-17T19:30:00+00:00,1917,,
moon,rashi,Pisces,1917-11-30T16:58:07.500000+00:00,1917,,
moon,rashi,Aries,1917-12-15T02:26:15+00:00,1917,,
moon,rashi,Pisces,1917-12-28T01:35:37.500000+00:00,1917,,
moon,rashi,Aries,1918-01-11T12:16:52.500000+00:00,1918,,
moon,rashi,Pisces,1918-01-24T08:03:45+00:00,1918,,
moon,rashi,Aries,1918-02-07T21:11:15+00:00,1918,,
moon,rashi,Pisces,1918-02-20T10:35:37.500000+00:00,1918,,
moon,rashi,Aries,1918-03-07T01:46:52.500000+00:00,1918,,
moon,rashi,Pisces,1918-03-19T11:20:37.500000+00:00,1918,,
moon,rashi,Aries,1918-04-03T02:54:22.500000+00:00,1918,,
moon,rashi,Pisces,1918-04-15T14:20:37.500000+00:00,1918,,
moon,rashi,Aries,1918-04-30T04:30:00+00:00,1918,,
moon,rashi,Pisces,1918-05-12T21:33:45+00:00,1918,,
moon,rashi,Aries,1918-05-27T09:16:52.500000+00:00,1918,,
moon,rashi,Pisces,1918-06-09T06:50:37.500000+00:00,1918,,
moon,rashi,Aries,1918-06-23T16:58:07.500000+00:00,1918,,
moon,rashi,Pisces,1918-07-06T15:05:37.500000+00:00,1918,,
moon,rashi,Aries,1918-07-21T01:13:07.500000+00:00,1918,,
moon,rashi,Pisces,1918-08-02T19:58:07.500000+00:00,1918,,
moon,rashi,Aries,1918-08-17T07:24:22.500000+00:00,1918,,
moon,rashi,Pisces,1918-08-29T21:22:30+00:00,1918,,
moon,rashi,Aries,1918-09-13T10:13:07.500000+00:00,1918,,
moon,rashi,Pisces,1918-09-25T22:30:00+00:00,1918,,
moon,rashi,Aries,1918-10-10T11:20:37.500000+00:00,1918,,
moon,rashi,Pisces,1918-10-23T03:22:30+00:00,1918,,
moon,rashi,Aries,1918-11-06T14:15:00+00:00,1918,,
moon,rashi,Pisces,1918-11-19T12:45:00+00:00,1918,,
moon,rashi,Aries,1918-12-03T20:15:00+00:00,1918,,
moon,rashi,Pisces,1918-12-16T23:31:52.500000+00:00,1918,,
moon,rashi,Aries,1918-12-31T03:45:00+00:00,1918,,
moon,rashi,Pisces,1919-01-13T07:24:22.500000+00:00,1919,,
moon,rashi,Aries,1919-01-27T09:56:15+00:00,1919,,
moon,rashi,Pisces,1919-02-09T10:01:52.500000+00:00,1919,,
moon,rashi,Aries,1919-02-23T13:07:30+00:00,1919,,
moon,rashi,Pisces,1919-03-08T10:18:45+00:00,1919,,
moon,rashi,Aries,1919-03-22T14:43:07.500000+00:00,1919,,
moon,rashi,Pisces,1919-04-04T13:24:22.500000+00:00,1919,,
moon,rashi,Aries,1919-04-18T17:37:30+00:00,1919,,
moon,rashi,Pisces,1919-05-01T21:28:07.500000+00:00,1919,,
moon,rashi,Aries,1919-05-15T22:52:30+00:00,1919,,
moon,rashi,Pisces,1919-05-29T08:15:00+00:00,1919,,
moon,rashi,Aries,1919-06-12T05:15:00+00:00,1919,,
moon,rashi,Pisces,1919-06-25T17:54:22.500000+00:00,1919,,
moon,rashi,Aries,1919-07-09T11:03:45+00:00,1919,,
moon,rashi,Pisces,1919-07-22T23:31:52.500000+00:00,1919,,
moon,rashi,Aries,1919-08-05T14:43:07.500000+00:00,1919,,
moon,rashi,Pisces,1919-08-19T01:01:52.500000+00:00,1919,,
moon,rashi,Aries,1919-09-01T16:52:30+00:00,1919,,
moon,rashi,Pisces,1919-09-15T01:52:30+00:00,1919,,
moon,rashi,Aries,1919-09-28T19:30:00+00:00,1919,,
moon,rashi,Pisces,1919-10-12T06:28:07.500000+00:00,1919,,
moon,rashi,Aries,1919-10-26T00:16:52.500000+00:00,1919,,
moon,rashi,Pisces,1919-11-08T16:01:52.500000+00:00,1919,,
moon,rashi,Aries,1919-11-22T06:33:45+00:00,1919,,
moon,rashi,Pisces,1919-12-06T03:33:45+00:00,1919,,
moon,rashi,Aries,1919-12-19T12:16:52.500000+00:00,1919,,
moon,rashi,Pisces,1920-01-02T12:28:07.500000+00:00,1920,,
moon,rashi,Aries,1920-01-15T15:45:00+00:00,1920,,
moon,rashi,Pisces,1920-01-29T15:50:37.500000+00:00,1920,,
moon,rashi,Aries,1920-02-11T17:26:15+00:00,1920,,
moon,rashi,Pisces,1920-02-25T16:01:52.500000+00:00,1920,,
moon,rashi,Aries,1920-03-09T20:09:22.500000+00:00,1920,,
moon,rashi,Pisces,1920-03-23T18:33:45+00:00,1920,,
moon,rashi,Aries,1920-04-06T01:35:37.500000+00:00,1920,,
moon,rashi,Pisces,1920-04-20T01:58:07.500000+00:00,1920,,
moon,rashi,Aries,1920-05-03T08:31:52.500000+00:00,1920,,
moon,rashi,Pisces,1920-05-17T12:22:30+00:00,1920,,
moon,rashi,Aries,1920-05-30T14:43:07.500000+00:00,1920,,
moon,rashi,Pisces,1920-06-13T22:01:52.500000+00:00,1920,,
moon,rashi,Aries,1920-06-26T18:33:45+00:00,1920,,
moon,rashi,Pisces,1920-07-11T04:01:52.500000+00:00,1920,,
moon,rashi,Aries,1920-07-23T20:20:37.500000+00:00,1920,,
moon,rashi,Pisces,1920-08-07T05:54:22.500000+00:00,1920,,
moon,rashi,Aries,1920-08-19T22:24:22.500000+00:00,1920,,
moon,rashi,Pisces,1920-09-03T06:45:00+00:00,1920,,
moon,rashi,Aries,1920-09-16T03:05:37.500000+00:00,1920,,
moon,rashi,Pisces,1920-09-30T10:41:15+00:00,1920,,
moon,rashi,Aries,1920-10-13T10:35:37.500000+00:00,1920,,
moon,rashi,Pisces,1920-10-27T18:50:37.500000+00:00,1920,,
moon,rashi,Aries,1920-11-09T18:28:07.500000+00:00,1920,,
moon,rashi,Pisces,1920-11-24T05:09:22.500000+00:00,1920,,
moon,rashi,Aries,1920-12-06T23:48:45+00:00,1920,,
moon,rashi,Pisces,1920-12-21T13:30:00+00:00,1920,,
moon,rashi,Aries,1921-01-03T01:35:37.500000+00:00,1921,,
moon,rashi,Pisces,1921-01-17T16:58:07.500000+00:00,1921,,
moon,rashi,Aries,1921-01-30T02:26:15+00:00,1921,,
moon,rashi,Pisces,1921-02-13T17:31:52.500000+00:00,1921,,
moon,rashi,Aries,1921-02-26T06:39:22.500000+00:00,1921,,
moon,rashi,Pisces,1921-03-12T19:46:52.500000+00:00,1921,,
moon,rashi,Aries,1921-03-25T14:48:45+00:00,1921,,
moon,rashi,Pisces,1921-04-09T01:58:07.500000+00:00,1921,,
moon,rashi,Aries,1921-04-22T00:00:00+00:00,1921,,
moon,rashi,Pisces,1921-05-06T10:35:37.500000+00:00,1921,,
moon,rashi,Aries,1921-05-19T07:01:52.500000+00:00,1921,,
moon,rashi,Pisces,1921-06-02T18:39:22.500000+00:00,1921,,
moon,rashi,Aries,1921-06-15T10:18:45+00:00,1921,,
moon,rashi,Pisces,1921-06-29T23:37:30+00:00,1921,,
moon,rashi,Aries,1921-07-12T11:15:00+00:00,1921,,
moon,rashi,Pisces,1921-07-27T01:30:00+00:00,1921,,
moon,rashi,Aries,1921-08-08T13:30:00+00:00,1921,,
moon,rashi,Pisces,1921-08-23T03:00:00+00:00,1921,,
moon,rashi,Aries,1921-09-04T19:46:52.500000+00:00,1921,,
moon,rashi,Pisces,1921-09-19T06:50:37.500000+00:00,1921,,
moon,rashi,Aries,1921-10-02T05:31:52.500000+00:00,1921,,
moon,rashi,Pisces,1921-10-16T13:41:15+00:00,1921,,
moon,rashi,Aries,1921-10-29T15:16:52.500000+00:00,1921,,
moon,rashi,Pisces,1921-11-12T21:28:07.500000+00:00,1921,,
moon,rashi,Aries,1921-11-25T21:33:45+00:00,1921,,
moon,rashi,Pisces,1921-12-10T03:28:07.500000+00:00,1921,,
moon,rashi,Aries,1921-12-22T22:58:07.500000+00:00,1921,,
moon,rashi,Pisces,1922-01-06T06:05:37.500000+00:00,1922,,
moon,rashi,Aries,1922-01-18T23:31:52.500000+00:00,1922,,
moon,rashi,Pisces,1922-02-02T07:24:22.500000+00:00,1922,,
moon,rashi,Aries,1922-02-15T04:07:30+00:00,1922,,
moon,rashi,Pisces,1922-03-01T10:41:15+00:00,1922,,
moon,rashi,Aries,1922-03-14T13:46:52.500000+00:00,1922,,
moon,rashi,Pisces,1922-03-28T16:30:00+00:00,1922,,
moon,rashi,Aries,1922-04-11T00:45:00+00:00,1922,,
moon,rashi,Pisces,1922-04-24T23:09:22.500000+00:00,1922,,
moon,rashi,Aries,1922-05-08T09:11:15+00:00,1922,,
moon,rashi,Pisces,1922-05-22T04:35:37.500000+00:00,1922,,
moon,rashi,Aries,1922-06-04T12:50:37.500000+00:00,1922,,
moon,rashi,Pisces,1922-06-18T07:41:15+00:00,1922,,
moon,rashi,Aries,1922-07-01T13:35:37.500000+00:00,1922,,
moon,rashi,Pisces,1922-07-15T09:45:00+00:00,1922,,
moon,rashi,Aries,1922-07-28T15:33:45+00:00,1922,,
moon,rashi,Pisces,1922-08-11T12:50:37.500000+00:00,1922,,
moon,rashi,Aries,1922-08-24T22:01:52.500000+00:00,1922,,
moon,rashi,Pisces,1922-09-07T18:00:00+00:00,1922,,
moon,rashi,Aries,1922-09-21T08:26:15+00:00,1922,,
moon,rashi,Pisces,1922-10-05T00:16:52.500000+00:00,1922,,
moon,rashi,Aries,1922-10-18T19:13:07.500000+00:00,1922,,
moon,rashi,Pisces,1922-11-01T05:48:45+00:00,1922,,
moon,rashi,Aries,1922-11-15T02:31:52.500000+00:00,1922,,
moon,rashi,Pisces,1922-11-28T09:05:37.500000+00:00,1922,,
moon,rashi,Aries,1922-12-12T04:35:37.500000+00:00,1922,,
moon,rashi,Pisces,1922-12-25T10:46:52.500000+00:00,1922,,
moon,rashi,Aries,1923-01-08T04:46:52.500000+00:00,1923,,
moon,rashi,Pisces,1923-01-21T13:46:52.500000+00:00,1923,,
moon,rashi,Aries,1923-02-04T08:43:07.500000+00:00,1923,,
moon,rashi,Pisces,1923-02-17T19:24:22.500000+00:00,1923,,
moon,rashi,Aries,1923-03-03T17:54:22.500000+00:00,1923,,
moon,rashi,Pisces,1923-03-17T02:09:22.500000+00:00,1923,,
moon,rashi,Aries,1923-03-31T05:03:45+00:00,1923,,
moon,rashi,Pisces,1923-04-13T07:41:15+00:00,1923,,
moon,rashi,Aries,1923-04-27T13:58:07.500000+00:00,1923,,
moon,rashi,Pisces,1923-05-10T10:46:52.500000+00:00,1923,,
moon,rashi,Aries,1923-05-24T18:11:15+00:00,1923,,
moon,rashi,Pisces,1923-06-06T12:28:07.500000+00:00,1923,,
moon,rashi,Aries,1923-06-20T19:01:52.500000+00:00,1923,,
moon,rashi,Pisces,1923-07-03T15:16:52.500000+00:00,1923,,
moon,rashi,Aries,1923-07-17T20:43:07.500000+00:00,1923,,
moon,rashi,Pisces,1923-07-30T20:48:45+00:00,1923,,
moon,rashi,Aries,1923-08-14T02:20:37.500000+00:00,1923,,
moon,rashi,Pisces,1923-08-27T04:13:07.500000+00:00,1923,,
moon,rashi,Aries,1923-09-10T11:37:30+00:00,1923,,
moon,rashi,Pisces,1923-09-23T11:15:00+00:00,1923,,
moon,rashi,Aries,1923-10-07T21:39:22.500000+00:00,1923,,
moon,rashi,Pisces,1923-10-20T15:33:45+00:00,1923,,
moon,rashi,Aries,1923-11-04T04:52:30+00:00,1923,,
moon,rashi,Pisces,1923-11-16T17:03:45+00:00,1923,,
moon,rashi,Aries,1923-12-01T07:13:07.500000+00:00,1923,,
moon,rashi,Pisces,1923-12-13T18:28:07.500000+00:00,1923,,
moon,rashi,Aries,1923-12-28T07:41:15+00:00,1923,,
moon,rashi,Pisces,1924-01-09T23:31:52.500000+00:00,1924,,
moon,rashi,Aries,1924-01-24T10:58:07.500000+00:00,1924,,
moon,rashi,Pisces,1924-02-06T08:03:45+00:00,1924,,
moon,rashi,Aries,1924-02-20T18:33:45+00:00,1924,,
moon,rashi,Pisces,1924-03-04T16:41:15+00:00,1924,,
moon,rashi,Aries,1924-03-19T04:01:52.500000+00:00,1924,,
moon,rashi,Pisces,1924-03-31T22:24:22.500000+00:00,1924,,
moon,rashi,Aries,1924-04-15T11:43:07.500000+00:00,1924,,
moon,rashi,Pisces,1924-04-28T00:22:30+00:00,1924,,
moon,rashi,Aries,1924-05-12T15:28:07.500000+00:00,1924,,
moon,rashi,Pisces,1924-05-25T01:18:45+00:00,1924,,
moon,rashi,Aries,1924-06-08T16:41:15+00:00,1924,,
moon,rashi,Pisces,1924-06-21T04:58:07.500000+00:00,1924,,
moon,rashi,Aries,1924-07-05T18:39:22.500000+00:00,1924,,
moon,rashi,Pisces,1924-07-18T12:39:22.500000+00:00,1924,,
moon,rashi,Aries,1924-08-01T23:43:07.500000+00:00,1924,,
moon,rashi,Pisces,1924-08-14T22:24:22.500000+00:00,1924,,
moon,rashi,Aries,1924-08-29T07:13:07.500000+00:00,1924,,
moon,rashi,Pisces,1924-09-11T06:50:37.500000+00:00,1924,,
moon,rashi,Aries,1924-09-25T15:00:00+00:00,1924,,
moon,rashi,Pisces,1924-10-08T11:26:15+00:00,1924,,
moon,rashi,Aries,1924-10-22T20:20:37.500000+00:00,1924,,
moon,rashi,Pisces,1924-11-04T12:16:52.500000+00:00,1924,,
moon,rashi,Aries,1924-11-18T22:30:00+00:00,1924,,
moon,rashi,Pisces,1924-12-01T13:35:37.500000+00:00,1924,,
moon,rashi,Aries,1924-12-15T23:48:45+00:00,1924,,
moon,rashi,Pisces,1924-12-28T19:35:37.500000+00:00,1924,,
moon,rashi,Aries,1925-01-12T03:39:22.500000+00:00,1925,,
moon,rashi,Pisces,1925-01-25T06:05:37.500000+00:00,1925,,
moon,rashi,Aries,1925-02-08T10:07:30+00:00,1925,,
moon,rashi,Pisces,1925-02-21T16:41:15+00:00,1925,,
moon,rashi,Aries,1925-03-07T17:09:22.500000+00:00,1925,,
moon,rashi,Pisces,1925-03-20T23:31:52.500000+00:00,1925,,
moon,rashi,Aries,1925-04-03T22:13:07.500000+00:00,1925,,
moon,rashi,Pisces,1925-04-17T01:30:00+00:00,1925,,
moon,rashi,Aries,1925-05-01T00:45:00+00:00,1925,,
moon,rashi,Pisces,1925-05-14T02:03:45+00:00,1925,,
moon,rashi,Aries,1925-05-28T02:43:07.500000+00:00,1925,,
moon,rashi,Pisces,1925-06-10T05:48:45+00:00,1925,,
moon,rashi,Aries,1925-06-24T06:16:52.500000+00:00,1925,,
moon,rashi,Pisces,1925-07-07T14:09:22.500000+00:00,1925,,
moon,rashi,Aries,1925-07-21T11:48:45+00:00,1925,,
moon,rashi,Pisces,1925-08-04T01:01:52.500000+00:00,1925,,
moon,rashi,Aries,1925-08-17T18:05:37.500000+00:00,1925,,
moon,rashi,Pisces,1925-08-31T10:41:15+00:00,1925,,
moon,rashi,Aries,1925-09-13T23:15:00+00:00,1925,,
moon,rashi,Pisces,1925-09-27T16:07:30+00:00,1925,,
moon,rashi,Aries,1925-10-11T02:15:00+00:00,1925,,
moon,rashi,Pisces,1925-10-24T17:09:22.500000+00:00,1925,,
moon,rashi,Aries,1925-11-07T04:07:30+00:00,1925,,
moon,rashi,Pisces,1925-11-20T18:05:37.500000+00:00,1925,,
moon,rashi,Aries,1925-12-04T07:24:22.500000+00:00,1925,,
moon,rashi,Pisces,1925-12-17T23:31:52.500000+00:00,1925,,
moon,rashi,Aries,1925-12-31T13:07:30+00:00,1925,,
moon,rashi,Pisces,1926-01-14T09:56:15+00:00,1926,,
moon,rashi,Aries,1926-01-27T19:46:52.500000+00:00,1926,,
moon,rashi,Pisces,1926-02-10T21:11:15+00:00,1926,,
moon,rashi,Aries,1926-02-24T00:50:37.500000+00:00,1926,,
moon,rashi,Pisces,1926-03-10T04:46:52.500000+00:00,1926,,
moon,rashi,Aries,1926-03-23T03:28:07.500000+00:00,1926,,
moon,rashi,Pisces,1926-04-06T07:18:45+00:00,1926,,
moon,rashi,Aries,1926-04-19T05:09:22.500000+00:00,1926,,
moon,rashi,Pisces,1926-05-03T07:46:52.500000+00:00,1926,,
moon,rashi,Aries,1926-05-16T08:37:30+00:00,1926,,
moon,rashi,Pisces,1926-05-30T10:58:07.500000+00:00,1926,,
moon,rashi,Aries,1926-06-12T14:43:07.500000+00:00,1926,,
moon,rashi,Pisces,1926-06-26T18:28:07.500000+00:00,1926,,
moon,rashi,Aries,1926-07-09T21:56:15+00:00,1926,,
moon,rashi,Pisces,1926-07-24T04:35:37.500000+00:00,1926,,
moon,rashi,Aries,1926-08-06T03:56:15+00:00,1926,,
moon,rashi,Pisces,1926-08-20T14:03:45+00:00,1926,,
moon,rashi,Aries,1926-09-02T07:18:45+00:00,1926,,
moon,rashi,Pisces,1926-09-16T19:41:15+00:00,1926,,
moon,rashi,Aries,1926-09-29T08:43:07.500000+00:00,1926,,
moon,rashi,Pisces,1926-10-13T21:05:37.500000+00:00,1926,,
moon,rashi,Aries,1926-10-26T10:58:07.500000+00:00,1926,,
moon,rashi,Pisces,1926-11-09T21:56:15+00:00,1926,,
moon,rashi,Aries,1926-11-22T16:41:15+00:00,1926,,
moon,rashi,Pisces,1926-12-07T02:31:52.500000+00:00,1926,,
moon,rashi,Aries,1926-12-20T01:13:07.500000+00:00,1926,,
moon,rashi,Pisces,1927-01-03T11:15:00+00:00,1927,,
moon,rashi,Aries,1927-01-16T09:11:15+00:00,1927,,
moon,rashi,Pisces,1927-01-30T21:05:37.500000+00:00,1927,,
moon,rashi,Aries,1927-02-12T13:46:52.500000+00:00,1927,,
moon,rashi,Pisces,1927-02-27T04:01:52.500000+00:00,1927,,
moon,rashi,Aries,1927-03-11T14:54:22.500000+00:00,1927,,
moon,rashi,Pisces,1927-03-26T06:33:45+00:00,1927,,
moon,rashi,Aries,1927-04-07T16:18:45+00:00,1927,,
moon,rashi,Pisces,1927-04-22T07:24:22.500000+00:00,1927,,
moon,rashi,Aries,1927-05-04T21:28:07.500000+00:00,1927,,
moon,rashi,Pisces,1927-05-19T10:24:22.500000+00:00,1927,,
moon,rashi,Aries,1927-06-01T06:05:37.500000+00:00,1927,,
moon,rashi,Pisces,1927-06-15T16:46:52.500000+00:00,1927,,
moon,rashi,Aries,1927-06-28T15:16:52.500000+00:00,1927,,
moon,rashi,Pisces,1927-07-13T01:01:52.500000+00:00,1927,,
moon,rashi,Aries,1927-07-25T22:07:30+00:00,1927,,
moon,rashi,Pisces,1927-08-09T08:31:52.500000+00:00,1927,,
moon,rashi,Aries,1927-08-22T01:07:30+00:00,1927,,
moon,rashi,Pisces,1927-09-05T13:01:52.500000+00:00,1927,,
moon,rashi,Aries,1927-09-18T01:46:52.500000+00:00,1927,,
moon,rashi,Pisces,1927-10-02T14:37:30+00:00,1927,,
moon,rashi,Aries,1927-10-15T04:18:45+00:00,1927,,
moon,rashi,Pisces,1927-10-29T16:18:45+00:00,1927,,
moon,rashi,Aries,1927-11-11T11:43:07.500000+00:00,1927,,
moon,rashi,Pisces,1927-11-25T20:43:07.500000+00:00,1927,,
moon,rashi,Aries,1927-12-08T22:24:22.500000+00:00,1927,,
moon,rashi,Pisces,1927-12-23T03:45:00+00:00,1927,,
moon,rashi,Aries,1928-01-05T08:15:00+00:00,1928,,
moon,rashi,Pisces,1928-01-19T10:58:07.500000+00:00,1928,,
moon,rashi,Aries,1928-02-01T13:30:00+00:00,1928,,
moon,rashi,Pisces,1928-02-15T15:33:45+00:00,1928,,
moon,rashi,Aries,1928-02-28T14:20:37.500000+00:00,1928,,
moon,rashi,Pisces,1928-03-13T17:37:30+00:00,1928,,
moon,rashi,Aries,1928-03-26T15:28:07.500000+00:00,1928,,
moon,rashi,Pisces,1928-04-09T19:35:37.500000+00:00,1928,,
moon,rashi,Aries,1928-04-22T21:05:37.500000+00:00,1928,,
moon,rashi,Pisces,1928-05-06T23:43:07.500000+00:00,1928,,
moon,rashi,Aries,1928-05-20T06:50:37.500000+00:00,1928,,
moon,rashi,Pisces,1928-06-03T05:48:45+00:00,1928,,
moon,rashi,Aries,1928-06-16T17:31:52.500000+00:00,1928,,
moon,rashi,Pisces,1928-06-30T12:05:37.500000+00:00,1928,,
moon,rashi,Aries,1928-07-14T01:30:00+00:00,1928,,
moon,rashi,Pisces,1928-07-27T16:52:30+00:00,1928,,
moon,rashi,Aries,1928-08-10T04:58:07.500000+00:00,1928,,
moon,rashi,Pisces,1928-08-23T19:35:37.500000+00:00,1928,,
moon,rashi,Aries,1928-09-06T05:31:52.500000+00:00,1928,,
moon,rashi,Pisces,1928-09-19T21:39:22.500000+00:00,1928,,
moon,rashi,Aries,1928-10-03T07:46:52.500000+00:00,1928,,
moon,rashi,Pisces,1928-10-17T01:18:45+00:00,1928,,
moon,rashi,Aries,1928-10-30T15:00:00+00:00,1928,,
moon,rashi,Pisces,1928-11-13T07:07:30+00:00,1928,,
moon,rashi,Aries,1928-11-27T02:03:45+00:00,1928,,
moon,rashi,Pisces,1928-12-10T13:24:22.500000+00:00,1928,,
moon,rashi,Aries,1928-12-24T12:56:15+00:00,1928,,
moon,rashi,Pisces,1929-01-06T18:05:37.500000+00:00,1929,,
moon,rashi,Aries,1929-01-20T19:07:30+00:00,1929,,
moon,rashi,Pisces,1929-02-02T20:20:37.500000+00:00,1929,,
moon,rashi,Aries,1929-02-16T20:20:37.500000+00:00,1929,,
moon,rashi,Pisces,1929-03-01T22:13:07.500000+00:00,1929,,
moon,rashi,Aries,1929-03-15T21:05:37.500000+00:00,1929,,
moon,rashi,Pisces,1929-03-29T02:20:37.500000+00:00,1929,,
moon,rashi,Aries,1929-04-12T01:58:07.500000+00:00,1929,,
moon,rashi,Pisces,1929-04-25T08:48:45+00:00,1929,,
moon,rashi,Aries,1929-05-09T11:09:22.500000+00:00,1929,,
moon,rashi,Pisces,1929-05-22T15:39:22.500000+00:00,1929,,
moon,rashi,Aries,1929-06-05T21:39:22.500000+00:00,1929,,
moon,rashi,Pisces,1929-06-18T20:48:45+00:00,1929,,
moon,rashi,Aries,1929-07-03T05:48:45+00:00,1929,,
moon,rashi,Pisces,1929-07-15T23:31:52.500000+00:00,1929,,
moon,rashi,Aries,1929-07-30T09:39:22.500000+00:00,1929,,
moon,rashi,Pisces,1929-08-12T01:01:52.500000+00:00,1929,,
moon,rashi,Aries,1929-08-26T10:30:00+00:00,1929,,
moon,rashi,Pisces,1929-09-08T04:13:07.500000+00:00,1929,,
moon,rashi,Aries,1929-09-22T12:22:30+00:00,1929,,
moon,rashi,Pisces,1929-10-05T10:30:00+00:00,1929,,
moon,rashi,Aries,1929-10-19T18:28:07.500000+00:00,1929,,
moon,rashi,Pisces,1929-11-01T18:39:22.500000+00:00,1929,,
moon,rashi,Aries,1929-11-16T04:07:30+00:00,1929,,
moon,rashi,Pisces,1929-11-29T01:35:37.500000+00:00,1929,,
moon,rashi,Aries,1929-12-13T13:58:07.500000+00:00,1929,,
moon,rashi,Pisces,1929-12-26T05:03:45+00:00,1929,,
moon,rashi,Aries,1930-01-09T19:58:07.500000+00:00,1930,,
moon,rashi,Pisces,1930-01-22T05:54:22.500000+00:00,1930,,
moon,rashi,Aries,1930-02-05T21:28:07.500000+00:00,1930,,
moon,rashi,Pisces,1930-02-18T08:03:45+00:00,1930,,
moon,rashi,Aries,1930-03-04T22:18:45+00:00,1930,,
moon,rashi,Pisces,1930-03-17T14:20:37.500000+00:00,1930,,
moon,rashi,Aries,1930-04-01T02:31:52.500000+00:00,1930,,
moon,rashi,Pisces,1930-04-13T23:31:52.500000+00:00,1930,,
moon,rashi,Aries,1930-04-28T10:13:07.500000+00:00,1930,,
moon,rashi,Pisces,1930-05-11T08:03:45+00:00,1930,,
moon,rashi,Aries,1930-05-25T18:50:37.500000+00:00,1930,,
moon,rashi,Pisces,1930-06-07T13:18:45+00:00,1930,,
moon,rashi,Aries,1930-06-22T01:35:37.500000+00:00,1930,,
moon,rashi,Pisces,1930-07-04T15:05:37.500000+00:00,1930,,
moon,rashi,Aries,1930-07-19T04:52:30+00:00,1930,,
moon,rashi,Pisces,1930-07-31T16:13:07.500000+00:00,1930,,
moon,rashi,Aries,1930-08-15T06:11:15+00:00,1930,,
moon,rashi,Pisces,1930-08-27T20:15:00+00:00,1930,,
moon,rashi,Aries,1930-09-11T08:37:30+00:00,1930,,
moon,rashi,Pisces,1930-09-24T04:35:37.500000+00:00,1930,,
moon,rashi,Aries,1930-10-08T13:58:07.500000+00:00,1930,,
moon,rashi,Pisces,1930-10-21T14:54:22.500000+00:00,1930,,
moon,rashi,Aries,1930-11-04T21:39:22.500000+00:00,1930,,
moon,rashi,Pisces,1930-11-17T23:20:37.500000+00:00,1930,,
moon,rashi,Aries,1930-12-02T04:52:30+00:00,1930,,
moon,rashi,Pisces,1930-12-15T03:05:37.500000+00:00,1930,,
moon,rashi,Aries,1930-12-29T09:05:37.500000+00:00,1930,,
moon,rashi,Pisces,1931-01-11T03:22:30+00:00,1931,,
moon,rashi,Aries,1931-01-25T10:41:15+00:00,1931,,
moon,rashi,Pisces,1931-02-07T05:31:52.500000+00:00,1931,,
moon,rashi,Aries,1931-02-21T12:45:00+00:00,1931,,
moon,rashi,Pisces,1931-03-06T12:50:37.500000+00:00,1931,,
moon,rashi,Aries,1931-03-20T17:20:37.500000+00:00,1931,,
moon,rashi,Pisces,1931-04-02T23:43:07.500000+00:00,1931,,
moon,rashi,Aries,1931-04-16T23:48:45+00:00,1931,,
moon,rashi,Pisces,1931-04-30T09:50:37.500000+00:00,1931,,
moon,rashi,Aries,1931-05-14T06:05:37.500000+00:00,1931,,
moon,rashi,Pisces,1931-05-27T16:01:52.500000+00:00,1931,,
moon,rashi,Aries,1931-06-10T10:18:45+00:00,1931,,
moon,rashi,Pisces,1931-06-23T17:48:45+00:00,1931,,
moon,rashi,Aries,1931-07-07T12:39:22.500000+00:00,1931,,
moon,rashi,Pisces,1931-07-20T18:39:22.500000+00:00,1931,,
moon,rashi,Aries,1931-08-03T15:00:00+00:00,1931,,
moon,rashi,Pisces,1931-08-16T22:41:15+00:00,1931,,
moon,rashi,Aries,1931-08-30T19:07:30+00:00,1931,,
moon,rashi,Pisces,1931-09-13T07:18:45+00:00,1931,,
moon,rashi,Aries,1931-09-27T01:07:30+00:00,1931,,
moon,rashi,Pisces,1931-10-10T18:22:30+00:00,1931,,
moon,rashi,Aries,1931-10-24T07:18:45+00:00,1931,,
moon,rashi,Pisces,1931-11-07T04:01:52.500000+00:00,1931,,
moon,rashi,Aries,1931-11-20T11:43:07.500000+00:00,1931,,
moon,rashi,Pisces,1931-12-04T08:37:30+00:00,1931,,
moon,rashi,Aries,1931-12-17T13:58:07.500000+00:00,1931,,
moon,rashi,Pisces,1931-12-31T09:05:37.500000+00:00,1931,,
moon,rashi,Aries,1932-01-13T15:56:15+00:00,1932,,
moon,rashi,Pisces,1932-01-27T10:35:37.500000+00:00,1932,,
moon,rashi,Aries,1932-02-09T20:20:37.500000+00:00,1932,,
moon,rashi,Pisces,1932-02-23T17:15:00+00:00,1932,,
moon,rashi,Aries,1932-03-08T02:54:22.500000+00:00,1932,,
moon,rashi,Pisces,1932-03-22T03:56:15+00:00,1932,,
moon,rashi,Aries,1932-04-04T09:16:52.500000+00:00,1932,,
moon,rashi,Pisces,1932-04-18T14:26:15+00:00,1932,,
moon,rashi,Aries,1932-05-01T13:35:37.500000+00:00,1932,,
moon,rashi,Pisces,1932-05-15T21:05:37.500000+00:00,1932,,
moon,rashi,Aries,1932-05-28T15:45:00+00:00,1932,,
moon,rashi,Pisces,1932-06-11T23:20:37.500000+00:00,1932,,
moon,rashi,Aries,1932-06-24T17:37:30+00:00,1932,,
moon,rashi,Pisces,1932-07-09T00:05:37.500000+00:00,1932,,
moon,rashi,Aries,1932-07-21T21:45:00+00:00,1932,,
moon,rashi,Pisces,1932-08-05T03:28:07.500000+00:00,1932,,
moon,rashi,Aries,1932-08-18T04:30:00+00:00,1932,,
moon,rashi,Pisces,1932-09-01T11:03:45+00:00,1932,,
moon,rashi,Aries,1932-09-14T12:05:37.500000+00:00,1932,,
moon,rashi,Pisces,1932-09-28T21:11:15+00:00,1932,,
moon,rashi,Aries,1932-10-11T18:05:37.500000+00:00,1932,,
moon,rashi,Pisces,1932-10-26T06:11:15+00:00,1932,,
moon,rashi,Aries,1932-11-07T20:48:45+00:00,1932,,
moon,rashi,Pisces,1932-11-22T11:03:45+00:00,1932,,
moon,rashi,Aries,1932-12-04T21:45:00+00:00,1932,,
moon,rashi,Pisces,1932-12-19T11:48:45+00:00,1932,,
moon,rashi,Aries,1933-01-01T00:39:22.500000+00:00,1933,,
moon,rashi,Pisces,1933-01-15T13:13:07.500000+00:00,1933,,
moon,rashi,Aries,1933-01-28T07:46:52.500000+00:00,1933,,
moon,rashi,Pisces,1933-02-11T18:45:00+00:00,1933,,
moon,rashi,Aries,1933-02-24T16:52:30+00:00,1933,,
moon,rashi,Pisces,1933-03-11T03:39:22.500000+00:00,1933,,
moon,rashi,Aries,1933-03-24T00:28:07.500000+00:00,1933,,
moon,rashi,Pisces,1933-04-07T12:33:45+00:00,1933,,
moon,rashi,Aries,1933-04-20T04:07:30+00:00,1933,,
moon,rashi,Pisces,1933-05-04T18:22:30+00:00,1933,,
moon,rashi,Aries,1933-05-17T05:09:22.500000+00:00,1933,,
moon,rashi,Pisces,1933-05-31T20:31:52.500000+00:00,1933,,
moon,rashi,Aries,1933-06-13T07:07:30+00:00,1933,,
moon,rashi,Pisces,1933-06-27T21:45:00+00:00,1933,,
moon,rashi,Aries,1933-07-10T12:45:00+00:00,1933,,
moon,rashi,Pisces,1933-07-25T01:07:30+00:00,1933,,
moon,rashi,Aries,1933-08-06T21:50:37.500000+00:00,1933,,
moon,rashi,Pisces,1933-08-21T07:35:37.500000+00:00,1933,,
moon,rashi,Aries,1933-09-03T07:30:00+00:00,1933,,
moon,rashi,Pisces,1933-09-17T15:33:45+00:00,1933,,
moon,rashi,Aries,1933-09-30T14:20:37.500000+00:00,1933,,
moon,rashi,Pisces,1933-10-14T22:24:22.500000+00:00,1933,,
moon,rashi,Aries,1933-10-27T16:46:52.500000+00:00,1933,,
moon,rashi,Pisces,1933-11-11T02:03:45+00:00,1933,,
moon,rashi,Aries,1933-11-23T17:09:22.500000+00:00,1933,,
moon,rashi,Pisces,1933-12-08T03:16:52.500000+00:00,1933,,
moon,rashi,Aries,1933-12-20T20:26:15+00:00,1933,,
moon,rashi,Pisces,1934-01-04T05:37:30+00:00,1934,,
moon,rashi,Aries,1934-01-17T05:03:45+00:00,1934,,
moon,rashi,Pisces,1934-01-31T10:58:07.500000+00:00,1934,,
moon,rashi,Aries,1934-02-13T16:13:07.500000+00:00,1934,,
moon,rashi,Pisces,1934-02-27T18:00:00+00:00,1934,,
moon,rashi,Aries,1934-03-13T01:24:22.500000+00:00,1934,,
moon,rashi,Pisces,1934-03-27T00:11:15+00:00,1934,,
moon,rashi,Aries,1934-04-09T05:37:30+00:00,1934,,
moon,rashi,Pisces,1934-04-23T03:56:15+00:00,1934,,
moon,rashi,Aries,1934-05-06T06:22:30+00:00,1934,,
moon,rashi,Pisces,1934-05-20T05:54:22.500000+00:00,1934,,
moon,rashi,Aries,1934-06-02T08:03:45+00:00,1934,,
moon,rashi,Pisces,1934-06-16T08:31:52.500000+00:00,1934,,
moon,rashi,Aries,1934-06-29T14:03:45+00:00,1934,,
moon,rashi,Pisces,1934-07-13T13:07:30+00:00,1934,,
moon,rashi,Aries,1934-07-27T00:00:00+00:00,1934,,
moon,rashi,Pisces,1934-08-09T19:13:07.500000+00:00,1934,,
moon,rashi,Aries,1934-08-23T10:46:52.500000+00:00,1934,,
moon,rashi,Pisces,1934-09-06T01:07:30+00:00,1934,,
moon,rashi,Aries,1934-09-19T18:45:00+00:00,1934,,
moon,rashi,Pisces,1934-10-03T05:15:00+00:00,1934,,
moon,rashi,Aries,1934-10-16T21:45:00+00:00,1934,,
moon,rashi,Pisces,1934-10-30T07:24:22.500000+00:00,1934,,
moon,rashi,Aries,1934-11-12T22:01:52.500000+00:00,1934,,
moon,rashi,Pisces,1934-11-26T09:45:00+00:00,1934,,
moon,rashi,Aries,1934-12-10T00:50:37.500000+00:00,1934,,
moon,rashi,Pisces,1934-12-23T14:20:37.500000+00:00,1934,,
moon,rashi,Aries,1935-01-06T09:00:00+00:00,1935,,
moon,rashi,Pisces,1935-01-19T20:54:22.500000+00:00,1935,,
moon,rashi,Aries,1935-02-02T20:26:15+00:00,1935,,
moon,rashi,Pisces,1935-02-16T03:00:00+00:00,1935,,
moon,rashi,Aries,1935-03-02T06:16:52.500000+00:00,1935,,
moon,rashi,Pisces,1935-03-15T06:45:00+00:00,1935,,
moon,rashi,Aries,1935-03-29T11:20:37.500000+00:00,1935,,
moon,rashi,Pisces,1935-04-11T08:31:52.500000+00:00,1935,,
moon,rashi,Aries,1935-04-25T12:16:52.500000+00:00,1935,,
moon,rashi,Pisces,1935-05-08T10:52:30+00:00,1935,,
moon,rashi,Aries,1935-05-22T13:35:37.500000+00:00,1935,,
moon,rashi,Pisces,1935-06-04T15:45:00+00:00,1935,,
moon,rashi,Aries,1935-06-18T18:50:37.500000+00:00,1935,,
moon,rashi,Pisces,1935-07-01T22:41:15+00:00,1935,,
moon,rashi,Aries,1935-07-16T03:56:15+00:00,1935,,
moon,rashi,Pisces,1935-07-29T05:37:30+00:00,1935,,
moon,rashi,Aries,1935-08-12T14:15:00+00:00,1935,,
moon,rashi,Pisces,1935-08-25T10:30:00+00:00,1935,,
moon,rashi,Aries,1935-09-08T22:07:30+00:00,1935,,
moon,rashi,Pisces,1935-09-21T12:33:45+00:00,1935,,
moon,rashi,Aries,1935-10-06T01:30:00+00:00,1935,,
moon,rashi,Pisces,1935-10-18T13:52:30+00:00,1935,,
moon,rashi,Aries,1935-11-02T02:03:45+00:00,1935,,
moon,rashi,Pisces,1935-11-14T17:43:07.500000+00:00,1935,,
moon,rashi,Aries,1935-11-29T04:18:45+00:00,1935,,
moon,rashi,Pisces,1935-12-12T01:13:07.500000+00:00,1935,,
moon,rashi,Aries,1935-12-26T11:03:45+00:00,1935,,
moon,rashi,Pisces,1936-01-08T10:01:52.500000+00:00,1936,,
moon,rashi,Aries,1936-01-22T20:48:45+00:00,1936,,
moon,rashi,Pisces,1936-02-04T16:35:37.500000+00:00,1936,,
moon,rashi,Aries,1936-02-19T05:37:30+00:00,1936,,
moon,rashi,Pisces,1936-03-02T19:07:30+00:00,1936,,
moon,rashi,Aries,1936-03-17T10:18:45+00:00,1936,,
moon,rashi,Pisces,1936-03-29T19:52:30+00:00,1936,,
moon,rashi,Aries,1936-04-13T11:31:52.500000+00:00,1936,,
moon,rashi,Pisces,1936-04-25T22:52:30+00:00,1936,,
moon,rashi,Aries,1936-05-10T13:01:52.500000+00:00,1936,,
moon,rashi,Pisces,1936-05-23T06:00:00+00:00,1936,,
moon,rashi,Aries,1936-06-06T17:43:07.500000+00:00,1936,,
moon,rashi,Pisces,1936-06-19T15:16:52.500000+00:00,1936,,
moon,rashi,Aries,1936-07-04T01:18:45+00:00,1936,,
moon,rashi,Pisces,1936-07-16T23:48:45+00:00,1936,,
moon,rashi,Aries,1936-07-31T09:28:07.500000+00:00,1936,,
moon,rashi,Pisces,1936-08-13T04:46:52.500000+00:00,1936,,
moon,rashi,Aries,1936-08-27T15:39:22.500000+00:00,1936,,
moon,rashi,Pisces,1936-09-09T06:16:52.500000+00:00,1936,,
moon,rashi,Aries,1936-09-23T18:28:07.500000+00:00,1936,,
moon,rashi,Pisces,1936-10-06T07:13:07.500000+00:00,1936,,
moon,rashi,Aries,1936-10-20T19:41:15+00:00,1936,,
moon,rashi,Pisces,1936-11-02T12:00:00+00:00,1936,,
moon,rashi,Aries,1936-11-16T22:35:37.500000+00:00,1936,,
moon,rashi,Pisces,1936-11-29T21:28:07.500000+00:00,1936,,
moon,rashi,Aries,1936-12-14T04:30:00+00:00,1936,,
moon,rashi,Pisces,1936-12-27T08:26:15+00:00,1936,,
moon,rashi,Aries,1937-01-10T11:54:22.500000+00:00,1937,,
moon,rashi,Pisces,1937-01-23T16:18:45+00:00,1937,,
moon,rashi,Aries,1937-02-06T18:00:00+00:00,1937,,
moon,rashi,Pisces,1937-02-19T19:01:52.500000+00:00,1937,,
moon,rashi,Aries,1937-03-05T21:11:15+00:00,1937,,
moon,rashi,Pisces,1937-03-18T19:18:45+00:00,1937,,
moon,rashi,Aries,1937-04-01T22:46:52.500000+00:00,1937,,
moon,rashi,Pisces,1937-04-14T22:24:22.500000+00:00,1937,,
moon,rashi,Aries,1937-04-29T01:46:52.500000+00:00,1937,,
moon,rashi,Pisces,1937-05-12T06:16:52.500000+00:00,1937,,
moon,rashi,Aries,1937-05-26T06:56:15+00:00,1937,,
moon,rashi,Pisces,1937-06-08T16:58:07.500000+00:00,1937,,
moon,rashi,Aries,1937-06-22T13:24:22.500000+00:00,1937,,
moon,rashi,Pisces,1937-07-06T02:43:07.500000+00:00,1937,,
moon,rashi,Aries,1937-07-19T19:07:30+00:00,1937,,
moon,rashi,Pisces,1937-08-02T08:37:30+00:00,1937,,
moon,rashi,Aries,1937-08-15T22:46:52.500000+00:00,1937,,
moon,rashi,Pisces,1937-08-29T10:13:07.500000+00:00,1937,,
moon,rashi,Aries,1937-09-12T00:56:15+00:00,1937,,
moon,rashi,Pisces,1937-09-25T10:58:07.500000+00:00,1937,,
moon,rashi,Aries,1937-10-09T03:33:45+00:00,1937,,
moon,rashi,Pisces,1937-10-22T15:28:07.500000+00:00,1937,,
moon,rashi,Aries,1937-11-05T08:20:37.500000+00:00,1937,,
moon,rashi,Pisces,1937-11-19T00:56:15+00:00,1937,,
moon,rashi,Aries,1937-12-02T14:43:07.500000+00:00,1937,,
moon,rashi,Pisces,1937-12-16T12:33:45+00:00,1937,,
moon,rashi,Aries,1937-12-29T20:26:15+00:00,1937,,
moon,rashi,Pisces,1938-01-12T21:28:07.500000+00:00,1938,,
moon,rashi,Aries,1938-01-25T23:48:45+00:00,1938,,
moon,rashi,Pisces,1938-02-09T00:56:15+00:00,1938,,
moon,rashi,Aries,1938-02-22T01:30:00+00:00,1938,,
moon,rashi,Pisces,1938-03-08T01:13:07.500000+00:00,1938,,
moon,rashi,Aries,1938-03-21T04:13:07.500000+00:00,1938,,
moon,rashi,Pisces,1938-04-04T03:39:22.500000+00:00,1938,,
moon,rashi,Aries,1938-04-17T09:39:22.500000+00:00,1938,,
moon,rashi,Pisces,1938-05-01T10:46:52.500000+00:00,1938,,
moon,rashi,Aries,1938-05-14T16:41:15+00:00,1938,,
moon,rashi,Pisces,1938-05-28T21:00:00+00:00,1938,,
moon,rashi,Aries,1938-06-10T22:58:07.500000+00:00,1938,,
moon,rashi,Pisces,1938-06-25T06:45:00+00:00,1938,,
moon,rashi,Aries,1938-07-08T02:54:22.500000+00:00,1938,,
moon,rashi,Pisces,1938-07-22T12:56:15+00:00,1938,,
moon,rashi,Aries,1938-08-04T04:41:15+00:00,1938,,
moon,rashi,Pisces,1938-08-18T15:00:00+00:00,1938,,
moon,rashi,Aries,1938-08-31T06:39:22.500000+00:00,1938,,
moon,rashi,Pisces,1938-09-14T15:45:00+00:00,1938,,
moon,rashi,Aries,1938-09-27T11:20:37.500000+00:00,1938,,
moon,rashi,Pisces,1938-10-11T19:24:22.500000+00:00,1938,,
moon,rashi,Aries,1938-10-24T18:56:15+00:00,1938,,
moon,rashi,Pisces,1938-11-08T03:33:45+00:00,1938,,
moon,rashi,Aries,1938-11-21T02:54:22.500000+00:00,1938,,
moon,rashi,Pisces,1938-12-05T13:46:52.500000+00:00,1938,,
moon,rashi,Aries,1938-12-18T08:20:37.500000+00:00,1938,,
moon,rashi,Pisces,1939-01-01T22:07:30+00:00,1939,,
moon,rashi,Aries,1939-01-14T10:07:30+00:00,1939,,
moon,rashi,Pisces,1939-01-29T01:41:15+00:00,1939,,
moon,rashi,Aries,1939-02-10T10:58:07.500000+00:00,1939,,
moon,rashi,Pisces,1939-02-25T02:15:00+00:00,1939,,
moon,rashi,Aries,1939-03-09T15:05:37.500000+00:00,1939,,
moon,rashi,Pisces,1939-03-24T04:24:22.500000+00:00,1939,,
moon,rashi,Aries,1939-04-05T23:15:00+00:00,1939,,
moon,rashi,Pisces,1939-04-20T10:30:00+00:00,1939,,
moon,rashi,Aries,1939-05-03T08:31:52.500000+00:00,1939,,
moon,rashi,Pisces,1939-05-17T19:01:52.500000+00:00,1939,,
moon,rashi,Aries,1939-05-30T15:45:00+00:00,1939,,
moon,rashi,Pisces,1939-06-14T03:00:00+00:00,1939,,
moon,rashi,Aries,1939-06-26T19:07:30+00:00,1939,,
moon,rashi,Pisces,1939-07-11T08:03:45+00:00,1939,,
moon,rashi,Aries,1939-07-23T20:03:45+00:00,1939,,
moon,rashi,Pisces,1939-08-07T10:01:52.500000+00:00,1939,,
moon,rashi,Aries,1939-08-19T22:13:07.500000+00:00,1939,,
moon,rashi,Pisces,1939-09-03T11:31:52.500000+00:00,1939,,
moon,rashi,Aries,1939-09-16T04:24:22.500000+00:00,1939,,
moon,rashi,Pisces,1939-09-30T15:16:52.500000+00:00,1939,,
moon,rashi,Aries,1939-10-13T14:09:22.500000+00:00,1939,,
moon,rashi,Pisces,1939-10-27T21:56:15+00:00,1939,,
moon,rashi,Aries,1939-11-10T00:11:15+00:00,1939,,
moon,rashi,Pisces,1939-11-24T05:43:07.500000+00:00,1939,,
moon,rashi,Aries,1939-12-07T06:33:45+00:00,1939,,
moon,rashi,Pisces,1939-12-21T11:37:30+00:00,1939,,
moon,rashi,Aries,1940-01-03T08:03:45+00:00,1940,,
moon,rashi,Pisces,1940-01-17T14:15:00+00:00,1940,,
moon,rashi,Aries,1940-01-30T08:31:52.500000+00:00,1940,,
moon,rashi,Pisces,1940-02-13T15:39:22.500000+00:00,1940,,
moon,rashi,Aries,1940-02-26T13:07:30+00:00,1940,,
moon,rashi,Pisces,1940-03-11T18:56:15+00:00,1940,,
moon,rashi,Aries,1940-03-24T22:35:37.500000+00:00,1940,,
moon,rashi,Pisces,1940-04-08T00:45:00+00:00,1940,,
moon,rashi,Aries,1940-04-21T09:33:45+00:00,1940,,
moon,rashi,Pisces,1940-05-05T07:18:45+00:00,1940,,
moon,rashi,Aries,1940-05-18T18:05:37.500000+00:00,1940,,
moon,rashi,Pisces,1940-06-01T12:39:22.500000+00:00,1940,,
moon,rashi,Aries,1940-06-14T22:01:52.500000+00:00,1940,,
moon,rashi,Pisces,1940-06-28T15:50:37.500000+00:00,1940,,
moon,rashi,Aries,1940-07-11T22:46:52.500000+00:00,1940,,
moon,rashi,Pisces,1940-07-25T17:54:22.500000+00:00,1940,,
moon,rashi,Aries,1940-08-08T00:39:22.500000+00:00,1940,,
moon,rashi,Pisces,1940-08-21T21:00:00+00:00,1940,,
moon,rashi,Aries,1940-09-04T06:56:15+00:00,1940,,
moon,rashi,Pisces,1940-09-18T02:09:22.500000+00:00,1940,,
moon,rashi,Aries,1940-10-01T17:15:00+00:00,1940,,
moon,rashi,Pisces,1940-10-15T08:26:15+00:00,1940,,
moon,rashi,Aries,1940-10-29T04:13:07.500000+00:00,1940,,
moon,rashi,Pisces,1940-11-11T13:58:07.500000+00:00,1940,,
moon,rashi,Aries,1940-11-25T11:37:30+00:00,1940,,
moon,rashi,Pisces,1940-12-08T17:09:22.500000+00:00,1940,,
moon,rashi,Aries,1940-12-22T13:46:52.500000+00:00,1940,,
moon,rashi,Pisces,1941-01-04T18:50:37.500000+00:00,1941,,
moon,rashi,Aries,1941-01-18T13:58:07.500000+00:00,1941,,
moon,rashi,Pisces,1941-01-31T21:56:15+00:00,1941,,
moon,rashi,Aries,1941-02-14T17:48:45+00:00,1941,,
moon,rashi,Pisces,1941-02-28T03:33:45+00:00,1941,,
moon,rashi,Aries,1941-03-14T02:48:45+00:00,1941,,
moon,rashi,Pisces,1941-03-27T10:24:22.500000+00:00,1941,,
moon,rashi,Aries,1941-04-10T13:52:30+00:00,1941,,
moon,rashi,Pisces,1941-04-23T15:56:15+00:00,1941,,
moon,rashi,Aries,1941-05-07T22:46:52.500000+00:00,1941,,
moon,rashi,Pisces,1941-05-20T19:01:52.500000+00:00,1941,,
moon,rashi,Aries,1941-06-04T03:11:15+00:00,1941,,
moon,rashi,Pisces,1941-06-16T20:43:07.500000+00:00,1941,,
moon,rashi,Aries,1941-07-01T04:07:30+00:00,1941,,
moon,rashi,Pisces,1941-07-13T23:26:15+00:00,1941,,
moon,rashi,Aries,1941-07-28T05:43:07.500000+00:00,1941,,
moon,rashi,Pisces,1941-08-10T04:58:07.500000+00:00,1941,,
moon,rashi,Aries,1941-08-24T11:09:22.500000+00:00,1941,,
moon,rashi,Pisces,1941-09-06T12:33:45+00:00,1941,,
moon,rashi,Aries,1941-09-20T20:20:37.500000+00:00,1941,,
moon,rashi,Pisces,1941-10-03T19:41:15+00:00,1941,,
moon,rashi,Aries,1941-10-18T06:22:30+00:00,1941,,
moon,rashi,Pisces,1941-10-31T00:05:37.500000+00:00,1941,,
moon,rashi,Aries,1941-11-14T13:41:15+00:00,1941,,
moon,rashi,Pisces,1941-11-27T01:30:00+00:00,1941,,
moon,rashi,Aries,1941-12-11T16:07:30+00:00,1941,,
moon,rashi,Pisces,1941-12-24T02:54:22.500000+00:00,1941,,
moon,rashi,Aries,1942-01-07T16:30:00+00:00,1942,,
moon,rashi,Pisces,1942-01-20T07:58:07.500000+00:00,1942,,
moon,rashi,Aries,1942-02-03T19:41:15+00:00,1942,,
moon,rashi,Pisces,1942-02-16T16:30:00+00:00,1942,,
moon,rashi,Aries,1942-03-03T03:11:15+00:00,1942,,
moon,rashi,Pisces,1942-03-16T01:18:45+00:00,1942,,
moon,rashi,Aries,1942-03-30T12:33:45+00:00,1942,,
moon,rashi,Pisces,1942-04-12T07:07:30+00:00,1942,,
moon,rashi,Aries,1942-04-26T20:09:22.500000+00:00,1942,,
moon,rashi,Pisces,1942-05-09T09:11:15+00:00,1942,,
moon,rashi,Aries,1942-05-24T00:00:00+00:00,1942,,
moon,rashi,Pisces,1942-06-05T10:07:30+00:00,1942,,
moon,rashi,Aries,1942-06-20T01:18:45+00:00,1942,,
moon,rashi,Pisces,1942-07-02T13:41:15+00:00,1942,,
moon,rashi,Aries,1942-07-17T03:16:52.500000+00:00,1942,,
moon,rashi,Pisces,1942-07-29T21:16:52.500000+00:00,1942,,
moon,rashi,Aries,1942-08-13T08:09:22.500000+00:00,1942,,
moon,rashi,Pisces,1942-08-26T07:01:52.500000+00:00,1942,,
moon,rashi,Aries,1942-09-09T15:33:45+00:00,1942,,
moon,rashi,Pisces,1942-09-22T15:45:00+00:00,1942,,
moon,rashi,Aries,1942-10-06T23:20:37.500000+00:00,1942,,
moon,rashi,Pisces,1942-10-19T20:31:52.500000+00:00,1942,,
moon,rashi,Aries,1942-11-03T04:41:15+00:00,1942,,
moon,rashi,Pisces,1942-11-15T21:22:30+00:00,1942,,
moon,rashi,Aries,1942-11-30T06:50:37.500000+00:00,1942,,
moon,rashi,Pisces,1942-12-12T22:30:00+00:00,1942,,
moon,rashi,Aries,1942-12-27T08:09:22.500000+00:00,1942,,
moon,rashi,Pisces,1943-01-09T04:30:00+00:00,1943,,
moon,rashi,Aries,1943-01-23T12:00:00+00:00,1943,,
moon,rashi,Pisces,1943-02-05T14:54:22.500000+00:00,1943,,
moon,rashi,Aries,1943-02-19T18:22:30+00:00,1943,,
moon,rashi,Pisces,1943-03-05T01:41:15+00:00,1943,,
moon,rashi,Aries,1943-03-19T01:18:45+00:00,1943,,
moon,rashi,Pisces,1943-04-01T08:31:52.500000+00:00,1943,,
moon,rashi,Aries,1943-04-15T06:22:30+00:00,1943,,
moon,rashi,Pisces,1943-04-28T10:41:15+00:00,1943,,
moon,rashi,Aries,1943-05-12T08:54:22.500000+00:00,1943,,
moon,rashi,Pisces,1943-05-25T11:20:37.500000+00:00,1943,,
moon,rashi,Aries,1943-06-08T10:58:07.500000+00:00,1943,,
moon,rashi,Pisces,1943-06-21T14:54:22.500000+00:00,1943,,
moon,rashi,Aries,1943-07-05T14:31:52.500000+00:00,1943,,
moon,rashi,Pisces,1943-07-18T22:58:07.500000+00:00,1943,,
moon,rashi,Aries,1943-08-01T20:03:45+00:00,1943,,
moon,rashi,Pisces,1943-08-15T09:50:37.500000+00:00,1943,,
moon,rashi,Aries,1943-08-29T02:15:00+00:00,1943,,
moon,rashi,Pisces,1943-09-11T19:41:15+00:00,1943,,
moon,rashi,Aries,1943-09-25T07:24:22.500000+00:00,1943,,
moon,rashi,Pisces,1943-10-09T01:18:45+00:00,1943,,
moon,rashi,Aries,1943-10-22T10:18:45+00:00,1943,,
moon,rashi,Pisces,1943-11-05T02:26:15+00:00,1943,,
moon,rashi,Aries,1943-11-18T12:11:15+00:00,1943,,
moon,rashi,Pisces,1943-12-02T03:11:15+00:00,1943,,
moon,rashi,Aries,1943-12-15T15:33:45+00:00,1943,,
moon,rashi,Pisces,1943-12-29T08:37:30+00:00,1943,,
moon,rashi,Aries,1944-01-11T21:22:30+00:00,1944,,
moon,rashi,Pisces,1944-01-25T18:56:15+00:00,1944,,
moon,rashi,Aries,1944-02-08T04:01:52.500000+00:00,1944,,
moon,rashi,Pisces,1944-02-22T06:05:37.500000+00:00,1944,,
moon,rashi,Aries,1944-03-06T09:05:37.500000+00:00,1944,,
moon,rashi,Pisces,1944-03-20T13:46:52.500000+00:00,1944,,
moon,rashi,Aries,1944-04-02T11:43:07.500000+00:00,1944,,
moon,rashi,Pisces,1944-04-16T16:24:22.500000+00:00,1944,,
moon,rashi,Aries,1944-04-29T13:24:22.500000+00:00,1944,,
moon,rashi,Pisces,1944-05-13T16:58:07.500000+00:00,1944,,
moon,rashi,Aries,1944-05-26T16:52:30+00:00,1944,,
moon,rashi,Pisces,1944-06-09T19:58:07.500000+00:00,1944,,
moon,rashi,Aries,1944-06-22T22:58:07.500000+00:00,1944,,
moon,rashi,Pisces,1944-07-07T03:16:52.500000+00:00,1944,,
moon,rashi,Aries,1944-07-20T06:11:15+00:00,1944,,
moon,rashi,Pisces,1944-08-03T13:18:45+00:00,1944,,
moon,rashi,Aries,1944-08-16T12:22:30+00:00,1944,,
moon,rashi,Pisces,1944-08-30T22:52:30+00:00,1944,,
moon,rashi,Aries,1944-09-12T15:50:37.500000+00:00,1944,,
moon,rashi,Pisces,1944-09-27T04:35:37.500000+00:00,1944,,
moon,rashi,Aries,1944-10-09T17:09:22.500000+00:00,1944,,
moon,rashi,Pisces,1944-10-24T06:05:37.500000+00:00,1944,,
moon,rashi,Aries,1944-11-05T19:18:45+00:00,1944,,
moon,rashi,Pisces,1944-11-20T06:56:15+00:00,1944,,
moon,rashi,Aries,1944-12-03T01:07:30+00:00,1944,,
moon,rashi,Pisces,1944-12-17T11:20:37.500000+00:00,1944,,
moon,rashi,Aries,1944-12-30T09:45:00+00:00,1944,,
moon,rashi,Pisces,1945-01-13T19:58:07.500000+00:00,1945,,
moon,rashi,Aries,1945-01-26T17:48:45+00:00,1945,,
moon,rashi,Pisces,1945-02-10T05:43:07.500000+00:00,1945,,
moon,rashi,Aries,1945-02-22T22:24:22.500000+00:00,1945,,
moon,rashi,Pisces,1945-03-09T12:33:45+00:00,1945,,
moon,rashi,Aries,1945-03-21T23:37:30+00:00,1945,,
moon,rashi,Pisces,1945-04-05T15:11:15+00:00,1945,,
moon,rashi,Aries,1945-04-18T01:01:52.500000+00:00,1945,,
moon,rashi,Pisces,1945-05-02T16:07:30+00:00,1945,,
moon,rashi,Aries,1945-05-15T06:05:37.500000+00:00,1945,,
moon,rashi,Pisces,1945-05-29T19:01:52.500000+00:00,1945,,
moon,rashi,Aries,1945-06-11T14:37:30+00:00,1945,,
moon,rashi,Pisces,1945-06-26T01:18:45+00:00,1945,,
moon,rashi,Aries,1945-07-09T00:00:00+00:00,1945,,
moon,rashi,Pisces,1945-07-23T09:28:07.500000+00:00,1945,,
moon,rashi,Aries,1945-08-05T07:01:52.500000+00:00,1945,,
moon,rashi,Pisces,1945-08-19T16:52:30+00:00,1945,,
moon,rashi,Aries,1945-09-01T10:07:30+00:00,1945,,
moon,rashi,Pisces,1945-09-15T21:22:30+00:00,1945,,
moon,rashi,Aries,1945-09-28T10:46:52.500000+00:00,1945,,
moon,rashi,Pisces,1945-10-12T23:03:45+00:00,1945,,
moon,rashi,Aries,1945-10-25T13:13:07.500000+00:00,1945,,
moon,rashi,Pisces,1945-11-09T00:45:00+00:00,1945,,
moon,rashi,Aries,1945-11-21T20:26:15+00:00,1945,,
moon,rashi,Pisces,1945-12-06T05:03:45+00:00,1945,,
moon,rashi,Aries,1945-12-19T07:18:45+00:00,1945,,
moon,rashi,Pisces,1946-01-02T12:05:37.500000+00:00,1946,,
moon,rashi,Aries,1946-01-15T17:15:00+00:00,1946,,
moon,rashi,Pisces,1946-01-29T19:07:30+00:00,1946,,
moon,rashi,Aries,1946-02-11T22:35:37.500000+00:00,1946,,
moon,rashi,Pisces,1946-02-25T23:43:07.500000+00:00,1946,,
moon,rashi,Aries,1946-03-10T23:31:52.500000+00:00,1946,,
moon,rashi,Pisces,1946-03-25T01:46:52.500000+00:00,1946,,
moon,rashi,Aries,1946-04-07T00:39:22.500000+00:00,1946,,
moon,rashi,Pisces,1946-04-21T03:50:37.500000+00:00,1946,,
moon,rashi,Aries,1946-05-04T06:00:00+00:00,1946,,
moon,rashi,Pisces,1946-05-18T07:58:07.500000+00:00,1946,,
moon,rashi,Aries,1946-05-31T15:39:22.500000+00:00,1946,,
moon,rashi,Pisces,1946-06-14T13:58:07.500000+00:00,1946,,
moon,rashi,Aries,1946-06-28T02:20:37.500000+00:00,1946,,
moon,rashi,Pisces,1946-07-11T20:15:00+00:00,1946,,
moon,rashi,Aries,1946-07-25T10:35:37.500000+00:00,1946,,
moon,rashi,Pisces,1946-08-08T01:01:52.500000+00:00,1946,,
moon,rashi,Aries,1946-08-21T14:15:00+00:00,1946,,
moon,rashi,Pisces,1946-09-04T03:45:00+00:00,1946,,
moon,rashi,Aries,1946-09-17T14:48:45+00:00,1946,,
moon,rashi,Pisces,1946-10-01T05:48:45+00:00,1946,,
moon,rashi,Aries,1946-10-14T16:52:30+00:00,1946,,
moon,rashi,Pisces,1946-10-28T09:28:07.500000+00:00,1946,,
moon,rashi,Aries,1946-11-10T23:54:22.500000+00:00,1946,,
moon,rashi,Pisces,1946-11-24T15:16:52.500000+00:00,1946,,
moon,rashi,Aries,1946-12-08T11:03:45+00:00,1946,,
moon,rashi,Pisces,1946-12-21T21:39:22.500000+00:00,1946,,
moon,rashi,Aries,1947-01-04T21:56:15+00:00,1947,,
moon,rashi,Pisces,1947-01-18T02:15:00+00:00,1947,,
moon,rashi,Aries,1947-02-01T04:13:07.500000+00:00,1947,,
moon,rashi,Pisces,1947-02-14T04:30:00+00:00,1947,,
moon,rashi,Aries,1947-02-28T05:31:52.500000+00:00,1947,,
moon,rashi,Pisces,1947-03-13T06:22:30+00:00,1947,,
moon,rashi,Aries,1947-03-27T06:16:52.500000+00:00,1947,,
moon,rashi,Pisces,1947-04-09T10:30:00+00:00,1947,,
moon,rashi,Aries,1947-04-23T10:58:07.500000+00:00,1947,,
moon,rashi,Pisces,1947-05-06T16:58:07.500000+00:00,1947,,
moon,rashi,Aries,1947-05-20T19:58:07.500000+00:00,1947,,
moon,rashi,Pisces,1947-06-02T23:54:22.500000+00:00,1947,,
moon,rashi,Aries,1947-06-17T06:22:30+00:00,1947,,
moon,rashi,Pisces,1947-06-30T05:09:22.500000+00:00,1947,,
moon,rashi,Aries,1947-07-14T14:37:30+00:00,1947,,
moon,rashi,Pisces,1947-07-27T07:52:30+00:00,1947,,
moon,rashi,Aries,1947-08-10T18:39:22.500000+00:00,1947,,
moon,rashi,Pisces,1947-08-23T09:22:30+00:00,1947,,
moon,rashi,Aries,1947-09-06T19:30:00+00:00,1947,,
moon,rashi,Pisces,1947-09-19T12:28:07.500000+00:00,1947,,
moon,rashi,Aries,1947-10-03T21:16:52.500000+00:00,1947,,
moon,rashi,Pisces,1947-10-16T18:50:37.500000+00:00,1947,,
moon,rashi,Aries,1947-10-31T03:11:15+00:00,1947,,
moon,rashi,Pisces,1947-11-13T03:05:37.500000+00:00,1947,,
moon,rashi,Aries,1947-11-27T12:50:37.500000+00:00,1947,,
moon,rashi,Pisces,1947-12-10T10:07:30+00:00,1947,,
moon,rashi,Aries,1947-12-24T22:35:37.500000+00:00,1947,,
moon,rashi,Pisces,1948-01-06T13:41:15+00:00,1948,,
moon,rashi,Aries,1948-01-21T04:35:37.500000+00:00,1948,,
moon,rashi,Pisces,1948-02-02T14:26:15+00:00,1948,,
moon,rashi,Aries,1948-02-17T06:11:15+00:00,1948,,
moon,rashi,Pisces,1948-02-29T16:35:37.500000+00:00,1948,,
moon,rashi,Aries,1948-03-15T07:01:52.500000+00:00,1948,,
moon,rashi,Pisces,1948-03-27T22:52:30+00:00,1948,,
moon,rashi,Aries,1948-04-11T11:09:22.500000+00:00,1948,,
moon,rashi,Pisces,1948-04-24T08:03:45+00:00,1948,,
moon,rashi,Aries,1948-05-08T18:39:22.500000+00:00,1948,,
moon,rashi,Pisces,1948-05-21T16:41:15+00:00,1948,,
moon,rashi,Aries,1948-06-05T03:11:15+00:00,1948,,
moon,rashi,Pisces,1948-06-17T22:07:30+00:00,1948,,
moon,rashi,Aries,1948-07-02T09:56:15+00:00,1948,,
moon,rashi,Pisces,1948-07-15T00:00:00+00:00,1948,,
moon,rashi,Aries,1948-07-29T13:24:22.500000+00:00,1948,,
moon,rashi,Pisces,1948-08-11T01:01:52.500000+00:00,1948,,
moon,rashi,Aries,1948-08-25T14:43:07.500000+00:00,1948,,
moon,rashi,Pisces,1948-09-07T04:58:07.500000+00:00,1948,,
moon,rashi,Aries,1948-09-21T17:03:45+00:00,1948,,
moon,rashi,Pisces,1948-10-04T13:13:07.500000+00:00,1948,,
moon,rashi,Aries,1948-10-18T22:18:45+00:00,1948,,
moon,rashi,Pisces,1948-10-31T23:43:07.500000+00:00,1948,,
moon,rashi,Aries,1948-11-15T05:54:22.500000+00:00,1948,,
moon,rashi,Pisces,1948-11-28T08:20:37.500000+00:00,1948,,
moon,rashi,Aries,1948-12-12T13:01:52.500000+00:00,1948,,
moon,rashi,Pisces,1948-12-25T12:11:15+00:00,1948,,
moon,rashi,Aries,1949-01-08T17:15:00+00:00,1949,,
moon,rashi,Pisces,1949-01-21T12:28:07.500000+00:00,1949,,
moon,rashi,Aries,1949-02-04T18:50:37.500000+00:00,1949,,
moon,rashi,Pisces,1949-02-17T14:31:52.500000+00:00,1949,,
moon,rashi,Aries,1949-03-03T20:54:22.500000+00:00,1949,,
moon,rashi,Pisces,1949-03-16T21:45:00+00:00,1949,,
moon,rashi,Aries,1949-03-31T01:35:37.500000+00:00,1949,,
moon,rashi,Pisces,1949-04-13T08:26:15+00:00,1949,,
moon,rashi,Aries,1949-04-27T08:03:45+00:00,1949,,
moon,rashi,Pisces,1949-05-10T18:39:22.500000+00:00,1949,,
moon,rashi,Aries,1949-05-24T14:09:22.500000+00:00,1949,,
moon,rashi,Pisces,1949-06-07T01:01:52.500000+00:00,1949,,
moon,rashi,Aries,1949-06-20T18:22:30+00:00,1949,,
moon,rashi,Pisces,1949-07-04T03:05:37.500000+00:00,1949,,
moon,rashi,Aries,1949-07-17T20:48:45+00:00,1949,,
moon,rashi,Pisces,1949-07-31T03:50:37.500000+00:00,1949,,
moon,rashi,Aries,1949-08-13T23:09:22.500000+00:00,1949,,
moon,rashi,Pisces,1949-08-27T07:35:37.500000+00:00,1949,,
moon,rashi,Aries,1949-09-10T03:16:52.500000+00:00,1949,,
moon,rashi,Pisces,1949-09-23T16:07:30+00:00,1949,,
moon,rashi,Aries,1949-10-07T09:16:52.500000+00:00,1949,,
moon,rashi,Pisces,1949-10-21T03:16:52.500000+00:00,1949,,
moon,rashi,Aries,1949-11-03T15:28:07.500000+00:00,1949,,
moon,rashi,Pisces,1949-11-17T13:01:52.500000+00:00,1949,,
moon,rashi,Aries,1949-11-30T19:52:30+00:00,1949,,
moon,rashi,Pisces,1949-12-14T17:48:45+00:00,1949,,
moon,rashi,Aries,1949-12-27T21:56:15+00:00,1949,,
moon,rashi,Pisces,1950-01-10T18:11:15+00:00,1950,,
moon,rashi,Aries,1950-01-24T00:00:00+00:00,1950,,
moon,rashi,Pisces,1950-02-06T19:41:15+00:00,1950,,
moon,rashi,Aries,1950-02-20T04:30:00+00:00,1950,,
moon,rashi,Pisces,1950-03-06T02:15:00+00:00,1950,,
moon,rashi,Aries,1950-03-19T11:03:45+00:00,1950,,
moon,rashi,Pisces,1950-04-02T12:39:22.500000+00:00,1950,,
moon,rashi,Aries,1950-04-15T17:31:52.500000+00:00,1950,,
moon,rashi,Pisces,1950-04-29T23:09:22.500000+00:00,1950,,
moon,rashi,Aries,1950-05-12T21:50:37.500000+00:00,1950,,
moon,rashi,Pisces,1950-05-27T06:00:00+00:00,1950,,
moon,rashi,Aries,1950-06-09T00:00:00+00:00,1950,,
moon,rashi,Pisces,1950-06-23T08:20:37.500000+00:00,1950,,
moon,rashi,Aries,1950-07-06T01:52:30+00:00,1950,,
moon,rashi,Pisces,1950-07-20T09:05:37.500000+00:00,1950,,
moon,rashi,Aries,1950-08-02T05:54:22.500000+00:00,1950,,
moon,rashi,Pisces,1950-08-16T12:16:52.500000+00:00,1950,,
moon,rashi,Aries,1950-08-29T12:45:00+00:00,1950,,
moon,rashi,Pisces,1950-09-12T19:41:15+00:00,1950,,
moon,rashi,Aries,1950-09-25T20:26:15+00:00,1950,,
moon,rashi,Pisces,1950-10-10T05:48:45+00:00,1950,,
moon,rashi,Aries,1950-10-23T02:31:52.500000+00:00,1950,,
moon,rashi,Pisces,1950-11-06T14:54:22.500000+00:00,1950,,
moon,rashi,Aries,1950-11-19T05:20:37.500000+00:00,1950,,
moon,rashi,Pisces,1950-12-03T19:46:52.500000+00:00,1950,,
moon,rashi,Aries,1950-12-16T06:05:37.500000+00:00,1950,,
moon,rashi,Pisces,1950-12-30T20:37:30+00:00,1950,,
moon,rashi,Aries,1951-01-12T09:05:37.500000+00:00,1951,,
moon,rashi,Pisces,1951-01-26T21:56:15+00:00,1951,,
moon,rashi,Aries,1951-02-08T16:13:07.500000+00:00,1951,,
moon,rashi,Pisces,1951-02-23T03:22:30+00:00,1951,,
moon,rashi,Aries,1951-03-08T01:24:22.500000+00:00,1951,,
moon,rashi,Pisces,1951-03-22T12:11:15+00:00,1951,,
moon,rashi,Aries,1951-04-04T09:00:00+00:00,1951,,
moon,rashi,Pisces,1951-04-18T21:00:00+00:00,1951,,
moon,rashi,Aries,1951-05-01T12:50:37.500000+00:00,1951,,
moon,rashi,Pisces,1951-05-16T02:48:45+00:00,1951,,
moon,rashi,Aries,1951-05-28T13:58:07.500000+00:00,1951,,
moon,rashi,Pisces,1951-06-12T05:03:45+00:00,1951,,
moon,rashi,Aries,1951-06-24T15:45:00+00:00,1951,,
moon,rashi,Pisces,1951-07-09T06:22:30+00:00,1951,,
moon,rashi,Aries,1951-07-21T21:16:52.500000+00:00,1951,,
moon,rashi,Pisces,1951-08-05T09:33:45+00:00,1951,,
moon,rashi,Aries,1951-08-18T06:22:30+00:00,1951,,
moon,rashi,Pisces,1951-09-01T15:50:37.500000+00:00,1951,,
moon,rashi,Aries,1951-09-14T16:07:30+00:00,1951,,
moon,rashi,Pisces,1951-09-28T23:48:45+00:00,1951,,
moon,rashi,Aries,1951-10-11T23:15:00+00:00,1951,,
moon,rashi,Pisces,1951-10-26T06:39:22.500000+00:00,1951,,
moon,rashi,Aries,1951-11-08T01:46:52.500000+00:00,1951,,
moon,rashi,Pisces,1951-11-22T10:13:07.500000+00:00,1951,,
moon,rashi,Aries,1951-12-05T02:03:45+00:00,1951,,
moon,rashi,Pisces,1951-12-19T11:31:52.500000+00:00,1951,,
moon,rashi,Aries,1952-01-01T05:20:37.500000+00:00,1952,,
moon,rashi,Pisces,1952-01-15T13:52:30+00:00,1952,,
moon,rashi,Aries,1952-01-28T13:52:30+00:00,1952,,
moon,rashi,Pisces,1952-02-11T19:13:07.500000+00:00,1952,,
moon,rashi,Aries,1952-02-25T01:01:52.500000+00:00,1952,,
moon,rashi,Pisces,1952-03-10T02:09:22.500000+00:00,1952,,
moon,rashi,Aries,1952-03-23T10:18:45+00:00,1952,,
moon,rashi,Pisces,1952-04-06T08:15:00+00:00,1952,,
moon,rashi,Aries,1952-04-19T14:43:07.500000+00:00,1952,,
moon,rashi,Pisces,1952-05-03T12:00:00+00:00,1952,,
moon,rashi,Aries,1952-05-16T15:33:45+00:00,1952,,
moon,rashi,Pisces,1952-05-30T14:03:45+00:00,1952,,
moon,rashi,Aries,1952-06-12T17:09:22.500000+00:00,1952,,
moon,rashi,Pisces,1952-06-26T16:41:15+00:00,1952,,
moon,rashi,Aries,1952-07-09T22:58:07.500000+00:00,1952,,
moon,rashi,Pisces,1952-07-23T21:16:52.500000+00:00,1952,,
moon,rashi,Aries,1952-08-06T08:43:07.500000+00:00,1952,,
moon,rashi,Pisces,1952-08-20T03:22:30+00:00,1952,,
moon,rashi,Aries,1952-09-02T19:35:37.500000+00:00,1952,,
moon,rashi,Pisces,1952-09-16T09:16:52.500000+00:00,1952,,
moon,rashi,Aries,1952-09-30T03:45:00+00:00,1952,,
moon,rashi,Pisces,1952-10-13T13:18:45+00:00,1952,,
moon,rashi,Aries,1952-10-27T06:56:15+00:00,1952,,
moon,rashi,Pisces,1952-11-09T15:22:30+00:00,1952,,
moon,rashi,Aries,1952-11-23T07:07:30+00:00,1952,,
moon,rashi,Pisces,1952-12-06T17:43:07.500000+00:00,1952,,
moon,rashi,Aries,1952-12-20T09:50:37.500000+00:00,1952,,
moon,rashi,Pisces,1953-01-02T22:24:22.500000+00:00,1953,,
moon,rashi,Aries,1953-01-16T17:54:22.500000+00:00,1953,,
moon,rashi,Pisces,1953-01-30T05:03:45+00:00,1953,,
moon,rashi,Aries,1953-02-13T05:15:00+00:00,1953,,
moon,rashi,Pisces,1953-02-26T11:09:22.500000+00:00,1953,,
moon,rashi,Aries,1953-03-12T15:11:15+00:00,1953,,
moon,rashi,Pisces,1953-03-25T14:54:22.500000+00:00,1953,,
moon,rashi,Aries,1953-04-08T20:15:00+00:00,1953,,
moon,rashi,Pisces,1953-04-21T16:41:15+00:00,1953,,
moon,rashi,Aries,1953-05-05T21:22:30+00:00,1953,,
moon,rashi,Pisces,1953-05-18T19:01:52.500000+00:00,1953,,
moon,rashi,Aries,1953-06-01T22:35:37.500000+00:00,1953,,
moon,rashi,Pisces,1953-06-14T23:54:22.500000+00:00,1953,,
moon,rashi,Aries,1953-06-29T03:39:22.500000+00:00,1953,,
moon,rashi,Pisces,1953-07-12T06:50:37.500000+00:00,1953,,
moon,rashi,Aries,1953-07-26T12:33:45+00:00,1953,,
moon,rashi,Pisces,1953-08-08T13:52:30+00:00,1953,,
moon,rashi,Aries,1953-08-22T22:46:52.500000+00:00,1953,,
moon,rashi,Pisces,1953-09-04T18:50:37.500000+00:00,1953,,
moon,rashi,Aries,1953-09-19T06:50:37.500000+00:00,1953,,
moon,rashi,Pisces,1953-10-01T21:00:00+00:00,1953,,
moon,rashi,Aries,1953-10-16T10:18:45+00:00,1953,,
moon,rashi,Pisces,1953-10-28T22:13:07.500000+00:00,1953,,
moon,rashi,Aries,1953-11-12T10:52:30+00:00,1953,,
moon,rashi,Pisces,1953-11-25T01:58:07.500000+00:00,1953,,
moon,rashi,Aries,1953-12-09T13:01:52.500000+00:00,1953,,
moon,rashi,Pisces,1953-12-22T09:39:22.500000+00:00,1953,,
moon,rashi,Aries,1954-01-05T19:46:52.500000+00:00,1954,,
moon,rashi,Pisces,1954-01-18T18:33:45+00:00,1954,,
moon,rashi,Aries,1954-02-02T05:26:15+00:00,1954,,
moon,rashi,Pisces,1954-02-15T01:07:30+00:00,1954,,
moon,rashi,Aries,1954-03-01T14:03:45+00:00,1954,,
moon,rashi,Pisces,1954-03-14T03:45:00+00:00,1954,,
moon,rashi,Aries,1954-03-28T18:45:00+00:00,1954,,
moon,rashi,Pisces,1954-04-10T04:30:00+00:00,1954,,
moon,rashi,Aries,1954-04-24T20:03:45+00:00,1954,,
moon,rashi,Pisces,1954-05-07T07:30:00+00:00,1954,,
moon,rashi,Aries,1954-05-21T21:39:22.500000+00:00,1954,,
moon,rashi,Pisces,1954-06-03T14:26:15+00:00,1954,,
moon,rashi,Aries,1954-06-18T02:09:22.500000+00:00,1954,,
moon,rashi,Pisces,1954-06-30T23:48:45+00:00,1954,,
moon,rashi,Aries,1954-07-15T09:33:45+00:00,1954,,
moon,rashi,Pisces,1954-07-28T08:26:15+00:00,1954,,
moon,rashi,Aries,1954-08-11T17:43:07.500000+00:00,1954,,
moon,rashi,Pisces,1954-08-24T13:41:15+00:00,1954,,
moon,rashi,Aries,1954-09-07T23:54:22.500000+00:00,1954,,
moon,rashi,Pisces,1954-09-20T15:11:15+00:00,1954,,
moon,rashi,Aries,1954-10-05T02:48:45+00:00,1954,,
moon,rashi,Pisces,1954-10-17T16:01:52.500000+00:00,1954,,
moon,rashi,Aries,1954-11-01T04:01:52.500000+00:00,1954,,
moon,rashi,Pisces,1954-11-13T20:43:07.500000+00:00,1954,,
moon,rashi,Aries,1954-11-28T06:50:37.500000+00:00,1954,,
moon,rashi,Pisces,1954-12-11T06:11:15+00:00,1954,,
moon,rashi,Aries,1954-12-25T12:45:00+00:00,1954,,
moon,rashi,Pisces,1955-01-07T17:15:00+00:00,1955,,
moon,rashi,Aries,1955-01-21T20:03:45+00:00,1955,,
moon,rashi,Pisces,1955-02-04T01:18:45+00:00,1955,,
moon,rashi,Aries,1955-02-18T02:03:45+00:00,1955,,
moon,rashi,Pisces,1955-03-03T04:07:30+00:00,1955,,
moon,rashi,Aries,1955-03-17T05:09:22.500000+00:00,1955,,
moon,rashi,Pisces,1955-03-30T04:30:00+00:00,1955,,
moon,rashi,Aries,1955-04-13T06:56:15+00:00,1955,,
moon,rashi,Pisces,1955-04-26T07:24:22.500000+00:00,1955,,
moon,rashi,Aries,1955-05-10T09:56:15+00:00,1955,,
moon,rashi,Pisces,1955-05-23T15:05:37.500000+00:00,1955,,
moon,rashi,Aries,1955-06-06T15:05:37.500000+00:00,1955,,
moon,rashi,Pisces,1955-06-20T01:41:15+00:00,1955,,
moon,rashi,Aries,1955-07-03T21:28:07.500000+00:00,1955,,
moon,rashi,Pisces,1955-07-17T11:31:52.500000+00:00,1955,,
moon,rashi,Aries,1955-07-31T03:05:37.500000+00:00,1955,,
moon,rashi,Pisces,1955-08-13T17:43:07.500000+00:00,1955,,
moon,rashi,Aries,1955-08-27T06:50:37.500000+00:00,1955,,
moon,rashi,Pisces,1955-09-09T19:24:22.500000+00:00,1955,,
moon,rashi,Aries,1955-09-23T08:54:22.500000+00:00,1955,,
moon,rashi,Pisces,1955-10-06T20:03:45+00:00,1955,,
moon,rashi,Aries,1955-10-20T11:31:52.500000+00:00,1955,,
moon,rashi,Pisces,1955-11-03T00:22:30+00:00,1955,,
moon,rashi,Aries,1955-11-16T16:24:22.500000+00:00,1955,,
moon,rashi,Pisces,1955-11-30T09:50:37.500000+00:00,1955,,
moon,rashi,Aries,1955-12-13T22:52:30+00:00,1955,,
moon,rashi,Pisces,1955-12-27T21:28:07.500000+00:00,1955,,
moon,rashi,Aries,1956-01-10T04:35:37.500000+00:00,1956,,
moon,rashi,Pisces,1956-01-24T06:28:07.500000+00:00,1956,,
moon,rashi,Aries,1956-02-06T07:52:30+00:00,1956,,
moon,rashi,Pisces,1956-02-20T10:01:52.500000+00:00,1956,,
moon,rashi,Aries,1956-03-04T09:28:07.500000+00:00,1956,,
moon,rashi,Pisces,1956-03-18T10:18:45+00:00,1956,,
moon,rashi,Aries,1956-03-31T12:16:52.500000+00:00,1956,,
moon,rashi,Pisces,1956-04-14T12:39:22.500000+00:00,1956,,
moon,rashi,Aries,1956-04-27T17:48:45+00:00,1956,,
moon,rashi,Pisces,1956-05-11T19:35:37.500000+00:00,1956,,
moon,rashi,Aries,1956-05-25T00:50:37.500000+00:00,1956,,
moon,rashi,Pisces,1956-06-08T05:43:07.500000+00:00,1956,,
moon,rashi,Aries,1956-06-21T07:13:07.500000+00:00,1956,,
moon,rashi,Pisces,1956-07-05T15:28:07.500000+00:00,1956,,
moon,rashi,Aries,1956-07-18T11:09:22.500000+00:00,1956,,
moon,rashi,Pisces,1956-08-01T21:50:37.500000+00:00,1956,,
moon,rashi,Aries,1956-08-14T12:56:15+00:00,1956,,
moon,rashi,Pisces,1956-08-28T23:54:22.500000+00:00,1956,,
moon,rashi,Aries,1956-09-10T14:54:22.500000+00:00,1956,,
moon,rashi,Pisces,1956-09-25T00:39:22.500000+00:00,1956,,
moon,rashi,Aries,1956-10-07T19:35:37.500000+00:00,1956,,
moon,rashi,Pisces,1956-10-22T04:13:07.500000+00:00,1956,,
moon,rashi,Aries,1956-11-04T03:11:15+00:00,1956,,
moon,rashi,Pisces,1956-11-18T12:11:15+00:00,1956,,
moon,rashi,Aries,1956-12-01T11:20:37.500000+00:00,1956,,
moon,rashi,Pisces,1956-12-15T22:24:22.500000+00:00,1956,,
moon,rashi,Aries,1956-12-28T16:52:30+00:00,1956,,
moon,rashi,Pisces,1957-01-12T06:39:22.500000+00:00,1957,,
moon,rashi,Aries,1957-01-24T18:39:22.500000+00:00,1957,,
moon,rashi,Pisces,1957-02-08T10:18:45+00:00,1957,,
moon,rashi,Aries,1957-02-20T19:30:00+00:00,1957,,
moon,rashi,Pisces,1957-03-07T10:52:30+00:00,1957,,
moon,rashi,Aries,1957-03-19T23:37:30+00:00,1957,,
moon,rashi,Pisces,1957-04-03T13:07:30+00:00,1957,,
moon,rashi,Aries,1957-04-16T07:41:15+00:00,1957,,
moon,rashi,Pisces,1957-04-30T19:01:52.500000+00:00,1957,,
moon,rashi,Aries,1957-05-13T17:03:45+00:00,1957,,
moon,rashi,Pisces,1957-05-28T03:22:30+00:00,1957,,
moon,rashi,Aries,1957-06-10T00:22:30+00:00,1957,,
moon,rashi,Pisces,1957-06-24T11:15:00+00:00,1957,,
moon,rashi,Aries,1957-07-07T04:01:52.500000+00:00,1957,,
moon,rashi,Pisces,1957-07-21T16:24:22.500000+00:00,1957,,
moon,rashi,Aries,1957-08-03T04:58:07.500000+00:00,1957,,
moon,rashi,Pisces,1957-08-17T18:28:07.500000+00:00,1957,,
moon,rashi,Aries,1957-08-30T06:56:15+00:00,1957,,
moon,rashi,Pisces,1957-09-13T19:58:07.500000+00:00,1957,,
moon,rashi,Aries,1957-09-26T13:01:52.500000+00:00,1957,,
moon,rashi,Pisces,1957-10-10T23:37:30+00:00,1957,,
moon,rashi,Aries,1957-10-23T22:52:30+00:00,1957,,
moon,rashi,Pisces,1957-11-07T06:16:52.500000+00:00,1957,,
moon,rashi,Aries,1957-11-20T09:00:00+00:00,1957,,
moon,rashi,Pisces,1957-12-04T13:58:07.500000+00:00,1957,,
moon,rashi,Aries,1957-12-17T15:33:45+00:00,1957,,
moon,rashi,Pisces,1957-12-31T19:46:52.500000+00:00,1957,,
moon,rashi,Aries,1958-01-13T17:09:22.500000+00:00,1958,,
moon,rashi,Pisces,1958-01-27T22:24:22.500000+00:00,1958,,
moon,rashi,Aries,1958-02-09T17:31:52.500000+00:00,1958,,
moon,rashi,Pisces,1958-02-23T23:54:22.500000+00:00,1958,,
moon,rashi,Aries,1958-03-08T22:01:52.500000+00:00,1958,,
moon,rashi,Pisces,1958-03-23T03:11:15+00:00,1958,,
moon,rashi,Aries,1958-04-05T07:24:22.500000+00:00,1958,,
moon,rashi,Pisces,1958-04-19T08:54:22.500000+00:00,1958,,
moon,rashi,Aries,1958-05-02T18:22:30+00:00,1958,,
moon,rashi,Pisces,1958-05-16T15:28:07.500000+00:00,1958,,
moon,rashi,Aries,1958-05-30T03:05:37.500000+00:00,1958,,
moon,rashi,Pisces,1958-06-12T20:43:07.500000+00:00,1958,,
moon,rashi,Aries,1958-06-26T07:13:07.500000+00:00,1958,,
moon,rashi,Pisces,1958-07-09T23:54:22.500000+00:00,1958,,
moon,rashi,Aries,1958-07-23T08:03:45+00:00,1958,,
moon,rashi,Pisces,1958-08-06T01:58:07.500000+00:00,1958,,
moon,rashi,Aries,1958-08-19T09:45:00+00:00,1958,,
moon,rashi,Pisces,1958-09-02T05:03:45+00:00,1958,,
moon,rashi,Aries,1958-09-15T15:50:37.500000+00:00,1958,,
moon,rashi,Pisces,1958-09-29T10:18:45+00:00,1958,,
moon,rashi,Aries,1958-10-13T02:03:45+00:00,1958,,
moon,rashi,Pisces,1958-10-26T16:35:37.500000+00:00,1958,,
moon,rashi,Aries,1958-11-09T13:13:07.500000+00:00,1958,,
moon,rashi,Pisces,1958-11-22T22:07:30+00:00,1958,,
moon,rashi,Aries,1958-12-06T20:43:07.500000+00:00,1958,,
moon,rashi,Pisces,1958-12-20T01:13:07.500000+00:00,1958,,
moon,rashi,Aries,1959-01-02T22:58:07.500000+00:00,1959,,
moon,rashi,Pisces,1959-01-16T02:54:22.500000+00:00,1959,,
moon,rashi,Aries,1959-01-29T23:09:22.500000+00:00,1959,,
moon,rashi,Pisces,1959-02-12T06:00:00+00:00,1959,,
moon,rashi,Aries,1959-02-26T02:54:22.500000+00:00,1959,,
moon,rashi,Pisces,1959-03-11T11:48:45+00:00,1959,,
moon,rashi,Aries,1959-03-25T11:43:07.500000+00:00,1959,,
moon,rashi,Pisces,1959-04-07T18:39:22.500000+00:00,1959,,
moon,rashi,Aries,1959-04-21T22:35:37.500000+00:00,1959,,
moon,rashi,Pisces,1959-05-05T00:11:15+00:00,1959,,
moon,rashi,Aries,1959-05-19T07:35:37.500000+00:00,1959,,
moon,rashi,Pisces,1959-06-01T03:22:30+00:00,1959,,
moon,rashi,Aries,1959-06-15T12:11:15+00:00,1959,,
moon,rashi,Pisces,1959-06-28T04:58:07.500000+00:00,1959,,
moon,rashi,Aries,1959-07-12T13:13:07.500000+00:00,1959,,
moon,rashi,Pisces,1959-07-25T07:41:15+00:00,1959,,
moon,rashi,Aries,1959-08-08T14:43:07.500000+00:00,1959,,
moon,rashi,Pisces,1959-08-21T13:13:07.500000+00:00,1959,,
moon,rashi,Aries,1959-09-04T19:58:07.500000+00:00,1959,,
moon,rashi,Pisces,1959-09-17T20:48:45+00:00,1959,,
moon,rashi,Aries,1959-10-02T04:58:07.500000+00:00,1959,,
moon,rashi,Pisces,1959-10-15T04:07:30+00:00,1959,,
moon,rashi,Aries,1959-10-29T15:05:37.500000+00:00,1959,,
moon,rashi,Pisces,1959-11-11T08:37:30+00:00,1959,,
moon,rashi,Aries,1959-11-25T22:24:22.500000+00:00,1959,,
moon,rashi,Pisces,1959-12-08T10:01:52.500000+00:00,1959,,
moon,rashi,Aries,1959-12-23T00:50:37.500000+00:00,1959,,
moon,rashi,Pisces,1960-01-04T11:20:37.500000+00:00,1960,,
moon,rashi,Aries,1960-01-19T01:18:45+00:00,1960,,
moon,rashi,Pisces,1960-01-31T16:24:22.500000+00:00,1960,,
moon,rashi,Aries,1960-02-15T04:30:00+00:00,1960,,
moon,rashi,Pisces,1960-02-28T01:01:52.500000+00:00,1960,,
moon,rashi,Aries,1960-03-13T11:48:45+00:00,1960,,
moon,rashi,Pisces,1960-03-26T09:56:15+00:00,1960,,
moon,rashi,Aries,1960-04-09T21:00:00+00:00,1960,,
moon,rashi,Pisces,1960-04-22T15:50:37.500000+00:00,1960,,
moon,rashi,Aries,1960-05-07T04:35:37.500000+00:00,1960,,
moon,rashi,Pisces,1960-05-19T18:00:00+00:00,1960,,
moon,rashi,Aries,1960-06-03T08:31:52.500000+00:00,1960,,
moon,rashi,Pisces,1960-06-15T18:56:15+00:00,1960,,
moon,rashi,Aries,1960-06-30T09:56:15+00:00,1960,,
moon,rashi,Pisces,1960-07-12T22:18:45+00:00,1960,,
moon,rashi,Aries,1960-07-27T11:48:45+00:00,1960,,
moon,rashi,Pisces,1960-08-09T05:48:45+00:00,1960,,
moon,rashi,Aries,1960-08-23T16:35:37.500000+00:00,1960,,
moon,rashi,Pisces,1960-09-05T15:45:00+00:00,1960,,
moon,rashi,Aries,1960-09-19T23:54:22.500000+00:00,1960,,
moon,rashi,Pisces,1960-10-03T00:39:22.500000+00:00,1960,,
moon,rashi,Aries,1960-10-17T07:35:37.500000+00:00,1960,,
moon,rashi,Pisces,1960-10-30T05:31:52.500000+00:00,1960,,
moon,rashi,Aries,1960-11-13T12:56:15+00:00,1960,,
moon,rashi,Pisces,1960-11-26T06:22:30+00:00,1960,,
moon,rashi,Aries,1960-12-10T15:05:37.500000+00:00,1960,,
moon,rashi,Pisces,1960-12-23T07:30:00+00:00,1960,,
moon,rashi,Aries,1961-01-06T16:30:00+00:00,1961,,
moon,rashi,Pisces,1961-01-19T13:24:22.500000+00:00,1961,,
moon,rashi,Aries,1961-02-02T20:20:37.500000+00:00,1961,,
moon,rashi,Pisces,1961-02-15T23:48:45+00:00,1961,,
moon,rashi,Aries,1961-03-02T02:43:07.500000+00:00,1961,,
moon,rashi,Pisces,1961-03-15T10:35:37.500000+00:00,1961,,
moon,rashi,Aries,1961-03-29T09:28:07.500000+00:00,1961,,
moon,rashi,Pisces,1961-04-11T17:37:30+00:00,1961,,
moon,rashi,Aries,1961-04-25T14:26:15+00:00,1961,,
moon,rashi,Pisces,1961-05-08T19:58:07.500000+00:00,1961,,
moon,rashi,Aries,1961-05-22T17:03:45+00:00,1961,,
moon,rashi,Pisces,1961-06-04T20:31:52.500000+00:00,1961,,
moon,rashi,Aries,1961-06-18T19:07:30+00:00,1961,,
moon,rashi,Pisces,1961-07-01T23:54:22.500000+00:00,1961,,
moon,rashi,Aries,1961-07-15T22:41:15+00:00,1961,,
moon,rashi,Pisces,1961-07-29T07:52:30+00:00,1961,,
moon,rashi,Aries,1961-08-12T04:13:07.500000+00:00,1961,,
moon,rashi,Pisces,1961-08-25T18:39:22.500000+00:00,1961,,
moon,rashi,Aries,1961-09-08T10:30:00+00:00,1961,,
moon,rashi,Pisces,1961-09-22T04:41:15+00:00,1961,,
moon,rashi,Aries,1961-10-05T15:33:45+00:00,1961,,
moon,rashi,Pisces,1961-10-19T10:30:00+00:00,1961,,
moon,rashi,Aries,1961-11-01T18:28:07.500000+00:00,1961,,
moon,rashi,Pisces,1961-11-15T11:37:30+00:00,1961,,
moon,rashi,Aries,1961-11-28T20:15:00+00:00,1961,,
moon,rashi,Pisces,1961-12-12T12:22:30+00:00,1961,,
moon,rashi,Aries,1961-12-25T23:43:07.500000+00:00,1961,,
moon,rashi,Pisces,1962-01-08T17:43:07.500000+00:00,1962,,
moon,rashi,Aries,1962-01-22T05:37:30+00:00,1962,,
moon,rashi,Pisces,1962-02-05T03:50:37.500000+00:00,1962,,
moon,rashi,Aries,1962-02-18T12:16:52.500000+00:00,1962,,
moon,rashi,Pisces,1962-03-04T15:00:00+00:00,1962,,
moon,rashi,Aries,1962-03-17T17:20:37.500000+00:00,1962,,
moon,rashi,Pisces,1962-03-31T22:46:52.500000+00:00,1962,,
moon,rashi,Aries,1962-04-13T19:58:07.500000+00:00,1962,,
moon,rashi,Pisces,1962-04-28T01:35:37.500000+00:00,1962,,
moon,rashi,Aries,1962-05-10T21:39:22.500000+00:00,1962,,
moon,rashi,Pisces,1962-05-25T02:09:22.500000+00:00,1962,,
moon,rashi,Aries,1962-06-07T01:07:30+00:00,1962,,
moon,rashi,Pisces,1962-06-21T04:58:07.500000+00:00,1962,,
moon,rashi,Aries,1962-07-04T07:13:07.500000+00:00,1962,,
moon,rashi,Pisces,1962-07-18T12:05:37.500000+00:00,1962,,
moon,rashi,Aries,1962-07-31T14:31:52.500000+00:00,1962,,
moon,rashi,Pisces,1962-08-14T22:01:52.500000+00:00,1962,,
moon,rashi,Aries,1962-08-27T20:48:45+00:00,1962,,
moon,rashi,Pisces,1962-09-11T07:35:37.500000+00:00,1962,,
moon,rashi,Aries,1962-09-24T00:16:52.500000+00:00,1962,,
moon,rashi,Pisces,1962-10-08T13:30:00+00:00,1962,,
moon,rashi,Aries,1962-10-21T01:35:37.500000+00:00,1962,,
moon,rashi,Pisces,1962-11-04T15:05:37.500000+00:00,1962,,
moon,rashi,Aries,1962-11-17T03:39:22.500000+00:00,1962,,
moon,rashi,Pisces,1962-12-01T15:45:00+00:00,1962,,
moon,rashi,Aries,1962-12-14T09:33:45+00:00,1962,,
moon,rashi,Pisces,1962-12-28T20:09:22.500000+00:00,1962,,
moon,rashi,Aries,1963-01-10T18:16:52.500000+00:00,1963,,
moon,rashi,Pisces,1963-01-25T04:41:15+00:00,1963,,
moon,rashi,Aries,1963-02-07T02:26:15+00:00,1963,,
moon,rashi,Pisces,1963-02-21T14:15:00+00:00,1963,,
moon,rashi,Aries,1963-03-06T07:07:30+00:00,1963,,
moon,rashi,Pisces,1963-03-20T21:05:37.500000+00:00,1963,,
moon,rashi,Aries,1963-04-02T08:20:37.500000+00:00,1963,,
moon,rashi,Pisces,1963-04-16T23:48:45+00:00,1963,,
moon,rashi,Aries,1963-04-29T09:45:00+00:00,1963,,
moon,rashi,Pisces,1963-05-14T00:50:37.500000+00:00,1963,,
moon,rashi,Aries,1963-05-26T14:37:30+00:00,1963,,
moon,rashi,Pisces,1963-06-10T03:39:22.500000+00:00,1963,,
moon,rashi,Aries,1963-06-22T23:09:22.500000+00:00,1963,,
moon,rashi,Pisces,1963-07-07T09:45:00+00:00,1963,,
moon,rashi,Aries,1963-07-20T08:37:30+00:00,1963,,
moon,rashi,Pisces,1963-08-03T17:48:45+00:00,1963,,
moon,rashi,Aries,1963-08-16T15:50:37.500000+00:00,1963,,
moon,rashi,Pisces,1963-08-31T01:13:07.500000+00:00,1963,,
moon,rashi,Aries,1963-09-12T19:07:30+00:00,1963,,
moon,rashi,Pisces,1963-09-27T05:48:45+00:00,1963,,
moon,rashi,Aries,1963-10-09T19:46:52.500000+00:00,1963,,
moon,rashi,Pisces,1963-10-24T07:30:00+00:00,1963,,
moon,rashi,Aries,1963-11-05T22:01:52.500000+00:00,1963,,
moon,rashi,Pisces,1963-11-20T09:05:37.500000+00:00,1963,,
moon,rashi,Aries,1963-12-03T05:15:00+00:00,1963,,
moon,rashi,Pisces,1963-12-17T13:30:00+00:00,1963,,
moon,rashi,Aries,1963-12-30T16:07:30+00:00,1963,,
moon,rashi,Pisces,1964-01-13T20:26:15+00:00,1964,,
moon,rashi,Aries,1964-01-27T02:15:00+00:00,1964,,
moon,rashi,Pisces,1964-02-10T03:22:30+00:00,1964,,
moon,rashi,Aries,1964-02-23T07:41:15+00:00,1964,,
moon,rashi,Pisces,1964-03-08T07:52:30+00:00,1964,,
moon,rashi,Aries,1964-03-21T08:43:07.500000+00:00,1964,,
moon,rashi,Pisces,1964-04-04T09:56:15+00:00,1964,,
moon,rashi,Aries,1964-04-17T09:45:00+00:00,1964,,
moon,rashi,Pisces,1964-05-01T12:05:37.500000+00:00,1964,,
moon,rashi,Aries,1964-05-14T15:00:00+00:00,1964,,
moon,rashi,Pisces,1964-05-28T16:13:07.500000+00:00,1964,,
moon,rashi,Aries,1964-06-11T00:28:07.500000+00:00,1964,,
moon,rashi,Pisces,1964-06-24T22:13:07.500000+00:00,1964,,
moon,rashi,Aries,1964-07-08T11:15:00+00:00,1964,,
moon,rashi,Pisces,1964-07-22T04:24:22.500000+00:00,1964,,
moon,rashi,Aries,1964-08-04T19:35:37.500000+00:00,1964,,
moon,rashi,Pisces,1964-08-18T09:11:15+00:00,1964,,
moon,rashi,Aries,1964-08-31T23:31:52.500000+00:00,1964,,
moon,rashi,Pisces,1964-09-14T11:48:45+00:00,1964,,
moon,rashi,Aries,1964-09-28T00:05:37.500000+00:00,1964,,
moon,rashi,Pisces,1964-10-11T13:52:30+00:00,1964,,
moon,rashi,Aries,1964-10-25T01:58:07.500000+00:00,1964,,
moon,rashi,Pisces,1964-11-07T17:37:30+00:00,1964,,
moon,rashi,Aries,1964-11-21T08:54:22.500000+00:00,1964,,
moon,rashi,Pisces,1964-12-04T23:31:52.500000+00:00,1964,,
moon,rashi,Aries,1964-12-18T19:58:07.500000+00:00,1964,,
moon,rashi,Pisces,1965-01-01T05:54:22.500000+00:00,1965,,
moon,rashi,Aries,1965-01-15T06:56:15+00:00,1965,,
moon,rashi,Pisces,1965-01-28T10:30:00+00:00,1965,,
moon,rashi,Aries,1965-02-11T13:18:45+00:00,1965,,
moon,rashi,Pisces,1965-02-24T12:39:22.500000+00:00,1965,,
moon,rashi,Aries,1965-03-10T14:43:07.500000+00:00,1965,,
moon,rashi,Pisces,1965-03-23T14:31:52.500000+00:00,1965,,
moon,rashi,Aries,1965-04-06T15:28:07.500000+00:00,1965,,
moon,rashi,Pisces,1965-04-19T18:39:22.500000+00:00,1965,,
moon,rashi,Aries,1965-05-03T19:58:07.500000+00:00,1965,,
moon,rashi,Pisces,1965-05-17T01:13:07.500000+00:00,1965,,
moon,rashi,Aries,1965-05-31T04:41:15+00:00,1965,,
moon,rashi,Pisces,1965-06-13T08:15:00+00:00,1965,,
moon,rashi,Aries,1965-06-27T15:05:37.500000+00:00,1965,,
moon,rashi,Pisces,1965-07-10T13:35:37.500000+00:00,1965,,
moon,rashi,Aries,1965-07-24T23:26:15+00:00,1965,,
moon,rashi,Pisces,1965-08-06T16:18:45+00:00,1965,,
moon,rashi,Aries,1965-08-21T03:39:22.500000+00:00,1965,,
moon,rashi,Pisces,1965-09-02T17:43:07.500000+00:00,1965,,
moon,rashi,Aries,1965-09-17T04:35:37.500000+00:00,1965,,
moon,rashi,Pisces,1965-09-29T20:48:45+00:00,1965,,
moon,rashi,Aries,1965-10-14T06:11:15+00:00,1965,,
moon,rashi,Pisces,1965-10-27T03:11:15+00:00,1965,,
moon,rashi,Aries,1965-11-10T12:00:00+00:00,1965,,
moon,rashi,Pisces,1965-11-23T11:31:52.500000+00:00,1965,,
moon,rashi,Aries,1965-12-07T21:28:07.500000+00:00,1965,,
moon,rashi,Pisces,1965-12-20T18:45:00+00:00,1965,,
moon,rashi,Aries,1966-01-04T07:13:07.500000+00:00,1966,,
moon,rashi,Pisces,1966-01-16T22:18:45+00:00,1966,,
moon,rashi,Aries,1966-01-31T13:18:45+00:00,1966,,
moon,rashi,Pisces,1966-02-12T23:03:45+00:00,1966,,
moon,rashi,Aries,1966-02-27T14:54:22.500000+00:00,1966,,
moon,rashi,Pisces,1966-03-12T01:07:30+00:00,1966,,
moon,rashi,Aries,1966-03-26T15:50:37.500000+00:00,1966,,
moon,rashi,Pisces,1966-04-08T07:24:22.500000+00:00,1966,,
moon,rashi,Aries,1966-04-22T19:46:52.500000+00:00,1966,,
moon,rashi,Pisces,1966-05-05T16:35:37.500000+00:00,1966,,
moon,rashi,Aries,1966-05-20T03:05:37.500000+00:00,1966,,
moon,rashi,Pisces,1966-06-02T01:18:45+00:00,1966,,
moon,rashi,Aries,1966-06-16T11:37:30+00:00,1966,,
moon,rashi,Pisces,1966-06-29T06:56:15+00:00,1966,,
moon,rashi,Aries,1966-07-13T18:22:30+00:00,1966,,
moon,rashi,Pisces,1966-07-26T09:00:00+00:00,1966,,
moon,rashi,Aries,1966-08-09T21:50:37.500000+00:00,1966,,
moon,rashi,Pisces,1966-08-22T09:50:37.500000+00:00,1966,,
moon,rashi,Aries,1966-09-05T23:15:00+00:00,1966,,
moon,rashi,Pisces,1966-09-18T13:41:15+00:00,1966,,
moon,rashi,Aries,1966-10-03T01:30:00+00:00,1966,,
moon,rashi,Pisces,1966-10-15T21:56:15+00:00,1966,,
moon,rashi,Aries,1966-10-30T06:45:00+00:00,1966,,
moon,rashi,Pisces,1966-11-12T08:31:52.500000+00:00,1966,,
moon,rashi,Aries,1966-11-26T14:15:00+00:00,1966,,
moon,rashi,Pisces,1966-12-09T17:20:37.500000+00:00,1966,,
moon,rashi,Aries,1966-12-23T21:16:52.500000+00:00,1966,,
moon,rashi,Pisces,1967-01-05T21:16:52.500000+00:00,1967,,
moon,rashi,Aries,1967-01-20T01:24:22.500000+00:00,1967,,
moon,rashi,Pisces,1967-02-01T21:33:45+00:00,1967,,
moon,rashi,Aries,1967-02-16T03:00:00+00:00,1967,,
moon,rashi,Pisces,1967-02-28T23:31:52.500000+00:00,1967,,
moon,rashi,Aries,1967-03-15T05:15:00+00:00,1967,,
moon,rashi,Pisces,1967-03-28T06:39:22.500000+00:00,1967,,
moon,rashi,Aries,1967-04-11T09:50:37.500000+00:00,1967,,
moon,rashi,Pisces,1967-04-24T17:15:00+00:00,1967,,
moon,rashi,Aries,1967-05-08T16:13:07.500000+00:00,1967,,
moon,rashi,Pisces,1967-05-22T03:33:45+00:00,1967,,
moon,rashi,Aries,1967-06-04T22:18:45+00:00,1967,,
moon,rashi,Pisces,1967-06-18T10:07:30+00:00,1967,,
moon,rashi,Aries,1967-07-02T02:31:52.500000+00:00,1967,,
moon,rashi,Pisces,1967-07-15T12:22:30+00:00,1967,,
moon,rashi,Aries,1967-07-29T04:52:30+00:00,1967,,
moon,rashi,Pisces,1967-08-11T13:01:52.500000+00:00,1967,,
moon,rashi,Aries,1967-08-25T07:13:07.500000+00:00,1967,,
moon,rashi,Pisces,1967-09-07T16:35:37.500000+00:00,1967,,
moon,rashi,Aries,1967-09-21T11:26:15+00:00,1967,,
moon,rashi,Pisces,1967-10-05T00:56:15+00:00,1967,,
moon,rashi,Aries,1967-10-18T17:26:15+00:00,1967,,
moon,rashi,Pisces,1967-11-01T12:11:15+00:00,1967,,
moon,rashi,Aries,1967-11-14T23:37:30+00:00,1967,,
moon,rashi,Pisces,1967-11-28T22:01:52.500000+00:00,1967,,
moon,rashi,Aries,1967-12-12T03:56:15+00:00,1967,,
moon,rashi,Pisces,1967-12-26T02:54:22.500000+00:00,1967,,
moon,rashi,Aries,1968-01-08T06:00:00+00:00,1968,,
moon,rashi,Pisces,1968-01-22T03:22:30+00:00,1968,,
moon,rashi,Aries,1968-02-04T08:03:45+00:00,1968,,
moon,rashi,Pisces,1968-02-18T04:52:30+00:00,1968,,
moon,rashi,Aries,1968-03-02T12:39:22.500000+00:00,1968,,
moon,rashi,Pisces,1968-03-16T11:15:00+00:00,1968,,
moon,rashi,Aries,1968-03-29T19:13:07.500000+00:00,1968,,
moon,rashi,Pisces,1968-04-12T21:28:07.500000+00:00,1968,,
moon,rashi,Aries,1968-04-26T01:46:52.500000+00:00,1968,,
moon,rashi,Pisces,1968-05-10T07:52:30+00:00,1968,,
moon,rashi,Aries,1968-05-23T06:11:15+00:00,1968,,
moon,rashi,Pisces,1968-06-06T14:54:22.500000+00:00,1968,,
moon,rashi,Aries,1968-06-19T08:20:37.500000+00:00,1968,,
moon,rashi,Pisces,1968-07-03T17:26:15+00:00,1968,,
moon,rashi,Aries,1968-07-16T10:07:30+00:00,1968,,
moon,rashi,Pisces,1968-07-30T18:11:15+00:00,1968,,
moon,rashi,Aries,1968-08-12T14:09:22.500000+00:00,1968,,
moon,rashi,Pisces,1968-08-26T21:11:15+00:00,1968,,
moon,rashi,Aries,1968-09-08T21:00:00+00:00,1968,,
moon,rashi,Pisces,1968-09-23T04:24:22.500000+00:00,1968,,
moon,rashi,Aries,1968-10-06T04:52:30+00:00,1968,,
moon,rashi,Pisces,1968-10-20T14:26:15+00:00,1968,,
moon,rashi,Aries,1968-11-02T11:03:45+00:00,1968,,
moon,rashi,Pisces,1968-11-16T23:37:30+00:00,1968,,
moon,rashi,Aries,1968-11-29T13:46:52.500000+00:00,1968,,
moon,rashi,Pisces,1968-12-14T04:30:00+00:00,1968,,
moon,rashi,Aries,1968-12-26T14:31:52.500000+00:00,1968,,
moon,rashi,Pisces,1969-01-10T05:20:37.500000+00:00,1969,,
moon,rashi,Aries,1969-01-22T17:31:52.500000+00:00,1969,,
moon,rashi,Pisces,1969-02-06T06:45:00+00:00,1969,,
moon,rashi,Aries,1969-02-19T00:39:22.500000+00:00,1969,,
moon,rashi,Pisces,1969-03-05T12:00:00+00:00,1969,,
moon,rashi,Aries,1969-03-18T09:56:15+00:00,1969,,
moon,rashi,Pisces,1969-04-01T20:37:30+00:00,1969,,
moon,rashi,Aries,1969-04-14T17:37:30+00:00,1969,,
moon,rashi,Pisces,1969-04-29T05:20:37.500000+00:00,1969,,
moon,rashi,Aries,1969-05-11T21:39:22.500000+00:00,1969,,
moon,rashi,Pisces,1969-05-26T11:15:00+00:00,1969,,
moon,rashi,Aries,1969-06-07T22:46:52.500000+00:00,1969,,
moon,rashi,Pisces,1969-06-22T13:35:37.500000+00:00,1969,,
moon,rashi,Aries,1969-07-05T00:28:07.500000+00:00,1969,,
moon,rashi,Pisces,1969-07-19T14:54:22.500000+00:00,1969,,
moon,rashi,Aries,1969-08-01T05:54:22.500000+00:00,1969,,
moon,rashi,Pisces,1969-08-15T18:00:00+00:00,1969,,
moon,rashi,Aries,1969-08-28T15:00:00+00:00,1969,,
moon,rashi,Pisces,1969-09-12T00:11:15+00:00,1969,,
moon,rashi,Aries,1969-09-25T00:50:37.500000+00:00,1969,,
moon,rashi,Pisces,1969-10-09T08:03:45+00:00,1969,,
moon,rashi,Aries,1969-10-22T08:09:22.500000+00:00,1969,,
moon,rashi,Pisces,1969-11-05T14:48:45+00:00,1969,,
moon,rashi,Aries,1969-11-18T10:46:52.500000+00:00,1969,,
moon,rashi,Pisces,1969-12-02T18:22:30+00:00,1969,,
moon,rashi,Aries,1969-12-15T11:03:45+00:00,1969,,
moon,rashi,Pisces,1969-12-29T19:46:52.500000+00:00,1969,,
moon,rashi,Aries,1970-01-11T14:15:00+00:00,1970,,
moon,rashi,Pisces,1970-01-25T22:07:30+00:00,1970,,
moon,rashi,Aries,1970-02-07T22:41:15+00:00,1970,,
moon,rashi,Pisces,1970-02-22T03:28:07.500000+00:00,1970,,
moon,rashi,Aries,1970-03-07T09:50:37.500000+00:00,1970,,
moon,rashi,Pisces,1970-03-21T10:18:45+00:00,1970,,
moon,rashi,Aries,1970-04-03T19:13:07.500000+00:00,1970,,
moon,rashi,Pisces,1970-04-17T16:18:45+00:00,1970,,
moon,rashi,Aries,1970-04-30T23:48:45+00:00,1970,,
moon,rashi,Pisces,1970-05-14T20:03:45+00:00,1970,,
moon,rashi,Aries,1970-05-28T00:45:00+00:00,1970,,
moon,rashi,Pisces,1970-06-10T22:07:30+00:00,1970,,
moon,rashi,Aries,1970-06-24T02:15:00+00:00,1970,,
moon,rashi,Pisces,1970-07-08T00:45:00+00:00,1970,,
moon,rashi,Aries,1970-07-21T07:46:52.500000+00:00,1970,,
moon,rashi,Pisces,1970-08-04T05:20:37.500000+00:00,1970,,
moon,rashi,Aries,1970-08-17T17:31:52.500000+00:00,1970,,
moon,rashi,Pisces,1970-08-31T11:26:15+00:00,1970,,
moon,rashi,Aries,1970-09-14T04:30:00+00:00,1970,,
moon,rashi,Pisces,1970-09-27T17:20:37.500000+00:00,1970,,
moon,rashi,Aries,1970-10-11T12:50:37.500000+00:00,1970,,
moon,rashi,Pisces,1970-10-24T21:22:30+00:00,1970,,
moon,rashi,Aries,1970-11-07T16:07:30+00:00,1970,,
moon,rashi,Pisces,1970-11-20T23:20:37.500000+00:00,1970,,
moon,rashi,Aries,1970-12-04T16:18:45+00:00,1970,,
moon,rashi,Pisces,1970-12-18T01:41:15+00:00,1970,,
moon,rashi,Aries,1970-12-31T18:50:37.500000+00:00,1970,,
moon,rashi,Pisces,1971-01-14T06:33:45+00:00,1971,,
moon,rashi,Aries,1971-01-28T02:48:45+00:00,1971,,
moon,rashi,Pisces,1971-02-10T13:13:07.500000+00:00,1971,,
moon,rashi,Aries,1971-02-24T14:03:45+00:00,1971,,
moon,rashi,Pisces,1971-03-09T19:18:45+00:00,1971,,
moon,rashi,Aries,1971-03-24T00:00:00+00:00,1971,,
moon,rashi,Pisces,1971-04-05T23:03:45+00:00,1971,,
moon,rashi,Aries,1971-04-20T05:15:00+00:00,1971,,
moon,rashi,Pisces,1971-05-03T00:50:37.500000+00:00,1971,,
moon,rashi,Aries,1971-05-17T06:28:07.500000+00:00,1971,,
moon,rashi,Pisces,1971-05-30T03:11:15+00:00,1971,,
moon,rashi,Aries,1971-06-13T07:41:15+00:00,1971,,
moon,rashi,Pisces,1971-06-26T07:58:07.500000+00:00,1971,,
moon,rashi,Aries,1971-07-10T12:28:07.500000+00:00,1971,,
moon,rashi,Pisces,1971-07-23T15:00:00+00:00,1971,,
moon,rashi,Aries,1971-08-06T21:11:15+00:00,1971,,
moon,rashi,Pisces,1971-08-19T22:07:30+00:00,1971,,
moon,rashi,Aries,1971-09-03T07:24:22.500000+00:00,1971,,
moon,rashi,Pisces,1971-09-16T03:11:15+00:00,1971,,
moon,rashi,Aries,1971-09-30T15:33:45+00:00,1971,,
moon,rashi,Pisces,1971-10-13T05:20:37.500000+00:00,1971,,
moon,rashi,Aries,1971-10-27T19:13:07.500000+00:00,1971,,
moon,rashi,Pisces,1971-11-09T06:28:07.500000+00:00,1971,,
moon,rashi,Aries,1971-11-23T19:41:15+00:00,1971,,
moon,rashi,Pisces,1971-12-06T10:18:45+00:00,1971,,
moon,rashi,Aries,1971-12-20T21:50:37.500000+00:00,1971,,
moon,rashi,Pisces,1972-01-02T18:00:00+00:00,1972,,
moon,rashi,Aries,1972-01-17T04:24:22.500000+00:00,1972,,
moon,rashi,Pisces,1972-01-30T03:00:00+00:00,1972,,
moon,rashi,Aries,1972-02-13T13:52:30+00:00,1972,,
moon,rashi,Pisces,1972-02-26T09:39:22.500000+00:00,1972,,
moon,rashi,Aries,1972-03-11T22:30:00+00:00,1972,,
moon,rashi,Pisces,1972-03-24T12:22:30+00:00,1972,,
moon,rashi,Aries,1972-04-08T03:16:52.500000+00:00,1972,,
moon,rashi,Pisces,1972-04-20T13:13:07.500000+00:00,1972,,
moon,rashi,Aries,1972-05-05T04:41:15+00:00,1972,,
moon,rashi,Pisces,1972-05-17T16:01:52.500000+00:00,1972,,
moon,rashi,Aries,1972-06-01T06:11:15+00:00,1972,,
moon,rashi,Pisces,1972-06-13T22:52:30+00:00,1972,,
moon,rashi,Aries,1972-06-28T10:35:37.500000+00:00,1972,,
moon,rashi,Pisces,1972-07-11T08:20:37.500000+00:00,1972,,
moon,rashi,Aries,1972-07-25T17:54:22.500000+00:00,1972,,
moon,rashi,Pisces,1972-08-07T17:03:45+00:00,1972,,
moon,rashi,Aries,1972-08-22T01:58:07.500000+00:00,1972,,
moon,rashi,Pisces,1972-09-03T22:30:00+00:00,1972,,
moon,rashi,Aries,1972-09-18T08:09:22.500000+00:00,1972,,
moon,rashi,Pisces,1972-10-01T00:05:37.500000+00:00,1972,,
moon,rashi,Aries,1972-10-15T11:03:45+00:00,1972,,
moon,rashi,Pisces,1972-10-28T00:50:37.500000+00:00,1972,,
moon,rashi,Aries,1972-11-11T12:16:52.500000+00:00,1972,,
moon,rashi,Pisces,1972-11-24T05:26:15+00:00,1972,,
moon,rashi,Aries,1972-12-08T15:05:37.500000+00:00,1972,,
moon,rashi,Pisces,1972-12-21T15:00:00+00:00,1972,,
moon,rashi,Aries,1973-01-04T21:00:00+00:00,1973,,
moon,rashi,Pisces,1973-01-18T02:03:45+00:00,1973,,
moon,rashi,Aries,1973-02-01T04:13:07.500000+00:00,1973,,
moon,rashi,Pisces,1973-02-14T10:13:07.500000+00:00,1973,,
moon,rashi,Aries,1973-02-28T10:07:30+00:00,1973,,
moon,rashi,Pisces,1973-03-13T13:13:07.500000+00:00,1973,,
moon,rashi,Aries,1973-03-27T13:13:07.500000+00:00,1973,,
moon,rashi,Pisces,1973-04-09T13:35:37.500000+00:00,1973,,
moon,rashi,Aries,1973-04-23T15:00:00+00:00,1973,,
moon,rashi,Pisces,1973-05-06T16:18:45+00:00,1973,,
moon,rashi,Aries,1973-05-20T18:00:00+00:00,1973,,
moon,rashi,Pisces,1973-06-02T23:48:45+00:00,1973,,
moon,rashi,Aries,1973-06-16T23:15:00+00:00,1973,,
moon,rashi,Pisces,1973-06-30T10:24:22.500000+00:00,1973,,
moon,rashi,Aries,1973-07-14T05:31:52.500000+00:00,1973,,
moon,rashi,Pisces,1973-07-27T20:26:15+00:00,1973,,
moon,rashi,Aries,1973-08-10T11:09:22.500000+00:00,1973,,
moon,rashi,Pisces,1973-08-24T02:48:45+00:00,1973,,
moon,rashi,Aries,1973-09-06T14:48:45+00:00,1973,,
moon,rashi,Pisces,1973-09-20T04:41:15+00:00,1973,,
moon,rashi,Aries,1973-10-03T16:52:30+00:00,1973,,
moon,rashi,Pisces,1973-10-17T05:09:22.500000+00:00,1973,,
moon,rashi,Aries,1973-10-30T19:35:37.500000+00:00,1973,,
moon,rashi,Pisces,1973-11-13T09:22:30+00:00,1973,,
moon,rashi,Aries,1973-11-27T00:28:07.500000+00:00,1973,,
moon,rashi,Pisces,1973-12-10T18:39:22.500000+00:00,1973,,
moon,rashi,Aries,1973-12-24T07:01:52.500000+00:00,1973,,
moon,rashi,Pisces,1974-01-07T06:16:52.500000+00:00,1974,,
moon,rashi,Aries,1974-01-20T12:39:22.500000+00:00,1974,,
moon,rashi,Pisces,1974-02-03T15:22:30+00:00,1974,,
moon,rashi,Aries,1974-02-16T15:56:15+00:00,1974,,
moon,rashi,Pisces,1974-03-02T19:01:52.500000+00:00,1974,,
moon,rashi,Aries,1974-03-15T17:31:52.500000+00:00,1974,,
moon,rashi,Pisces,1974-03-29T19:24:22.500000+00:00,1974,,
moon,rashi,Aries,1974-04-11T20:20:37.500000+00:00,1974,,
moon,rashi,Pisces,1974-04-25T21:39:22.500000+00:00,1974,,
moon,rashi,Aries,1974-05-09T01:52:30+00:00,1974,,
moon,rashi,Pisces,1974-05-23T04:24:22.500000+00:00,1974,,
moon,rashi,Aries,1974-06-05T09:00:00+00:00,1974,,
moon,rashi,Pisces,1974-06-19T14:20:37.500000+00:00,1974,,
moon,rashi,Aries,1974-07-02T15:28:07.500000+00:00,1974,,
moon,rashi,Pisces,1974-07-17T00:05:37.500000+00:00,1974,,
moon,rashi,Aries,1974-07-29T19:30:00+00:00,1974,,
moon,rashi,Pisces,1974-08-13T06:39:22.500000+00:00,1974,,
moon,rashi,Aries,1974-08-25T21:16:52.500000+00:00,1974,,
moon,rashi,Pisces,1974-09-09T08:54:22.500000+00:00,1974,,
moon,rashi,Aries,1974-09-21T23:03:45+00:00,1974,,
moon,rashi,Pisces,1974-10-06T09:33:45+00:00,1974,,
moon,rashi,Aries,1974-10-19T03:45:00+00:00,1974,,
moon,rashi,Pisces,1974-11-02T12:56:15+00:00,1974,,
moon,rashi,Aries,1974-11-15T11:31:52.500000+00:00,1974,,
moon,rashi,Pisces,1974-11-29T20:54:22.500000+00:00,1974,,
moon,rashi,Aries,1974-12-12T19:52:30+00:00,1974,,
moon,rashi,Pisces,1974-12-27T07:01:52.500000+00:00,1974,,
moon,rashi,Aries,1975-01-09T01:24:22.500000+00:00,1975,,
moon,rashi,Pisces,1975-01-23T15:16:52.500000+00:00,1975,,
moon,rashi,Aries,1975-02-05T03:11:15+00:00,1975,,
moon,rashi,Pisces,1975-02-19T18:50:37.500000+00:00,1975,,
moon,rashi,Aries,1975-03-04T04:01:52.500000+00:00,1975,,
moon,rashi,Pisces,1975-03-18T19:35:37.500000+00:00,1975,,
moon,rashi,Aries,1975-03-31T08:03:45+00:00,1975,,
moon,rashi,Pisces,1975-04-14T21:45:00+00:00,1975,,
moon,rashi,Aries,1975-04-27T16:07:30+00:00,1975,,
moon,rashi,Pisces,1975-05-12T03:28:07.500000+00:00,1975,,
moon,rashi,Aries,1975-05-25T01:35:37.500000+00:00,1975,,
moon,rashi,Pisces,1975-06-08T11:37:30+00:00,1975,,
moon,rashi,Aries,1975-06-21T09:05:37.500000+00:00,1975,,
moon,rashi,Pisces,1975-07-05T19:35:37.500000+00:00,1975,,
moon,rashi,Aries,1975-07-18T12:50:37.500000+00:00,1975,,
moon,rashi,Pisces,1975-08-02T00:45:00+00:00,1975,,
moon,rashi,Aries,1975-08-14T13:52:30+00:00,1975,,
moon,rashi,Pisces,1975-08-29T02:54:22.500000+00:00,1975,,
moon,rashi,Aries,1975-09-10T15:39:22.500000+00:00,1975,,
moon,rashi,Pisces,1975-09-25T04:18:45+00:00,1975,,
moon,rashi,Aries,1975-10-07T21:39:22.500000+00:00,1975,,
moon,rashi,Pisces,1975-10-22T07:58:07.500000+00:00,1975,,
moon,rashi,Aries,1975-11-04T07:35:37.500000+00:00,1975,,
moon,rashi,Pisces,1975-11-18T14:31:52.500000+00:00,1975,,
moon,rashi,Aries,1975-12-01T17:54:22.500000+00:00,1975,,
moon,rashi,Pisces,1975-12-15T22:07:30+00:00,1975,,
moon,rashi,Aries,1975-12-29T00:28:07.500000+00:00,1975,,
moon,rashi,Pisces,1976-01-12T03:56:15+00:00,1976,,
moon,rashi,Aries,1976-01-25T02:09:22.500000+00:00,1976,,
moon,rashi,Pisces,1976-02-08T06:28:07.500000+00:00,1976,,
moon,rashi,Aries,1976-02-21T02:37:30+00:00,1976,,
moon,rashi,Pisces,1976-03-06T08:03:45+00:00,1976,,
moon,rashi,Aries,1976-03-19T06:56:15+00:00,1976,,
moon,rashi,Pisces,1976-04-02T11:26:15+00:00,1976,,
moon,rashi,Aries,1976-04-15T16:13:07.500000+00:00,1976,,
moon,rashi,Pisces,1976-04-29T17:03:45+00:00,1976,,
moon,rashi,Aries,1976-05-13T03:11:15+00:00,1976,,
moon,rashi,Pisces,1976-05-26T23:31:52.500000+00:00,1976,,
moon,rashi,Aries,1976-06-09T12:00:00+00:00,1976,,
moon,rashi,Pisces,1976-06-23T04:46:52.500000+00:00,1976,,
moon,rashi,Aries,1976-07-06T16:18:45+00:00,1976,,
moon,rashi,Pisces,1976-07-20T07:58:07.500000+00:00,1976,,
moon,rashi,Aries,1976-08-02T17:15:00+00:00,1976,,
moon,rashi,Pisces,1976-08-16T10:01:52.500000+00:00,1976,,
moon,rashi,Aries,1976-08-29T18:50:37.500000+00:00,1976,,
moon,rashi,Pisces,1976-09-12T13:07:30+00:00,1976,,
moon,rashi,Aries,1976-09-26T00:45:00+00:00,1976,,
moon,rashi,Pisces,1976-10-09T18:22:30+00:00,1976,,
moon,rashi,Aries,1976-10-23T10:58:07.500000+00:00,1976,,
moon,rashi,Pisces,1976-11-06T00:45:00+00:00,1976,,
moon,rashi,Aries,1976-11-19T22:07:30+00:00,1976,,
moon,rashi,Pisces,1976-12-03T06:16:52.500000+00:00,1976,,
moon,rashi,Aries,1976-12-17T05:48:45+00:00,1976,,
moon,rashi,Pisces,1976-12-30T09:16:52.500000+00:00,1976,,
moon,rashi,Aries,1977-01-13T08:03:45+00:00,1977,,
moon,rashi,Pisces,1977-01-26T10:52:30+00:00,1977,,
moon,rashi,Aries,1977-02-09T08:15:00+00:00,1977,,
moon,rashi,Pisces,1977-02-22T14:03:45+00:00,1977,,
moon,rashi,Aries,1977-03-08T11:54:22.500000+00:00,1977,,
moon,rashi,Pisces,1977-03-21T19:58:07.500000+00:00,1977,,
moon,rashi,Aries,1977-04-04T20:31:52.500000+00:00,1977,,
moon,rashi,Pisces,1977-04-18T02:48:45+00:00,1977,,
moon,rashi,Aries,1977-05-02T07:18:45+00:00,1977,,
moon,rashi,Pisces,1977-05-15T08:26:15+00:00,1977,,
moon,rashi,Aries,1977-05-29T16:24:22.500000+00:00,1977,,
moon,rashi,Pisces,1977-06-11T11:37:30+00:00,1977,,
moon,rashi,Aries,1977-06-25T21:11:15+00:00,1977,,
moon,rashi,Pisces,1977-07-08T13:18:45+00:00,1977,,
moon,rashi,Aries,1977-07-22T22:18:45+00:00,1977,,
moon,rashi,Pisces,1977-08-04T15:56:15+00:00,1977,,
moon,rashi,Aries,1977-08-18T23:43:07.500000+00:00,1977,,
moon,rashi,Pisces,1977-08-31T21:22:30+00:00,1977,,
moon,rashi,Aries,1977-09-15T04:41:15+00:00,1977,,
moon,rashi,Pisces,1977-09-28T05:09:22.500000+00:00,1977,,
moon,rashi,Aries,1977-10-12T13:35:37.500000+00:00,1977,,
moon,rashi,Pisces,1977-10-25T12:33:45+00:00,1977,,
moon,rashi,Aries,1977-11-08T23:43:07.500000+00:00,1977,,
moon,rashi,Pisces,1977-11-21T17:09:22.500000+00:00,1977,,
moon,rashi,Aries,1977-12-06T07:07:30+00:00,1977,,
moon,rashi,Pisces,1977-12-18T18:28:07.500000+00:00,1977,,
moon,rashi,Aries,1978-01-02T09:39:22.500000+00:00,1978,,
moon,rashi,Pisces,1978-01-14T19:46:52.500000+00:00,1978,,
moon,rashi,Aries,1978-01-29T10:01:52.500000+00:00,1978,,
moon,rashi,Pisces,1978-02-11T00:50:37.500000+00:00,1978,,
moon,rashi,Aries,1978-02-25T13:13:07.500000+00:00,1978,,
moon,rashi,Pisces,1978-03-10T09:33:45+00:00,1978,,
moon,rashi,Aries,1978-03-24T20:26:15+00:00,1978,,
moon,rashi,Pisces,1978-04-06T18:28:07.500000+00:00,1978,,
moon,rashi,Aries,1978-04-21T05:26:15+00:00,1978,,
moon,rashi,Pisces,1978-05-04T00:33:45+00:00,1978,,
moon,rashi,Aries,1978-05-18T12:56:15+00:00,1978,,
moon,rashi,Pisces,1978-05-31T02:48:45+00:00,1978,,
moon,rashi,Aries,1978-06-14T17:03:45+00:00,1978,,
moon,rashi,Pisces,1978-06-27T03:45:00+00:00,1978,,
moon,rashi,Aries,1978-07-11T18:28:07.500000+00:00,1978,,
moon,rashi,Pisces,1978-07-24T07:01:52.500000+00:00,1978,,
moon,rashi,Aries,1978-08-07T20:20:37.500000+00:00,1978,,
moon,rashi,Pisces,1978-08-20T14:26:15+00:00,1978,,
moon,rashi,Aries,1978-09-04T01:01:52.500000+00:00,1978,,
moon,rashi,Pisces,1978-09-17T00:22:30+00:00,1978,,
moon,rashi,Aries,1978-10-01T08:15:00+00:00,1978,,
moon,rashi,Pisces,1978-10-14T09:28:07.500000+00:00,1978,,
moon,rashi,Aries,1978-10-28T15:56:15+00:00,1978,,
moon,rashi,Pisces,1978-11-10T14:31:52.500000+00:00,1978,,
moon,rashi,Aries,1978-11-24T21:11:15+00:00,1978,,
moon,rashi,Pisces,1978-12-07T15:22:30+00:00,1978,,
moon,rashi,Aries,1978-12-21T23:15:00+00:00,1978,,
moon,rashi,Pisces,1979-01-03T16:30:00+00:00,1979,,
moon,rashi,Aries,1979-01-18T00:45:00+00:00,1979,,
moon,rashi,Pisces,1979-01-30T22:18:45+00:00,1979,,
moon,rashi,Aries,1979-02-14T04:35:37.500000+00:00,1979,,
moon,rashi,Pisces,1979-02-27T08:43:07.500000+00:00,1979,,
moon,rashi,Aries,1979-03-13T10:58:07.500000+00:00,1979,,
moon,rashi,Pisces,1979-03-26T19:24:22.500000+00:00,1979,,
moon,rashi,Aries,1979-04-09T17:37:30+00:00,1979,,
moon,rashi,Pisces,1979-04-23T02:37:30+00:00,1979,,
moon,rashi,Aries,1979-05-06T22:35:37.500000+00:00,1979,,
moon,rashi,Pisces,1979-05-20T05:09:22.500000+00:00,1979,,
moon,rashi,Aries,1979-06-03T01:13:07.500000+00:00,1979,,
moon,rashi,Pisces,1979-06-16T05:43:07.500000+00:00,1979,,
moon,rashi,Aries,1979-06-30T03:16:52.500000+00:00,1979,,
moon,rashi,Pisces,1979-07-13T08:54:22.500000+00:00,1979,,
moon,rashi,Aries,1979-07-27T06:50:37.500000+00:00,1979,,
moon,rashi,Pisces,1979-08-09T16:41:15+00:00,1979,,
moon,rashi,Aries,1979-08-23T12:22:30+00:00,1979,,
moon,rashi,Pisces,1979-09-06T03:28:07.500000+00:00,1979,,
moon,rashi,Aries,1979-09-19T18:39:22.500000+00:00,1979,,
moon,rashi,Pisces,1979-10-03T13:41:15+00:00,1979,,
moon,rashi,Aries,1979-10-16T23:43:07.500000+00:00,1979,,
moon,rashi,Pisces,1979-10-30T19:41:15+00:00,1979,,
moon,rashi,Aries,1979-11-13T02:31:52.500000+00:00,1979,,
moon,rashi,Pisces,1979-11-26T20:54:22.500000+00:00,1979,,
moon,rashi,Aries,1979-12-10T04:18:45+00:00,1979,,
moon,rashi,Pisces,1979-12-23T21:33:45+00:00,1979,,
moon,rashi,Aries,1980-01-06T07:46:52.500000+00:00,1980,,
moon,rashi,Pisces,1980-01-20T02:43:07.500000+00:00,1980,,
moon,rashi,Aries,1980-02-02T13:52:30+00:00,1980,,
moon,rashi,Pisces,1980-02-16T12:45:00+00:00,1980,,
moon,rashi,Aries,1980-02-29T20:31:52.500000+00:00,1980,,
moon,rashi,Pisces,1980-03-14T23:54:22.500000+00:00,1980,,
moon,rashi,Aries,1980-03-28T01:35:37.500000+00:00,1980,,
moon,rashi,Pisces,1980-04-11T07:41:15+00:00,1980,,
moon,rashi,Aries,1980-04-24T04:13:07.500000+00:00,1980,,
moon,rashi,Pisces,1980-05-08T10:41:15+00:00,1980,,
moon,rashi,Aries,1980-05-21T05:54:22.500000+00:00,1980,,
moon,rashi,Pisces,1980-06-04T11:20:37.500000+00:00,1980,,
moon,rashi,Aries,1980-06-17T09:16:52.500000+00:00,1980,,
moon,rashi,Pisces,1980-07-01T13:58:07.500000+00:00,1980,,
moon,rashi,Aries,1980-07-14T15:28:07.500000+00:00,1980,,
moon,rashi,Pisces,1980-07-28T20:48:45+00:00,1980,,
moon,rashi,Aries,1980-08-10T22:52:30+00:00,1980,,
moon,rashi,Pisces,1980-08-25T06:39:22.500000+00:00,1980,,
moon,rashi,Aries,1980-09-07T05:15:00+00:00,1980,,
moon,rashi,Pisces,1980-09-21T16:18:45+00:00,1980,,
moon,rashi,Aries,1980-10-04T08:48:45+00:00,1980,,
moon,rashi,Pisces,1980-10-18T22:24:22.500000+00:00,1980,,
moon,rashi,Aries,1980-10-31T10:01:52.500000+00:00,1980,,
moon,rashi,Pisces,1980-11-15T00:00:00+00:00,1980,,
moon,rashi,Aries,1980-11-27T12:05:37.500000+00:00,1980,,
moon,rashi,Pisces,1980-12-12T00:39:22.500000+00:00,1980,,
moon,rashi,Aries,1980-12-24T17:54:22.500000+00:00,1980,,
moon,rashi,Pisces,1981-01-08T04:52:30+00:00,1981,,
moon,rashi,Aries,1981-01-21T02:48:45+00:00,1981,,
moon,rashi,Pisces,1981-02-04T13:18:45+00:00,1981,,
moon,rashi,Aries,1981-02-17T11:03:45+00:00,1981,,
moon,rashi,Pisces,1981-03-03T22:46:52.500000+00:00,1981,,
moon,rashi,Aries,1981-03-16T15:50:37.500000+00:00,1981,,
moon,rashi,Pisces,1981-03-31T05:37:30+00:00,1981,,
moon,rashi,Aries,1981-04-12T17:09:22.500000+00:00,1981,,
moon,rashi,Pisces,1981-04-27T08:26:15+00:00,1981,,
moon,rashi,Aries,1981-05-09T18:28:07.500000+00:00,1981,,
moon,rashi,Pisces,1981-05-24T09:28:07.500000+00:00,1981,,
moon,rashi,Aries,1981-06-05T23:15:00+00:00,1981,,
moon,rashi,Pisces,1981-06-20T12:16:52.500000+00:00,1981,,
moon,rashi,Aries,1981-07-03T07:41:15+00:00,1981,,
moon,rashi,Pisces,1981-07-17T18:11:15+00:00,1981,,
moon,rashi,Aries,1981-07-30T17:15:00+00:00,1981,,
moon,rashi,Pisces,1981-08-14T02:09:22.500000+00:00,1981,,
moon,rashi,Aries,1981-08-27T00:45:00+00:00,1981,,
moon,rashi,Pisces,1981-09-10T09:33:45+00:00,1981,,
moon,rashi,Aries,1981-09-23T04:13:07.500000+00:00,1981,,
moon,rashi,Pisces,1981-10-07T14:09:22.500000+00:00,1981,,
moon,rashi,Aries,1981-10-20T04:46:52.500000+00:00,1981,,
moon,rashi,Pisces,1981-11-03T15:50:37.500000+00:00,1981,,
moon,rashi,Aries,1981-11-16T06:56:15+00:00,1981,,
moon,rashi,Pisces,1981-11-30T17:31:52.500000+00:00,1981,,
moon,rashi,Aries,1981-12-13T14:09:22.500000+00:00,1981,,
moon,rashi,Pisces,1981-12-27T21:50:37.500000+00:00,1981,,
moon,rashi,Aries,1982-01-10T01:01:52.500000+00:00,1982,,
moon,rashi,Pisces,1982-01-24T04:41:15+00:00,1982,,
moon,rashi,Aries,1982-02-06T11:15:00+00:00,1982,,
moon,rashi,Pisces,1982-02-20T11:31:52.500000+00:00,1982,,
moon,rashi,Aries,1982-03-05T16:46:52.500000+00:00,1982,,
moon,rashi,Pisces,1982-03-19T16:01:52.500000+00:00,1982,,
moon,rashi,Aries,1982-04-01T18:00:00+00:00,1982,,
moon,rashi,Pisces,1982-04-15T18:11:15+00:00,1982,,
moon,rashi,Aries,1982-04-28T18:56:15+00:00,1982,,
moon,rashi,Pisces,1982-05-12T20:20:37.500000+00:00,1982,,
moon,rashi,Aries,1982-05-26T00:00:00+00:00,1982,,
moon,rashi,Pisces,1982-06-09T00:28:07.500000+00:00,1982,,
moon,rashi,Aries,1982-06-22T09:16:52.500000+00:00,1982,,
moon,rashi,Pisces,1982-07-06T06:22:30+00:00,1982,,
moon,rashi,Aries,1982-07-19T20:03:45+00:00,1982,,
moon,rashi,Pisces,1982-08-02T12:33:45+00:00,1982,,
moon,rashi,Aries,1982-08-16T04:41:15+00:00,1982,,
moon,rashi,Pisces,1982-08-29T17:20:37.500000+00:00,1982,,
moon,rashi,Aries,1982-09-12T08:43:07.500000+00:00,1982,,
moon,rashi,Pisces,1982-09-25T19:58:07.500000+00:00,1982,,
moon,rashi,Aries,1982-10-09T09:22:30+00:00,1982,,
moon,rashi,Pisces,1982-10-22T22:01:52.500000+00:00,1982,,
moon,rashi,Aries,1982-11-05T11:09:22.500000+00:00,1982,,
moon,rashi,Pisces,1982-11-19T01:46:52.500000+00:00,1982,,
moon,rashi,Aries,1982-12-02T17:54:22.500000+00:00,1982,,
moon,rashi,Pisces,1982-12-16T07:46:52.500000+00:00,1982,,
moon,rashi,Aries,1982-12-30T04:58:07.500000+00:00,1982,,
moon,rashi,Pisces,1983-01-12T14:09:22.500000+00:00,1983,,
moon,rashi,Aries,1983-01-26T15:56:15+00:00,1983,,
moon,rashi,Pisces,1983-02-08T18:39:22.500000+00:00,1983,,
moon,rashi,Aries,1983-02-22T22:24:22.500000+00:00,1983,,
moon,rashi,Pisces,1983-03-07T20:48:45+00:00,1983,,
moon,rashi,Aries,1983-03-21T23:54:22.500000+00:00,1983,,
moon,rashi,Pisces,1983-04-03T22:41:15+00:00,1983,,
moon,rashi,Aries,1983-04-18T00:33:45+00:00,1983,,
moon,rashi,Pisces,1983-05-01T02:54:22.500000+00:00,1983,,
moon,rashi,Aries,1983-05-15T04:58:07.500000+00:00,1983,,
moon,rashi,Pisces,1983-05-28T09:28:07.500000+00:00,1983,,
moon,rashi,Aries,1983-06-11T13:30:00+00:00,1983,,
moon,rashi,Pisces,1983-06-24T16:30:00+00:00,1983,,
moon,rashi,Aries,1983-07-08T23:43:07.500000+00:00,1983,,
moon,rashi,Pisces,1983-07-21T21:56:15+00:00,1983,,
moon,rashi,Aries,1983-08-05T08:20:37.500000+00:00,1983,,
moon,rashi,Pisces,1983-08-18T00:45:00+00:00,1983,,
moon,rashi,Aries,1983-09-01T12:39:22.500000+00:00,1983,,
moon,rashi,Pisces,1983-09-14T02:09:22.500000+00:00,1983,,
moon,rashi,Aries,1983-09-28T13:35:37.500000+00:00,1983,,
moon,rashi,Pisces,1983-10-11T05:03:45+00:00,1983,,
moon,rashi,Aries,1983-10-25T15:05:37.500000+00:00,1983,,
moon,rashi,Pisces,1983-11-07T11:31:52.500000+00:00,1983,,
moon,rashi,Aries,1983-11-21T20:48:45+00:00,1983,,
moon,rashi,Pisces,1983-12-04T20:03:45+00:00,1983,,
moon,rashi,Aries,1983-12-19T06:11:15+00:00,1983,,
moon,rashi,Pisces,1984-01-01T03:22:30+00:00,1984,,
moon,rashi,Aries,1984-01-15T15:50:37.500000+00:00,1984,,
moon,rashi,Pisces,1984-01-28T06:56:15+00:00,1984,,
moon,rashi,Aries,1984-02-11T21:56:15+00:00,1984,,
moon,rashi,Pisces,1984-02-24T07:41:15+00:00,1984,,
moon,rashi,Aries,1984-03-09T23:37:30+00:00,1984,,
moon,rashi,Pisces,1984-03-22T09:45:00+00:00,1984,,
moon,rashi,Aries,1984-04-06T00:33:45+00:00,1984,,
moon,rashi,Pisces,1984-04-18T15:56:15+00:00,1984,,
moon,rashi,Aries,1984-05-03T04:24:22.500000+00:00,1984,,
moon,rashi,Pisces,1984-05-16T01:07:30+00:00,1984,,
moon,rashi,Aries,1984-05-30T11:37:30+00:00,1984,,
moon,rashi,Pisces,1984-06-12T10:01:52.500000+00:00,1984,,
moon,rashi,Aries,1984-06-26T19:58:07.500000+00:00,1984,,
moon,rashi,Pisces,1984-07-09T15:50:37.500000+00:00,1984,,
moon,rashi,Aries,1984-07-24T02:43:07.500000+00:00,1984,,
moon,rashi,Pisces,1984-08-05T17:54:22.500000+00:00,1984,,
moon,rashi,Aries,1984-08-20T06:16:52.500000+00:00,1984,,
moon,rashi,Pisces,1984-09-01T18:45:00+00:00,1984,,
moon,rashi,Aries,1984-09-16T07:41:15+00:00,1984,,
moon,rashi,Pisces,1984-09-28T22:24:22.500000+00:00,1984,,
moon,rashi,Aries,1984-10-13T09:56:15+00:00,1984,,
moon,rashi,Pisces,1984-10-26T06:39:22.500000+00:00,1984,,
moon,rashi,Aries,1984-11-09T15:05:37.500000+00:00,1984,,
moon,rashi,Pisces,1984-11-22T17:20:37.500000+00:00,1984,,
moon,rashi,Aries,1984-12-06T22:30:00+00:00,1984,,
moon,rashi,Pisces,1984-12-20T02:20:37.500000+00:00,1984,,
moon,rashi,Aries,1985-01-03T05:26:15+00:00,1985,,
moon,rashi,Pisces,1985-01-16T06:22:30+00:00,1985,,
moon,rashi,Aries,1985-01-30T09:33:45+00:00,1985,,
moon,rashi,Pisces,1985-02-12T06:39:22.500000+00:00,1985,,
moon,rashi,Aries,1985-02-26T11:15:00+00:00,1985,,
moon,rashi,Pisces,1985-03-11T08:37:30+00:00,1985,,
moon,rashi,Aries,1985-03-25T13:30:00+00:00,1985,,
moon,rashi,Pisces,1985-04-07T15:33:45+00:00,1985,,
moon,rashi,Aries,1985-04-21T18:05:37.500000+00:00,1985,,
moon,rashi,Pisces,1985-05-05T02:03:45+00:00,1985,,
moon,rashi,Aries,1985-05-19T00:22:30+00:00,1985,,
moon,rashi,Pisces,1985-06-01T12:28:07.500000+00:00,1985,,
moon,rashi,Aries,1985-06-15T06:28:07.500000+00:00,1985,,
moon,rashi,Pisces,1985-06-28T19:13:07.500000+00:00,1985,,
moon,rashi,Aries,1985-07-12T10:41:15+00:00,1985,,
moon,rashi,Pisces,1985-07-25T21:33:45+00:00,1985,,
moon,rashi,Aries,1985-08-08T13:01:52.500000+00:00,1985,,
moon,rashi,Pisces,1985-08-21T22:13:07.500000+00:00,1985,,
moon,rashi,Aries,1985-09-04T15:22:30+00:00,1985,,
moon,rashi,Pisces,1985-09-18T01:35:37.500000+00:00,1985,,
moon,rashi,Aries,1985-10-01T19:35:37.500000+00:00,1985,,
moon,rashi,Pisces,1985-10-15T09:50:37.500000+00:00,1985,,
moon,rashi,Aries,1985-10-29T01:35:37.500000+00:00,1985,,
moon,rashi,Pisces,1985-11-11T21:05:37.500000+00:00,1985,,
moon,rashi,Aries,1985-11-25T07:46:52.500000+00:00,1985,,
moon,rashi,Pisces,1985-12-09T07:07:30+00:00,1985,,
moon,rashi,Aries,1985-12-22T12:05:37.500000+00:00,1985,,
moon,rashi,Pisces,1986-01-05T12:05:37.500000+00:00,1986,,
moon,rashi,Aries,1986-01-18T14:03:45+00:00,1986,,
moon,rashi,Pisces,1986-02-01T12:33:45+00:00,1986,,
moon,rashi,Aries,1986-02-14T16:07:30+00:00,1986,,
moon,rashi,Pisces,1986-02-28T13:58:07.500000+00:00,1986,,
moon,rashi,Aries,1986-03-13T20:48:45+00:00,1986,,
moon,rashi,Pisces,1986-03-27T20:09:22.500000+00:00,1986,,
moon,rashi,Aries,1986-04-10T03:28:07.500000+00:00,1986,,
moon,rashi,Pisces,1986-04-24T06:16:52.500000+00:00,1986,,
moon,rashi,Aries,1986-05-07T10:01:52.500000+00:00,1986,,
moon,rashi,Pisces,1986-05-21T16:41:15+00:00,1986,,
moon,rashi,Aries,1986-06-03T14:31:52.500000+00:00,1986,,
moon,rashi,Pisces,1986-06-17T23:48:45+00:00,1986,,
moon,rashi,Aries,1986-06-30T16:41:15+00:00,1986,,
moon,rashi,Pisces,1986-07-15T02:31:52.500000+00:00,1986,,
moon,rashi,Aries,1986-07-27T18:22:30+00:00,1986,,
moon,rashi,Pisces,1986-08-11T03:11:15+00:00,1986,,
moon,rashi,Aries,1986-08-23T22:18:45+00:00,1986,,
moon,rashi,Pisces,1986-09-07T06:00:00+00:00,1986,,
moon,rashi,Aries,1986-09-20T05:15:00+00:00,1986,,
moon,rashi,Pisces,1986-10-04T13:07:30+00:00,1986,,
moon,rashi,Aries,1986-10-17T13:18:45+00:00,1986,,
moon,rashi,Pisces,1986-10-31T23:03:45+00:00,1986,,
moon,rashi,Aries,1986-11-13T19:35:37.500000+00:00,1986,,
moon,rashi,Pisces,1986-11-28T08:20:37.500000+00:00,1986,,
moon,rashi,Aries,1986-12-10T22:18:45+00:00,1986,,
moon,rashi,Pisces,1986-12-25T13:13:07.500000+00:00,1986,,
moon,rashi,Aries,1987-01-06T23:03:45+00:00,1987,,
moon,rashi,Pisces,1987-01-21T14:09:22.500000+00:00,1987,,
moon,rashi,Aries,1987-02-03T01:58:07.500000+00:00,1987,,
moon,rashi,Pisces,1987-02-17T15:28:07.500000+00:00,1987,,
moon,rashi,Aries,1987-03-02T09:11:15+00:00,1987,,
moon,rashi,Pisces,1987-03-16T20:43:07.500000+00:00,1987,,
moon,rashi,Aries,1987-03-29T18:28:07.500000+00:00,1987,,
moon,rashi,Pisces,1987-04-13T05:03:45+00:00,1987,,
moon,rashi,Aries,1987-04-26T02:20:37.500000+00:00,1987,,
moon,rashi,Pisces,1987-05-10T13:41:15+00:00,1987,,
moon,rashi,Aries,1987-05-23T06:28:07.500000+00:00,1987,,
moon,rashi,Pisces,1987-06-06T19:35:37.500000+00:00,1987,,
moon,rashi,Aries,1987-06-19T07:35:37.500000+00:00,1987,,
moon,rashi,Pisces,1987-07-03T22:07:30+00:00,1987,,
moon,rashi,Aries,1987-07-16T09:11:15+00:00,1987,,
moon,rashi,Pisces,1987-07-30T23:26:15+00:00,1987,,
moon,rashi,Aries,1987-08-12T14:31:52.500000+00:00,1987,,
moon,rashi,Pisces,1987-08-27T02:26:15+00:00,1987,,
moon,rashi,Aries,1987-09-08T23:31:52.500000+00:00,1987,,
moon,rashi,Pisces,1987-09-23T08:31:52.500000+00:00,1987,,
moon,rashi,Aries,1987-10-06T09:39:22.500000+00:00,1987,,
moon,rashi,Pisces,1987-10-20T16:18:45+00:00,1987,,
moon,rashi,Aries,1987-11-02T17:03:45+00:00,1987,,
moon,rashi,Pisces,1987-11-16T23:03:45+00:00,1987,,
moon,rashi,Aries,1987-11-29T19:46:52.500000+00:00,1987,,
moon,rashi,Pisces,1987-12-14T02:37:30+00:00,1987,,
moon,rashi,Aries,1987-12-26T20:03:45+00:00,1987,,
moon,rashi,Pisces,1988-01-10T03:56:15+00:00,1988,,
moon,rashi,Aries,1988-01-22T23:09:22.500000+00:00,1988,,
moon,rashi,Pisces,1988-02-06T06:22:30+00:00,1988,,
moon,rashi,Aries,1988-02-19T07:35:37.500000+00:00,1988,,
moon,rashi,Pisces,1988-03-04T11:43:07.500000+00:00,1988,,
moon,rashi,Aries,1988-03-17T18:39:22.500000+00:00,1988,,
moon,rashi,Pisces,1988-03-31T18:28:07.500000+00:00,1988,,
moon,rashi,Aries,1988-04-14T04:07:30+00:00,1988,,
moon,rashi,Pisces,1988-04-28T00:28:07.500000+00:00,1988,,
moon,rashi,Aries,1988-05-11T08:54:22.500000+00:00,1988,,
moon,rashi,Pisces,1988-05-25T04:07:30+00:00,1988,,
moon,rashi,Aries,1988-06-07T09:56:15+00:00,1988,,
moon,rashi,Pisces,1988-06-21T06:16:52.500000+00:00,1988,,
moon,rashi,Aries,1988-07-04T11:20:37.500000+00:00,1988,,
moon,rashi,Pisces,1988-07-18T08:54:22.500000+00:00,1988,,
moon,rashi,Aries,1988-07-31T16:41:15+00:00,1988,,
moon,rashi,Pisces,1988-08-14T13:30:00+00:00,1988,,
moon,rashi,Aries,1988-08-28T02:15:00+00:00,1988,,
moon,rashi,Pisces,1988-09-10T19:35:37.500000+00:00,1988,,
moon,rashi,Aries,1988-09-24T13:18:45+00:00,1988,,
moon,rashi,Pisces,1988-10-08T01:30:00+00:00,1988,,
moon,rashi,Aries,1988-10-21T21:50:37.500000+00:00,1988,,
moon,rashi,Pisces,1988-11-04T05:26:15+00:00,1988,,
moon,rashi,Aries,1988-11-18T01:18:45+00:00,1988,,
moon,rashi,Pisces,1988-12-01T07:18:45+00:00,1988,,
moon,rashi,Aries,1988-12-15T01:30:00+00:00,1988,,
moon,rashi,Pisces,1988-12-28T09:45:00+00:00,1988,,
moon,rashi,Aries,1989-01-11T03:56:15+00:00,1989,,
moon,rashi,Pisces,1989-01-24T14:37:30+00:00,1989,,
moon,rashi,Aries,1989-02-07T11:48:45+00:00,1989,,
moon,rashi,Pisces,1989-02-20T21:22:30+00:00,1989,,
moon,rashi,Aries,1989-03-06T22:52:30+00:00,1989,,
moon,rashi,Pisces,1989-03-20T03:28:07.500000+00:00,1989,,
moon,rashi,Aries,1989-04-03T08:48:45+00:00,1989,,
moon,rashi,Pisces,1989-04-16T07:13:07.500000+00:00,1989,,
moon,rashi,Aries,1989-04-30T14:15:00+00:00,1989,,
moon,rashi,Pisces,1989-05-13T09:05:37.500000+00:00,1989,,
moon,rashi,Aries,1989-05-27T15:33:45+00:00,1989,,
moon,rashi,Pisces,1989-06-09T11:20:37.500000+00:00,1989,,
moon,rashi,Aries,1989-06-23T16:41:15+00:00,1989,,
moon,rashi,Pisces,1989-07-06T16:07:30+00:00,1989,,
moon,rashi,Aries,1989-07-20T21:16:52.500000+00:00,1989,,
moon,rashi,Pisces,1989-08-02T23:15:00+00:00,1989,,
moon,rashi,Aries,1989-08-17T05:48:45+00:00,1989,,
moon,rashi,Pisces,1989-08-30T06:28:07.500000+00:00,1989,,
moon,rashi,Aries,1989-09-13T16:01:52.500000+00:00,1989,,
moon,rashi,Pisces,1989-09-26T11:37:30+00:00,1989,,
moon,rashi,Aries,1989-10-11T00:16:52.500000+00:00,1989,,
moon,rashi,Pisces,1989-10-23T13:46:52.500000+00:00,1989,,
moon,rashi,Aries,1989-11-07T04:01:52.500000+00:00,1989,,
moon,rashi,Pisces,1989-11-19T14:48:45+00:00,1989,,
moon,rashi,Aries,1989-12-04T04:30:00+00:00,1989,,
moon,rashi,Pisces,1989-12-16T18:39:22.500000+00:00,1989,,
moon,rashi,Aries,1989-12-31T06:33:45+00:00,1989,,
moon,rashi,Pisces,1990-01-13T02:26:15+00:00,1990,,
moon,rashi,Aries,1990-01-27T13:01:52.500000+00:00,1990,,
moon,rashi,Pisces,1990-02-09T11:31:52.500000+00:00,1990,,
moon,rashi,Aries,1990-02-23T22:24:22.500000+00:00,1990,,
moon,rashi,Pisces,1990-03-08T18:16:52.500000+00:00,1990,,
moon,rashi,Aries,1990-03-23T06:56:15+00:00,1990,,
moon,rashi,Pisces,1990-04-04T21:05:37.500000+00:00,1990,,
moon,rashi,Aries,1990-04-19T11:43:07.500000+00:00,1990,,
moon,rashi,Pisces,1990-05-01T21:56:15+00:00,1990,,
moon,rashi,Aries,1990-05-16T13:13:07.500000+00:00,1990,,
moon,rashi,Pisces,1990-05-29T00:39:22.500000+00:00,1990,,
moon,rashi,Aries,1990-06-12T14:43:07.500000+00:00,1990,,
moon,rashi,Pisces,1990-06-25T07:24:22.500000+00:00,1990,,
moon,rashi,Aries,1990-07-09T19:01:52.500000+00:00,1990,,
moon,rashi,Pisces,1990-07-22T16:52:30+00:00,1990,,
moon,rashi,Aries,1990-08-06T02:09:22.500000+00:00,1990,,
moon,rashi,Pisces,1990-08-19T01:46:52.500000+00:00,1990,,
moon,rashi,Aries,1990-09-02T10:13:07.500000+00:00,1990,,
moon,rashi,Pisces,1990-09-15T07:24:22.500000+00:00,1990,,
moon,rashi,Aries,1990-09-29T16:24:22.500000+00:00,1990,,
moon,rashi,Pisces,1990-10-12T09:05:37.500000+00:00,1990,,
moon,rashi,Aries,1990-10-26T19:18:45+00:00,1990,,
moon,rashi,Pisces,1990-11-08T09:45:00+00:00,1990,,
moon,rashi,Aries,1990-11-22T20:31:52.500000+00:00,1990,,
moon,rashi,Pisces,1990-12-05T14:15:00+00:00,1990,,
moon,rashi,Aries,1990-12-19T23:26:15+00:00,1990,,
moon,rashi,Pisces,1991-01-01T23:48:45+00:00,1991,,
moon,rashi,Aries,1991-01-16T05:15:00+00:00,1991,,
moon,rashi,Pisces,1991-01-29T10:58:07.500000+00:00,1991,,
moon,rashi,Aries,1991-02-12T12:22:30+00:00,1991,,
moon,rashi,Pisces,1991-02-25T19:13:07.500000+00:00,1991,,
moon,rashi,Aries,1991-03-11T18:11:15+00:00,1991,,
moon,rashi,Pisces,1991-03-24T22:18:45+00:00,1991,,
moon,rashi,Aries,1991-04-07T21:16:52.500000+00:00,1991,,
moon,rashi,Pisces,1991-04-20T22:41:15+00:00,1991,,
moon,rashi,Aries,1991-05-04T23:09:22.500000+00:00,1991,,
moon,rashi,Pisces,1991-05-18T01:18:45+00:00,1991,,
moon,rashi,Aries,1991-06-01T02:09:22.500000+00:00,1991,,
moon,rashi,Pisces,1991-06-14T08:37:30+00:00,1991,,
moon,rashi,Aries,1991-06-28T07:18:45+00:00,1991,,
moon,rashi,Pisces,1991-07-11T19:07:30+00:00,1991,,
moon,rashi,Aries,1991-07-25T13:35:37.500000+00:00,1991,,
moon,rashi,Pisces,1991-08-08T05:15:00+00:00,1991,,
moon,rashi,Aries,1991-08-21T19:13:07.500000+00:00,1991,,
moon,rashi,Pisces,1991-09-04T11:54:22.500000+00:00,1991,,
moon,rashi,Aries,1991-09-17T22:52:30+00:00,1991,,
moon,rashi,Pisces,1991-10-01T13:52:30+00:00,1991,,
moon,rashi,Aries,1991-10-15T00:50:37.500000+00:00,1991,,
moon,rashi,Pisces,1991-10-28T14:20:37.500000+00:00,1991,,
moon,rashi,Aries,1991-11-11T03:33:45+00:00,1991,,
moon,rashi,Pisces,1991-11-24T18:16:52.500000+00:00,1991,,
moon,rashi,Aries,1991-12-08T08:37:30+00:00,1991,,
moon,rashi,Pisces,1991-12-22T03:33:45+00:00,1991,,
moon,rashi,Aries,1992-01-04T15:11:15+00:00,1992,,
moon,rashi,Pisces,1992-01-18T15:11:15+00:00,1992,,
moon,rashi,Aries,1992-01-31T20:48:45+00:00,1992,,
moon,rashi,Pisces,1992-02-15T00:16:52.500000+00:00,1992,,
moon,rashi,Aries,1992-02-28T00:00:00+00:00,1992,,
moon,rashi,Pisces,1992-03-13T04:07:30+00:00,1992,,
moon,rashi,Aries,1992-03-26T01:35:37.500000+00:00,1992,,
moon,rashi,Pisces,1992-04-09T04:35:37.500000+00:00,1992,,
moon,rashi,Aries,1992-04-22T04:30:00+00:00,1992,,
moon,rashi,Pisces,1992-05-06T06:39:22.500000+00:00,1992,,
moon,rashi,Aries,1992-05-19T10:01:52.500000+00:00,1992,,
moon,rashi,Pisces,1992-06-02T13:07:30+00:00,1992,,
moon,rashi,Aries,1992-06-15T17:09:22.500000+00:00,1992,,
moon,rashi,Pisces,1992-06-29T22:58:07.500000+00:00,1992,,
moon,rashi,Aries,1992-07-12T23:43:07.500000+00:00,1992,,
moon,rashi,Pisces,1992-07-27T08:48:45+00:00,1992,,
moon,rashi,Aries,1992-08-09T03:50:37.500000+00:00,1992,,
moon,rashi,Pisces,1992-08-23T15:28:07.500000+00:00,1992,,
moon,rashi,Aries,1992-09-05T05:37:30+00:00,1992,,
moon,rashi,Pisces,1992-09-19T17:48:45+00:00,1992,,
moon,rashi,Aries,1992-10-02T07:18:45+00:00,1992,,
moon,rashi,Pisces,1992-10-16T18:22:30+00:00,1992,,
moon,rashi,Aries,1992-10-29T12:00:00+00:00,1992,,
moon,rashi,Pisces,1992-11-12T21:45:00+00:00,1992,,
moon,rashi,Aries,1992-11-25T19:52:30+00:00,1992,,
moon,rashi,Pisces,1992-12-10T05:31:52.500000+00:00,1992,,
moon,rashi,Aries,1992-12-23T04:18:45+00:00,1992,,
moon,rashi,Pisces,1993-01-06T15:33:45+00:00,1993,,
moon,rashi,Aries,1993-01-19T09:56:15+00:00,1993,,
moon,rashi,Pisces,1993-02-02T23:43:07.500000+00:00,1993,,
moon,rashi,Aries,1993-02-15T11:43:07.500000+00:00,1993,,
moon,rashi,Pisces,1993-03-02T03:22:30+00:00,1993,,
moon,rashi,Aries,1993-03-14T12:33:45+00:00,1993,,
moon,rashi,Pisces,1993-03-29T04:13:07.500000+00:00,1993,,
moon,rashi,Aries,1993-04-10T16:35:37.500000+00:00,1993,,
moon,rashi,Pisces,1993-04-25T06:22:30+00:00,1993,,
moon,rashi,Aries,1993-05-08T00:39:22.500000+00:00,1993,,
moon,rashi,Pisces,1993-05-22T11:54:22.500000+00:00,1993,,
moon,rashi,Aries,1993-06-04T10:07:30+00:00,1993,,
moon,rashi,Pisces,1993-06-18T19:58:07.500000+00:00,1993,,
moon,rashi,Aries,1993-07-01T17:48:45+00:00,1993,,
moon,rashi,Pisces,1993-07-16T03:50:37.500000+00:00,1993,,
moon,rashi,Aries,1993-07-28T21:45:00+00:00,1993,,
moon,rashi,Pisces,1993-08-12T09:05:37.500000+00:00,1993,,
moon,rashi,Aries,1993-08-24T22:41:15+00:00,1993,,
moon,rashi,Pisces,1993-09-08T11:15:00+00:00,1993,,
moon,rashi,Aries,1993-09-21T00:22:30+00:00,1993,,
moon,rashi,Pisces,1993-10-05T12:39:22.500000+00:00,1993,,
moon,rashi,Aries,1993-10-18T06:22:30+00:00,1993,,
moon,rashi,Pisces,1993-11-01T16:18:45+00:00,1993,,
moon,rashi,Aries,1993-11-14T16:18:45+00:00,1993,,
moon,rashi,Pisces,1993-11-28T22:46:52.500000+00:00,1993,,
moon,rashi,Aries,1993-12-12T02:43:07.500000+00:00,1993,,
moon,rashi,Pisces,1993-12-26T06:22:30+00:00,1993,,
moon,rashi,Aries,1994-01-08T09:28:07.500000+00:00,1994,,
moon,rashi,Pisces,1994-01-22T12:00:00+00:00,1994,,
moon,rashi,Aries,1994-02-04T11:15:00+00:00,1994,,
moon,rashi,Pisces,1994-02-18T14:31:52.500000+00:00,1994,,
moon,rashi,Aries,1994-03-03T11:37:30+00:00,1994,,
moon,rashi,Pisces,1994-03-17T16:07:30+00:00,1994,,
moon,rashi,Aries,1994-03-30T15:50:37.500000+00:00,1994,,
moon,rashi,Pisces,1994-04-13T19:35:37.500000+00:00,1994,,
moon,rashi,Aries,1994-04-27T00:56:15+00:00,1994,,
moon,rashi,Pisces,1994-05-11T01:13:07.500000+00:00,1994,,
moon,rashi,Aries,1994-05-24T11:54:22.500000+00:00,1994,,
moon,rashi,Pisces,1994-06-07T07:35:37.500000+00:00,1994,,
moon,rashi,Aries,1994-06-20T20:54:22.500000+00:00,1994,,
moon,rashi,Pisces,1994-07-04T12:50:37.500000+00:00,1994,,
moon,rashi,Aries,1994-07-18T01:30:00+00:00,1994,,
moon,rashi,Pisces,1994-07-31T16:01:52.500000+00:00,1994,,
moon,rashi,Aries,1994-08-14T02:26:15+00:00,1994,,
moon,rashi,Pisces,1994-08-27T18:05:37.500000+00:00,1994,,
moon,rashi,Aries,1994-09-10T03:50:37.500000+00:00,1994,,
moon,rashi,Pisces,1994-09-23T21:11:15+00:00,1994,,
moon,rashi,Aries,1994-10-07T09:33:45+00:00,1994,,
moon,rashi,Pisces,1994-10-21T02:31:52.500000+00:00,1994,,
moon,rashi,Aries,1994-11-03T19:46:52.500000+00:00,1994,,
moon,rashi,Pisces,1994-11-17T08:54:22.500000+00:00,1994,,
moon,rashi,Aries,1994-12-01T07:01:52.500000+00:00,1994,,
moon,rashi,Pisces,1994-12-14T14:20:37.500000+00:00,1994,,
moon,rashi,Aries,1994-12-28T14:48:45+00:00,1994,,
moon,rashi,Pisces,1995-01-10T17:15:00+00:00,1995,,
moon,rashi,Aries,1995-01-24T17:09:22.500000+00:00,1995,,
moon,rashi,Pisces,1995-02-06T18:56:15+00:00,1995,,
moon,rashi,Aries,1995-02-20T17:26:15+00:00,1995,,
moon,rashi,Pisces,1995-03-05T22:07:30+00:00,1995,,
moon,rashi,Aries,1995-03-19T20:54:22.500000+00:00,1995,,
moon,rashi,Pisces,1995-04-02T04:07:30+00:00,1995,,
moon,rashi,Aries,1995-04-16T05:20:37.500000+00:00,1995,,
moon,rashi,Pisces,1995-04-29T11:03:45+00:00,1995,,
moon,rashi,Aries,1995-05-13T16:01:52.500000+00:00,1995,,
moon,rashi,Pisces,1995-05-26T16:46:52.500000+00:00,1995,,
moon,rashi,Aries,1995-06-10T01:07:30+00:00,1995,,
moon,rashi,Pisces,1995-06-22T19:58:07.500000+00:00,1995,,
moon,rashi,Aries,1995-07-07T06:05:37.500000+00:00,1995,,
moon,rashi,Pisces,1995-07-19T21:33:45+00:00,1995,,
moon,rashi,Aries,1995-08-03T07:18:45+00:00,1995,,
moon,rashi,Pisces,1995-08-16T00:05:37.500000+00:00,1995,,
moon,rashi,Aries,1995-08-30T08:37:30+00:00,1995,,
moon,rashi,Pisces,1995-09-12T05:37:30+00:00,1995,,
moon,rashi,Aries,1995-09-26T13:24:22.500000+00:00,1995,,
moon,rashi,Pisces,1995-10-09T13:30:00+00:00,1995,,
moon,rashi,Aries,1995-10-23T22:18:45+00:00,1995,,
moon,rashi,Pisces,1995-11-05T21:00:00+00:00,1995,,
moon,rashi,Aries,1995-11-20T08:26:15+00:00,1995,,
moon,rashi,Pisces,1995-12-03T01:41:15+00:00,1995,,
moon,rashi,Aries,1995-12-17T15:45:00+00:00,1995,,
moon,rashi,Pisces,1995-12-30T02:54:22.500000+00:00,1995,,
moon,rashi,Aries,1996-01-13T18:16:52.500000+00:00,1996,,
moon,rashi,Pisces,1996-01-26T04:13:07.500000+00:00,1996,,
moon,rashi,Aries,1996-02-09T18:50:37.500000+00:00,1996,,
moon,rashi,Pisces,1996-02-22T09:22:30+00:00,1996,,
moon,rashi,Aries,1996-03-07T21:50:37.500000+00:00,1996,,
moon,rashi,Pisces,1996-03-20T18:00:00+00:00,1996,,
moon,rashi,Aries,1996-04-04T04:58:07.500000+00:00,1996,,
moon,rashi,Pisces,1996-04-17T03:05:37.500000+00:00,1996,,
moon,rashi,Aries,1996-05-01T13:46:52.500000+00:00,1996,,
moon,rashi,Pisces,1996-05-14T09:16:52.500000+00:00,1996,,
moon,rashi,Aries,1996-05-28T21:16:52.500000+00:00,1996,,
moon,rashi,Pisces,1996-06-10T11:43:07.500000+00:00,1996,,
moon,rashi,Aries,1996-06-25T01:30:00+00:00,1996,,
moon,rashi,Pisces,1996-07-07T12:33:45+00:00,1996,,
moon,rashi,Aries,1996-07-22T03:00:00+00:00,1996,,
moon,rashi,Pisces,1996-08-03T15:39:22.500000+00:00,1996,,
moon,rashi,Aries,1996-08-18T04:52:30+00:00,1996,,
moon,rashi,Pisces,1996-08-30T22:58:07.500000+00:00,1996,,
moon,rashi,Aries,1996-09-14T09:22:30+00:00,1996,,
moon,rashi,Pisces,1996-09-27T09:05:37.500000+00:00,1996,,
moon,rashi,Aries,1996-10-11T16:30:00+00:00,1996,,
moon,rashi,Pisces,1996-10-24T18:22:30+00:00,1996,,
moon,rashi,Aries,1996-11-08T00:05:37.500000+00:00,1996,,
moon,rashi,Pisces,1996-11-20T23:31:52.500000+00:00,1996,,
moon,rashi,Aries,1996-12-05T05:20:37.500000+00:00,1996,,
moon,rashi,Pisces,1996-12-18T00:28:07.500000+00:00,1996,,
moon,rashi,Aries,1997-01-01T07:24:22.500000+00:00,1997,,
moon,rashi,Pisces,1997-01-14T01:24:22.500000+00:00,1997,,
moon,rashi,Aries,1997-01-28T09:00:00+00:00,1997,,
moon,rashi,Pisces,1997-02-10T07:13:07.500000+00:00,1997,,
moon,rashi,Aries,1997-02-24T12:50:37.500000+00:00,1997,,
moon,rashi,Pisces,1997-03-09T17:31:52.500000+00:00,1997,,
moon,rashi,Aries,1997-03-23T19:07:30+00:00,1997,,
moon,rashi,Pisces,1997-04-06T04:18:45+00:00,1997,,
moon,rashi,Aries,1997-04-20T01:46:52.500000+00:00,1997,,
moon,rashi,Pisces,1997-05-03T11:37:30+00:00,1997,,
moon,rashi,Aries,1997-05-17T06:39:22.500000+00:00,1997,,
moon,rashi,Pisces,1997-05-30T14:20:37.500000+00:00,1997,,
moon,rashi,Aries,1997-06-13T09:22:30+00:00,1997,,
moon,rashi,Pisces,1997-06-26T14:54:22.500000+00:00,1997,,
moon,rashi,Aries,1997-07-10T11:26:15+00:00,1997,,
moon,rashi,Pisces,1997-07-23T17:54:22.500000+00:00,1997,,
moon,rashi,Aries,1997-08-06T15:00:00+00:00,1997,,
moon,rashi,Pisces,1997-08-20T01:30:00+00:00,1997,,
moon,rashi,Aries,1997-09-02T20:31:52.500000+00:00,1997,,
moon,rashi,Pisces,1997-09-16T12:16:52.500000+00:00,1997,,
moon,rashi,Aries,1997-09-30T02:48:45+00:00,1997,,
moon,rashi,Pisces,1997-10-13T22:41:15+00:00,1997,,
moon,rashi,Aries,1997-10-27T07:52:30+00:00,1997,,
moon,rashi,Pisces,1997-11-10T04:52:30+00:00,1997,,
moon,rashi,Aries,1997-11-23T10:35:37.500000+00:00,1997,,
moon,rashi,Pisces,1997-12-07T06:05:37.500000+00:00,1997,,
moon,rashi,Aries,1997-12-20T12:22:30+00:00,1997,,
moon,rashi,Pisces,1998-01-03T06:39:22.500000+00:00,1998,,
moon,rashi,Aries,1998-01-16T15:56:15+00:00,1998,,
moon,rashi,Pisces,1998-01-30T11:48:45+00:00,1998,,
moon,rashi,Aries,1998-02-12T22:01:52.500000+00:00,1998,,
moon,rashi,Pisces,1998-02-26T21:39:22.500000+00:00,1998,,
moon,rashi,Aries,1998-03-12T04:46:52.500000+00:00,1998,,
moon,rashi,Pisces,1998-03-26T08:43:07.500000+00:00,1998,,
moon,rashi,Aries,1998-04-08T09:50:37.500000+00:00,1998,,
moon,rashi,Pisces,1998-04-22T16:35:37.500000+00:00,1998,,
moon,rashi,Aries,1998-05-05T12:28:07.500000+00:00,1998,,
moon,rashi,Pisces,1998-05-19T19:46:52.500000+00:00,1998,,
moon,rashi,Aries,1998-06-01T14:09:22.500000+00:00,1998,,
moon,rashi,Pisces,1998-06-15T20:26:15+00:00,1998,,
moon,rashi,Aries,1998-06-28T17:31:52.500000+00:00,1998,,
moon,rashi,Pisces,1998-07-12T22:58:07.500000+00:00,1998,,
moon,rashi,Aries,1998-07-25T23:37:30+00:00,1998,,
moon,rashi,Pisces,1998-08-09T05:31:52.500000+00:00,1998,,
moon,rashi,Aries,1998-08-22T07:13:07.500000+00:00,1998,,
moon,rashi,Pisces,1998-09-05T15:22:30+00:00,1998,,
moon,rashi,Aries,1998-09-18T13:41:15+00:00,1998,,
moon,rashi,Pisces,1998-10-03T01:01:52.500000+00:00,1998,,
moon,rashi,Aries,1998-10-15T17:20:37.500000+00:00,1998,,
moon,rashi,Pisces,1998-10-30T07:13:07.500000+00:00,1998,,
moon,rashi,Aries,1998-11-11T18:28:07.500000+00:00,1998,,
moon,rashi,Pisces,1998-11-26T08:48:45+00:00,1998,,
moon,rashi,Aries,1998-12-08T20:26:15+00:00,1998,,
moon,rashi,Pisces,1998-12-23T09:28:07.500000+00:00,1998,,
moon,rashi,Aries,1999-01-05T02:20:37.500000+00:00,1999,,
moon,rashi,Pisces,1999-01-19T13:41:15+00:00,1999,,
moon,rashi,Aries,1999-02-01T11:20:37.500000+00:00,1999,,
moon,rashi,Pisces,1999-02-15T21:56:15+00:00,1999,,
moon,rashi,Aries,1999-02-28T19:41:15+00:00,1999,,
moon,rashi,Pisces,1999-03-15T07:18:45+00:00,1999,,
moon,rashi,Aries,1999-03-28T00:33:45+00:00,1999,,
moon,rashi,Pisces,1999-04-11T14:09:22.500000+00:00,1999,,
moon,rashi,Aries,1999-04-24T01:58:07.500000+00:00,1999,,
moon,rashi,Pisces,1999-05-08T17:03:45+00:00,1999,,
moon,rashi,Aries,1999-05-21T03:16:52.500000+00:00,1999,,
moon,rashi,Pisces,1999-06-04T18:05:37.500000+00:00,1999,,
moon,rashi,Aries,1999-06-17T07:52:30+00:00,1999,,
moon,rashi,Pisces,1999-07-01T20:48:45+00:00,1999,,
moon,rashi,Aries,1999-07-14T16:18:45+00:00,1999,,
moon,rashi,Pisces,1999-07-29T02:37:30+00:00,1999,,
moon,rashi,Aries,1999-08-11T01:58:07.500000+00:00,1999,,
moon,rashi,Pisces,1999-08-25T10:24:22.500000+00:00,1999,,
moon,rashi,Aries,1999-09-07T09:39:22.500000+00:00,1999,,
moon,rashi,Pisces,1999-09-21T17:54:22.500000+00:00,1999,,
moon,rashi,Aries,1999-10-04T13:13:07.500000+00:00,1999,,
moon,rashi,Pisces,1999-10-18T22:30:00+00:00,1999,,
moon,rashi,Aries,1999-10-31T13:46:52.500000+00:00,1999,,
moon,rashi,Pisces,1999-11-15T00:11:15+00:00,1999,,
moon,rashi,Aries,1999-11-27T15:50:37.500000+00:00,1999,,
moon,rashi,Pisces,1999-12-12T01:52:30+00:00,1999,,
moon,rashi,Aries,1999-12-24T22:58:07.500000+00:00,1999,,
moon,rashi,Pisces,2000-01-08T06:11:15+00:00,2000,,
moon,rashi,Aries,2000-01-21T09:56:15+00:00,2000,,
moon,rashi,Pisces,2000-02-04T13:01:52.500000+00:00,2000,,
moon,rashi,Aries,2000-02-17T20:09:22.500000+00:00,2000,,
moon,rashi,Pisces,2000-03-02T19:41:15+00:00,2000,,
moon,rashi,Aries,2000-03-16T01:58:07.500000+00:00,2000,,
moon,rashi,Pisces,2000-03-30T00:11:15+00:00,2000,,
moon,rashi,Aries,2000-04-12T03:11:15+00:00,2000,,
moon,rashi,Pisces,2000-04-26T02:20:37.500000+00:00,2000,,
moon,rashi,Aries,2000-05-09T04:07:30+00:00,2000,,
moon,rashi,Pisces,2000-05-23T04:30:00+00:00,2000,,
moon,rashi,Aries,2000-06-05T09:00:00+00:00,2000,,
moon,rashi,Pisces,2000-06-19T08:37:30+00:00,2000,,
moon,rashi,Aries,2000-07-02T18:05:37.500000+00:00,2000,,
moon,rashi,Pisces,2000-07-16T14:31:52.500000+00:00,2000,,
moon,rashi,Aries,2000-07-30T04:52:30+00:00,2000,,
moon,rashi,Pisces,2000-08-12T20:43:07.500000+00:00,2000,,
moon,rashi,Aries,2000-08-26T13:46:52.500000+00:00,2000,,
moon,rashi,Pisces,2000-09-09T01:30:00+00:00,2000,,
moon,rashi,Aries,2000-09-22T18:00:00+00:00,2000,,
moon,rashi,Pisces,2000-10-06T04:01:52.500000+00:00,2000,,
moon,rashi,Aries,2000-10-19T18:33:45+00:00,2000,,
moon,rashi,Pisces,2000-11-02T06:05:37.500000+00:00,2000,,
moon,rashi,Aries,2000-11-15T20:15:00+00:00,2000,,
moon,rashi,Pisces,2000-11-29T09:56:15+00:00,2000,,
moon,rashi,Aries,2000-12-13T02:54:22.500000+00:00,2000,,
moon,rashi,Pisces,2000-12-26T16:01:52.500000+00:00,2000,,
moon,rashi,Aries,2001-01-09T13:58:07.500000+00:00,2001,,
moon,rashi,Pisces,2001-01-22T22:24:22.500000+00:00,2001,,
moon,rashi,Aries,2001-02-06T00:50:37.500000+00:00,2001,,
moon,rashi,Pisces,2001-02-19T02:54:22.500000+00:00,2001,,
moon,rashi,Aries,2001-03-05T07:24:22.500000+00:00,2001,,
moon,rashi,Pisces,2001-03-18T05:03:45+00:00,2001,,
moon,rashi,Aries,2001-04-01T09:05:37.500000+00:00,2001,,
moon,rashi,Pisces,2001-04-14T06:56:15+00:00,2001,,
moon,rashi,Aries,2001-04-28T09:45:00+00:00,2001,,
moon,rashi,Pisces,2001-05-11T11:03:45+00:00,2001,,
moon,rashi,Aries,2001-05-25T13:52:30+00:00,2001,,
moon,rashi,Pisces,2001-06-07T17:43:07.500000+00:00,2001,,
moon,rashi,Aries,2001-06-21T22:13:07.500000+00:00,2001,,
moon,rashi,Pisces,2001-07-05T00:50:37.500000+00:00,2001,,
moon,rashi,Aries,2001-07-19T08:26:15+00:00,2001,,
moon,rashi,Pisces,2001-08-01T06:22:30+00:00,2001,,
moon,rashi,Aries,2001-08-15T17:09:22.500000+00:00,2001,,
moon,rashi,Pisces,2001-08-28T09:11:15+00:00,2001,,
moon,rashi,Aries,2001-09-11T21:39:22.500000+00:00,2001,,
moon,rashi,Pisces,2001-09-24T10:30:00+00:00,2001,,
moon,rashi,Aries,2001-10-08T22:35:37.500000+00:00,2001,,
moon,rashi,Pisces,2001-10-21T13:24:22.500000+00:00,2001,,
moon,rashi,Aries,2001-11-05T00:00:00+00:00,2001,,
moon,rashi,Pisces,2001-11-17T19:52:30+00:00,2001,,
moon,rashi,Aries,2001-12-02T05:31:52.500000+00:00,2001,,
moon,rashi,Pisces,2001-12-15T04:35:37.500000+00:00,2001,,
moon,rashi,Aries,2001-12-29T14:54:22.500000+00:00,2001,,
moon,rashi,Pisces,2002-01-11T12:00:00+00:00,2002,,
moon,rashi,Aries,2002-01-26T00:28:07.500000+00:00,2002,,
moon,rashi,Pisces,2002-02-07T15:33:45+00:00,2002,,
moon,rashi,Aries,2002-02-22T06:28:07.500000+00:00,2002,,
moon,rashi,Pisces,2002-03-06T16:24:22.500000+00:00,2002,,
moon,rashi,Aries,2002-03-21T08:15:00+00:00,2002,,
moon,rashi,Pisces,2002-04-02T18:22:30+00:00,2002,,
moon,rashi,Aries,2002-04-17T09:16:52.500000+00:00,2002,,
moon,rashi,Pisces,2002-04-30T00:33:45+00:00,2002,,
moon,rashi,Aries,2002-05-14T13:01:52.500000+00:00,2002,,
moon,rashi,Pisces,2002-05-27T09:39:22.500000+00:00,2002,,
moon,rashi,Aries,2002-06-10T20:03:45+00:00,2002,,
moon,rashi,Pisces,2002-06-23T18:45:00+00:00,2002,,
moon,rashi,Aries,2002-07-08T04:18:45+00:00,2002,,
moon,rashi,Pisces,2002-07-21T00:45:00+00:00,2002,,
moon,rashi,Aries,2002-08-04T11:09:22.500000+00:00,2002,,
moon,rashi,Pisces,2002-08-17T02:54:22.500000+00:00,2002,,
moon,rashi,Aries,2002-08-31T14:48:45+00:00,2002,,
moon,rashi,Pisces,2002-09-13T03:39:22.500000+00:00,2002,,
moon,rashi,Aries,2002-09-27T16:07:30+00:00,2002,,
moon,rashi,Pisces,2002-10-10T07:13:07.500000+00:00,2002,,
moon,rashi,Aries,2002-10-24T18:22:30+00:00,2002,,
moon,rashi,Pisces,2002-11-06T15:22:30+00:00,2002,,
moon,rashi,Aries,2002-11-20T23:31:52.500000+00:00,2002,,
moon,rashi,Pisces,2002-12-04T02:15:00+00:00,2002,,
moon,rashi,Aries,2002-12-18T06:50:37.500000+00:00,2002,,
moon,rashi,Pisces,2002-12-31T11:20:37.500000+00:00,2002,,
moon,rashi,Aries,2003-01-14T13:41:15+00:00,2003,,
moon,rashi,Pisces,2003-01-27T15:28:07.500000+00:00,2003,,
moon,rashi,Aries,2003-02-10T17:43:07.500000+00:00,2003,,
moon,rashi,Pisces,2003-02-23T15:50:37.500000+00:00,2003,,
moon,rashi,Aries,2003-03-09T19:24:22.500000+00:00,2003,,
moon,rashi,Pisces,2003-03-22T17:43:07.500000+00:00,2003,,
moon,rashi,Aries,2003-04-05T21:45:00+00:00,2003,,
moon,rashi,Pisces,2003-04-19T00:28:07.500000+00:00,2003,,
moon,rashi,Aries,2003-05-03T02:20:37.500000+00:00,2003,,
moon,rashi,Pisces,2003-05-16T10:52:30+00:00,2003,,
moon,rashi,Aries,2003-05-30T08:37:30+00:00,2003,,
moon,rashi,Pisces,2003-06-12T21:16:52.500000+00:00,2003,,
moon,rashi,Aries,2003-06-26T14:37:30+00:00,2003,,
moon,rashi,Pisces,2003-07-10T04:18:45+00:00,2003,,
moon,rashi,Aries,2003-07-23T18:50:37.500000+00:00,2003,,
moon,rashi,Pisces,2003-08-06T06:50:37.500000+00:00,2003,,
moon,rashi,Aries,2003-08-19T21:11:15+00:00,2003,,
moon,rashi,Pisces,2003-09-02T07:24:22.500000+00:00,2003,,
moon,rashi,Aries,2003-09-15T23:31:52.500000+00:00,2003,,
moon,rashi,Pisces,2003-09-29T10:35:37.500000+00:00,2003,,
moon,rashi,Aries,2003-10-13T03:45:00+00:00,2003,,
moon,rashi,Pisces,2003-10-26T18:45:00+00:00,2003,,
moon,rashi,Aries,2003-11-09T09:50:37.500000+00:00,2003,,
moon,rashi,Pisces,2003-11-23T06:05:37.500000+00:00,2003,,
moon,rashi,Aries,2003-12-06T16:01:52.500000+00:00,2003,,
moon,rashi,Pisces,2003-12-20T16:07:30+00:00,2003,,
moon,rashi,Aries,2004-01-02T20:15:00+00:00,2004,,
moon,rashi,Pisces,2004-01-16T21:11:15+00:00,2004,,
moon,rashi,Aries,2004-01-29T22:07:30+00:00,2004,,
moon,rashi,Pisces,2004-02-12T21:45:00+00:00,2004,,
moon,rashi,Aries,2004-02-26T00:16:52.500000+00:00,2004,,
moon,rashi,Pisces,2004-03-10T23:09:22.500000+00:00,2004,,
moon,rashi,Aries,2004-03-24T04:58:07.500000+00:00,2004,,
moon,rashi,Pisces,2004-04-07T05:09:22.500000+00:00,2004,,
moon,rashi,Aries,2004-04-20T11:43:07.500000+00:00,2004,,
moon,rashi,Pisces,2004-05-04T15:05:37.500000+00:00,2004,,
moon,rashi,Aries,2004-05-17T18:22:30+00:00,2004,,
moon,rashi,Pisces,2004-06-01T01:24:22.500000+00:00,2004,,
moon,rashi,Aries,2004-06-13T22:52:30+00:00,2004,,
moon,rashi,Pisces,2004-06-28T08:37:30+00:00,2004,,
moon,rashi,Aries,2004-07-11T01:01:52.500000+00:00,2004,,
moon,rashi,Pisces,2004-07-25T11:31:52.500000+00:00,2004,,
moon,rashi,Aries,2004-08-07T02:43:07.500000+00:00,2004,,
moon,rashi,Pisces,2004-08-21T12:16:52.500000+00:00,2004,,
moon,rashi,Aries,2004-09-03T06:39:22.500000+00:00,2004,,
moon,rashi,Pisces,2004-09-17T14:54:22.500000+00:00,2004,,
moon,rashi,Aries,2004-09-30T13:35:37.500000+00:00,2004,,
moon,rashi,Pisces,2004-10-14T21:50:37.500000+00:00,2004,,
moon,rashi,Aries,2004-10-27T21:45:00+00:00,2004,,
moon,rashi,Pisces,2004-11-11T07:46:52.500000+00:00,2004,,
moon,rashi,Aries,2004-11-24T04:07:30+00:00,2004,,
moon,rashi,Pisces,2004-12-08T16:58:07.500000+00:00,2004,,
moon,rashi,Aries,2004-12-21T06:50:37.500000+00:00,2004,,
moon,rashi,Pisces,2005-01-04T21:56:15+00:00,2005,,
moon,rashi,Aries,2005-01-17T07:35:37.500000+00:00,2005,,
moon,rashi,Pisces,2005-01-31T22:52:30+00:00,2005,,
moon,rashi,Aries,2005-02-13T10:30:00+00:00,2005,,
moon,rashi,Pisces,2005-02-28T00:11:15+00:00,2005,,
moon,rashi,Aries,2005-03-12T17:37:30+00:00,2005,,
moon,rashi,Pisces,2005-03-27T05:20:37.500000+00:00,2005,,
moon,rashi,Aries,2005-04-09T03:00:00+00:00,2005,,
moon,rashi,Pisces,2005-04-23T13:35:37.500000+00:00,2005,,
moon,rashi,Aries,2005-05-06T10:58:07.500000+00:00,2005,,
moon,rashi,Pisces,2005-05-20T22:07:30+00:00,2005,,
moon,rashi,Aries,2005-06-02T15:16:52.500000+00:00,2005,,
moon,rashi,Pisces,2005-06-17T04:01:52.500000+00:00,2005,,
moon,rashi,Aries,2005-06-29T16:30:00+00:00,2005,,
moon,rashi,Pisces,2005-07-14T06:39:22.500000+00:00,2005,,
moon,rashi,Aries,2005-07-26T18:00:00+00:00,2005,,
moon,rashi,Pisces,2005-08-10T07:58:07.500000+00:00,2005,,
moon,rashi,Aries,2005-08-22T23:09:22.500000+00:00,2005,,
moon,rashi,Pisces,2005-09-06T10:58:07.500000+00:00,2005,,
moon,rashi,Aries,2005-09-19T08:09:22.500000+00:00,2005,,
moon,rashi,Pisces,2005-10-03T16:52:30+00:00,2005,,
moon,rashi,Aries,2005-10-16T18:28:07.500000+00:00,2005,,
moon,rashi,Pisces,2005-10-31T00:33:45+00:00,2005,,
moon,rashi,Aries,2005-11-13T02:03:45+00:00,2005,,
moon,rashi,Pisces,2005-11-27T07:13:07.500000+00:00,2005,,
moon,rashi,Aries,2005-12-10T04:52:30+00:00,2005,,
moon,rashi,Pisces,2005-12-24T10:46:52.500000+00:00,2005,,
moon,rashi,Aries,2006-01-06T05:03:45+00:00,2006,,
moon,rashi,Pisces,2006-01-20T12:11:15+00:00,2006,,
moon,rashi,Aries,2006-02-02T08:03:45+00:00,2006,,
moon,rashi,Pisces,2006-02-16T14:43:07.500000+00:00,2006,,
moon,rashi,Aries,2006-03-01T16:30:00+00:00,2006,,
moon,rashi,Pisces,2006-03-15T19:58:07.500000+00:00,2006,,
moon,rashi,Aries,2006-03-29T03:33:45+00:00,2006,,
moon,rashi,Pisces,2006-04-12T02:37:30+00:00,2006,,
moon,rashi,Aries,2006-04-25T13:01:52.500000+00:00,2006,,
moon,rashi,Pisces,2006-05-09T08:31:52.500000+00:00,2006,,
moon,rashi,Aries,2006-05-22T18:05:37.500000+00:00,2006,,
moon,rashi,Pisces,2006-06-05T12:16:52.500000+00:00,2006,,
moon,rashi,Aries,2006-06-18T19:13:07.500000+00:00,2006,,
moon,rashi,Pisces,2006-07-02T14:20:37.500000+00:00,2006,,
moon,rashi,Aries,2006-07-15T20:26:15+00:00,2006,,
moon,rashi,Pisces,2006-07-29T17:03:45+00:00,2006,,
moon,rashi,Aries,2006-08-12T01:35:37.500000+00:00,2006,,
moon,rashi,Pisces,2006-08-25T21:39:22.500000+00:00,2006,,
moon,rashi,Aries,2006-09-08T11:03:45+00:00,2006,,
moon,rashi,Pisces,2006-09-22T03:45:00+00:00,2006,,
moon,rashi,Aries,2006-10-05T22:13:07.500000+00:00,2006,,
moon,rashi,Pisces,2006-10-19T09:39:22.500000+00:00,2006,,
moon,rashi,Aries,2006-11-02T06:56:15+00:00,2006,,
moon,rashi,Pisces,2006-11-15T13:30:00+00:00,2006,,
moon,rashi,Aries,2006-11-29T10:30:00+00:00,2006,,
moon,rashi,Pisces,2006-12-12T15:22:30+00:00,2006,,
moon,rashi,Aries,2006-12-26T10:35:37.500000+00:00,2006,,
moon,rashi,Pisces,2007-01-08T17:48:45+00:00,2007,,
moon,rashi,Aries,2007-01-22T13:01:52.500000+00:00,2007,,
moon,rashi,Pisces,2007-02-04T22:46:52.500000+00:00,2007,,
moon,rashi,Aries,2007-02-18T20:43:07.500000+00:00,2007,,
moon,rashi,Pisces,2007-03-04T05:37:30+00:00,2007,,
moon,rashi,Aries,2007-03-18T07:41:15+00:00,2007,,
moon,rashi,Pisces,2007-03-31T11:43:07.500000+00:00,2007,,
moon,rashi,Aries,2007-04-14T17:37:30+00:00,2007,,
moon,rashi,Pisces,2007-04-27T15:28:07.500000+00:00,2007,,
moon,rashi,Aries,2007-05-11T23:09:22.500000+00:00,2007,,
moon,rashi,Pisces,2007-05-24T17:20:37.500000+00:00,2007,,
moon,rashi,Aries,2007-06-08T00:39:22.500000+00:00,2007,,
moon,rashi,Pisces,2007-06-20T19:35:37.500000+00:00,2007,,
moon,rashi,Aries,2007-07-05T01:41:15+00:00,2007,,
moon,rashi,Pisces,2007-07-18T00:22:30+00:00,2007,,
moon,rashi,Aries,2007-08-01T06:05:37.500000+00:00,2007,,
moon,rashi,Pisces,2007-08-14T07:30:00+00:00,2007,,
moon,rashi,Aries,2007-08-28T14:31:52.500000+00:00,2007,,
moon,rashi,Pisces,2007-09-10T14:48:45+00:00,2007,,
moon,rashi,Aries,2007-09-25T00:45:00+00:00,2007,,
moon,rashi,Pisces,2007-10-07T20:03:45+00:00,2007,,
moon,rashi,Aries,2007-10-22T09:00:00+00:00,2007,,
moon,rashi,Pisces,2007-11-03T22:13:07.500000+00:00,2007,,
moon,rashi,Aries,2007-11-18T12:45:00+00:00,2007,,
moon,rashi,Pisces,2007-11-30T23:09:22.500000+00:00,2007,,
moon,rashi,Aries,2007-12-15T13:18:45+00:00,2007,,
moon,rashi,Pisces,2007-12-28T03:00:00+00:00,2007,,
moon,rashi,Aries,2008-01-11T15:16:52.500000+00:00,2008,,
moon,rashi,Pisces,2008-01-24T10:52:30+00:00,2008,,
moon,rashi,Aries,2008-02-07T21:39:22.500000+00:00,2008,,
moon,rashi,Pisces,2008-02-20T20:03:45+00:00,2008,,
moon,rashi,Aries,2008-03-06T06:56:15+00:00,2008,,
moon,rashi,Pisces,2008-03-19T02:54:22.500000+00:00,2008,,
moon,rashi,Aries,2008-04-02T15:22:30+00:00,2008,,
moon,rashi,Pisces,2008-04-15T05:48:45+00:00,2008,,
moon,rashi,Aries,2008-04-29T20:09:22.500000+00:00,2008,,
moon,rashi,Pisces,2008-05-12T06:39:22.500000+00:00,2008,,
moon,rashi,Aries,2008-05-26T21:45:00+00:00,2008,,
moon,rashi,Pisces,2008-06-08T09:16:52.500000+00:00,2008,,
moon,rashi,Aries,2008-06-22T23:20:37.500000+00:00,2008,,
moon,rashi,Pisces,2008-07-05T15:56:15+00:00,2008,,
moon,rashi,Aries,2008-07-20T03:28:07.500000+00:00,2008,,
moon,rashi,Pisces,2008-08-02T01:24:22.500000+00:00,2008,,
moon,rashi,Aries,2008-08-16T10:30:00+00:00,2008,,
moon,rashi,Pisces,2008-08-29T10:30:00+00:00,2008,,
moon,rashi,Aries,2008-09-12T18:28:07.500000+00:00,2008,,
moon,rashi,Pisces,2008-09-25T16:24:22.500000+00:00,2008,,
moon,rashi,Aries,2008-10-10T00:39:22.500000+00:00,2008,,
moon,rashi,Pisces,2008-10-22T18:00:00+00:00,2008,,
moon,rashi,Aries,2008-11-06T03:33:45+00:00,2008,,
moon,rashi,Pisces,2008-11-18T18:39:22.500000+00:00,2008,,
moon,rashi,Aries,2008-12-03T04:46:52.500000+00:00,2008,,
moon,rashi,Pisces,2008-12-15T23:03:45+00:00,2008,,
moon,rashi,Aries,2008-12-30T07:41:15+00:00,2008,,
moon,rashi,Pisces,2009-01-12T08:37:30+00:00,2009,,
moon,rashi,Aries,2009-01-26T13:30:00+00:00,2009,,
moon,rashi,Pisces,2009-02-08T19:46:52.500000+00:00,2009,,
moon,rashi,Aries,2009-02-22T20:31:52.500000+00:00,2009,,
moon,rashi,Pisces,2009-03-08T04:07:30+00:00,2009,,
moon,rashi,Aries,2009-03-22T02:15:00+00:00,2009,,
moon,rashi,Pisces,2009-04-04T07:24:22.500000+00:00,2009,,
moon,rashi,Aries,2009-04-18T05:20:37.500000+00:00,2009,,
moon,rashi,Pisces,2009-05-01T07:52:30+00:00,2009,,
moon,rashi,Aries,2009-05-15T07:13:07.500000+00:00,2009,,
moon,rashi,Pisces,2009-05-28T10:18:45+00:00,2009,,
moon,rashi,Aries,2009-06-11T10:18:45+00:00,2009,,
moon,rashi,Pisces,2009-06-24T17:26:15+00:00,2009,,
moon,rashi,Aries,2009-07-08T15:28:07.500000+00:00,2009,,
moon,rashi,Pisces,2009-07-22T03:50:37.500000+00:00,2009,,
moon,rashi,Aries,2009-08-04T21:39:22.500000+00:00,2009,,
moon,rashi,Pisces,2009-08-18T14:09:22.500000+00:00,2009,,
moon,rashi,Aries,2009-09-01T03:16:52.500000+00:00,2009,,
moon,rashi,Pisces,2009-09-14T21:00:00+00:00,2009,,
moon,rashi,Aries,2009-09-28T06:56:15+00:00,2009,,
moon,rashi,Pisces,2009-10-11T23:03:45+00:00,2009,,
moon,rashi,Aries,2009-10-25T08:54:22.500000+00:00,2009,,
moon,rashi,Pisces,2009-11-07T23:26:15+00:00,2009,,
moon,rashi,Aries,2009-11-21T11:31:52.500000+00:00,2009,,
moon,rashi,Pisces,2009-12-05T03:16:52.500000+00:00,2009,,
moon,rashi,Aries,2009-12-18T16:41:15+00:00,2009,,
moon,rashi,Pisces,2010-01-01T12:28:07.500000+00:00,2010,,
moon,rashi,Aries,2010-01-14T23:20:37.500000+00:00,2010,,
moon,rashi,Pisces,2010-01-29T00:05:37.500000+00:00,2010,,
moon,rashi,Aries,2010-02-11T04:58:07.500000+00:00,2010,,
moon,rashi,Pisces,2010-02-25T09:11:15+00:00,2010,,
moon,rashi,Aries,2010-03-10T08:09:22.500000+00:00,2010,,
moon,rashi,Pisces,2010-03-24T13:07:30+00:00,2010,,
moon,rashi,Aries,2010-04-06T09:45:00+00:00,2010,,
moon,rashi,Pisces,2010-04-20T13:41:15+00:00,2010,,
moon,rashi,Aries,2010-05-03T12:33:45+00:00,2010,,
moon,rashi,Pisces,2010-05-17T15:39:22.500000+00:00,2010,,
moon,rashi,Aries,2010-05-30T18:05:37.500000+00:00,2010,,
moon,rashi,Pisces,2010-06-13T21:56:15+00:00,2010,,
moon,rashi,Aries,2010-06-27T01:18:45+00:00,2010,,
moon,rashi,Pisces,2010-07-11T07:30:00+00:00,2010,,
moon,rashi,Aries,2010-07-24T07:58:07.500000+00:00,2010,,
moon,rashi,Pisces,2010-08-07T17:26:15+00:00,2010,,
moon,rashi,Aries,2010-08-20T12:11:15+00:00,2010,,
moon,rashi,Pisces,2010-09-04T00:16:52.500000+00:00,2010,,
moon,rashi,Aries,2010-09-16T13:58:07.500000+00:00,2010,,
moon,rashi,Pisces,2010-10-01T02:43:07.500000+00:00,2010,,
moon,rashi,Aries,2010-10-13T15:33:45+00:00,2010,,
moon,rashi,Pisces,2010-10-28T03:16:52.500000+00:00,2010,,
moon,rashi,Aries,2010-11-09T20:15:00+00:00,2010,,
moon,rashi,Pisces,2010-11-24T06:28:07.500000+00:00,2010,,
moon,rashi,Aries,2010-12-07T04:13:07.500000+00:00,2010,,
moon,rashi,Pisces,2010-12-21T14:09:22.500000+00:00,2010,,
moon,rashi,Aries,2011-01-03T12:50:37.500000+00:00,2011,,
moon,rashi,Pisces,2011-01-18T00:05:37.500000+00:00,2011,,
moon,rashi,Aries,2011-01-30T18:28:07.500000+00:00,2011,,
moon,rashi,Pisces,2011-02-14T08:15:00+00:00,2011,,
moon,rashi,Aries,2011-02-26T20:20:37.500000+00:00,2011,,
moon,rashi,Pisces,2011-03-13T11:54:22.500000+00:00,2011,,
moon,rashi,Aries,2011-03-25T21:11:15+00:00,2011,,
moon,rashi,Pisces,2011-04-09T12:50:37.500000+00:00,2011,,
moon,rashi,Aries,2011-04-22T01:07:30+00:00,2011,,
moon,rashi,Pisces,2011-05-06T14:54:22.500000+00:00,2011,,
moon,rashi,Aries,2011-05-19T09:05:37.500000+00:00,2011,,
moon,rashi,Pisces,2011-06-02T20:20:37.500000+00:00,2011,,
moon,rashi,Aries,2011-06-15T18:33:45+00:00,2011,,
moon,rashi,Pisces,2011-06-30T04:13:07.500000+00:00,2011,,
moon,rashi,Aries,2011-07-13T02:26:15+00:00,2011,,
moon,rashi,Pisces,2011-07-27T12:05:37.500000+00:00,2011,,
moon,rashi,Aries,2011-08-09T06:33:45+00:00,2011,,
moon,rashi,Pisces,2011-08-23T17:26:15+00:00,2011,,
moon,rashi,Aries,2011-09-05T07:35:37.500000+00:00,2011,,
moon,rashi,Pisces,2011-09-19T19:35:37.500000+00:00,2011,,
moon,rashi,Aries,2011-10-02T09:11:15+00:00,2011,,
moon,rashi,Pisces,2011-10-16T21:00:00+00:00,2011,,
moon,rashi,Aries,2011-10-29T15:00:00+00:00,2011,,
moon,rashi,Pisces,2011-11-13T00:33:45+00:00,2011,,
moon,rashi,Aries,2011-11-26T01:01:52.500000+00:00,2011,,
moon,rashi,Pisces,2011-12-10T07:01:52.500000+00:00,2011,,
moon,rashi,Aries,2011-12-23T11:37:30+00:00,2011,,
moon,rashi,Pisces,2012-01-06T14:31:52.500000+00:00,2012,,
moon,rashi,Aries,2012-01-19T18:28:07.500000+00:00,2012,,
moon,rashi,Pisces,2012-02-02T20:03:45+00:00,2012,,
moon,rashi,Aries,2012-02-15T20:15:00+00:00,2012,,
moon,rashi,Pisces,2012-02-29T22:35:37.500000+00:00,2012,,
moon,rashi,Aries,2012-03-13T20:43:07.500000+00:00,2012,,
moon,rashi,Pisces,2012-03-28T00:16:52.500000+00:00,2012,,
moon,rashi,Aries,2012-04-10T00:50:37.500000+00:00,2012,,
moon,rashi,Pisces,2012-04-24T03:45:00+00:00,2012,,
moon,rashi,Aries,2012-05-07T09:45:00+00:00,2012,,
moon,rashi,Pisces,2012-05-21T09:22:30+00:00,2012,,
moon,rashi,Aries,2012-06-03T20:37:30+00:00,2012,,
moon,rashi,Pisces,2012-06-17T15:39:22.500000+00:00,2012,,
moon,rashi,Aries,2012-07-01T05:48:45+00:00,2012,,
moon,rashi,Pisces,2012-07-14T20:54:22.500000+00:00,2012,,
moon,rashi,Aries,2012-07-28T10:35:37.500000+00:00,2012,,
moon,rashi,Pisces,2012-08-11T00:05:37.500000+00:00,2012,,
moon,rashi,Aries,2012-08-24T11:37:30+00:00,2012,,
moon,rashi,Pisces,2012-09-07T02:09:22.500000+00:00,2012,,
moon,rashi,Aries,2012-09-20T12:56:15+00:00,2012,,
moon,rashi,Pisces,2012-10-04T05:15:00+00:00,2012,,
moon,rashi,Aries,2012-10-17T18:28:07.500000+00:00,2012,,
moon,rashi,Pisces,2012-10-31T10:35:37.500000+00:00,2012,,
moon,rashi,Aries,2012-11-14T04:41:15+00:00,2012,,
moon,rashi,Pisces,2012-11-27T17:03:45+00:00,2012,,
moon,rashi,Aries,2012-12-11T15:56:15+00:00,2012,,
moon,rashi,Pisces,2012-12-24T22:24:22.500000+00:00,2012,,
moon,rashi,Aries,2013-01-07T23:48:45+00:00,2013,,
moon,rashi,Pisces,2013-01-21T01:18:45+00:00,2013,,
moon,rashi,Aries,2013-02-04T02:15:00+00:00,2013,,
moon,rashi,Pisces,2013-02-17T02:54:22.500000+00:00,2013,,
moon,rashi,Aries,2013-03-03T02:31:52.500000+00:00,2013,,
moon,rashi,Pisces,2013-03-16T06:16:52.500000+00:00,2013,,
moon,rashi,Aries,2013-03-30T05:54:22.500000+00:00,2013,,
moon,rashi,Pisces,2013-04-12T12:11:15+00:00,2013,,
moon,rashi,Aries,2013-04-26T14:09:22.500000+00:00,2013,,
moon,rashi,Pisces,2013-05-09T19:13:07.500000+00:00,2013,,
moon,rashi,Aries,2013-05-24T00:39:22.500000+00:00,2013,,
moon,rashi,Pisces,2013-06-06T01:01:52.500000+00:00,2013,,
moon,rashi,Aries,2013-06-20T09:50:37.500000+00:00,2013,,
moon,rashi,Pisces,2013-07-03T04:13:07.500000+00:00,2013,,
moon,rashi,Aries,2013-07-17T15:00:00+00:00,2013,,
moon,rashi,Pisces,2013-07-30T05:48:45+00:00,2013,,
moon,rashi,Aries,2013-08-13T16:18:45+00:00,2013,,
moon,rashi,Pisces,2013-08-26T08:20:37.500000+00:00,2013,,
moon,rashi,Aries,2013-09-09T17:31:52.500000+00:00,2013,,
moon,rashi,Pisces,2013-09-22T13:46:52.500000+00:00,2013,,
moon,rashi,Aries,2013-10-06T22:07:30+00:00,2013,,
moon,rashi,Pisces,2013-10-19T21:45:00+00:00,2013,,
moon,rashi,Aries,2013-11-03T06:56:15+00:00,2013,,
moon,rashi,Pisces,2013-11-16T05:31:52.500000+00:00,2013,,
moon,rashi,Aries,2013-11-30T16:58:07.500000+00:00,2013,,
moon,rashi,Pisces,2013-12-13T10:13:07.500000+00:00,2013,,
moon,rashi,Aries,2013-12-28T00:22:30+00:00,2013,,
moon,rashi,Pisces,2014-01-09T11:26:15+00:00,2014,,
moon,rashi,Aries,2014-01-24T03:00:00+00:00,2014,,
moon,rashi,Pisces,2014-02-05T12:45:00+00:00,2014,,
moon,rashi,Aries,2014-02-20T03:28:07.500000+00:00,2014,,
moon,rashi,Pisces,2014-03-04T17:48:45+00:00,2014,,
moon,rashi,Aries,2014-03-19T06:33:45+00:00,2014,,
moon,rashi,Pisces,2014-04-01T02:31:52.500000+00:00,2014,,
moon,rashi,Aries,2014-04-15T13:24:22.500000+00:00,2014,,
moon,rashi,Pisces,2014-04-28T11:37:30+00:00,2014,,
moon,rashi,Aries,2014-05-12T22:07:30+00:00,2014,,
moon,rashi,Pisces,2014-05-25T18:00:00+00:00,2014,,
moon,rashi,Aries,2014-06-09T05:37:30+00:00,2014,,
moon,rashi,Pisces,2014-06-21T20:31:52.500000+00:00,2014,,
moon,rashi,Aries,2014-07-06T09:50:37.500000+00:00,2014,,
moon,rashi,Pisces,2014-07-18T21:22:30+00:00,2014,,
moon,rashi,Aries,2014-08-02T11:26:15+00:00,2014,,
moon,rashi,Pisces,2014-08-15T00:16:52.500000+00:00,2014,,
moon,rashi,Aries,2014-08-29T13:18:45+00:00,2014,,
moon,rashi,Pisces,2014-09-11T07:35:37.500000+00:00,2014,,
moon,rashi,Aries,2014-09-25T17:43:07.500000+00:00,2014,,
moon,rashi,Pisces,2014-10-08T17:43:07.500000+00:00,2014,,
moon,rashi,Aries,2014-10-23T00:50:37.500000+00:00,2014,,
moon,rashi,Pisces,2014-11-05T03:16:52.500000+00:00,2014,,
moon,rashi,Aries,2014-11-19T08:20:37.500000+00:00,2014,,
moon,rashi,Pisces,2014-12-02T08:31:52.500000+00:00,2014,,
moon,rashi,Aries,2014-12-16T13:30:00+00:00,2014,,
moon,rashi,Pisces,2014-12-29T09:28:07.500000+00:00,2014,,
moon,rashi,Aries,2015-01-12T15:33:45+00:00,2015,,
moon,rashi,Pisces,2015-01-25T10:24:22.500000+00:00,2015,,
moon,rashi,Aries,2015-02-08T17:09:22.500000+00:00,2015,,
moon,rashi,Pisces,2015-02-21T16:07:30+00:00,2015,,
moon,rashi,Aries,2015-03-07T21:05:37.500000+00:00,2015,,
moon,rashi,Pisces,2015-03-21T02:20:37.500000+00:00,2015,,
moon,rashi,Aries,2015-04-04T03:22:30+00:00,2015,,
moon,rashi,Pisces,2015-04-17T13:07:30+00:00,2015,,
moon,rashi,Aries,2015-05-01T09:50:37.500000+00:00,2015,,
moon,rashi,Pisces,2015-05-14T20:37:30+00:00,2015,,
moon,rashi,Aries,2015-05-28T14:43:07.500000+00:00,2015,,
moon,rashi,Pisces,2015-06-10T23:31:52.500000+00:00,2015,,
moon,rashi,Aries,2015-06-24T17:26:15+00:00,2015,,
moon,rashi,Pisces,2015-07-08T00:11:15+00:00,2015,,
moon,rashi,Aries,2015-07-21T19:35:37.500000+00:00,2015,,
moon,rashi,Pisces,2015-08-04T02:54:22.500000+00:00,2015,,
moon,rashi,Aries,2015-08-17T23:09:22.500000+00:00,2015,,
moon,rashi,Pisces,2015-08-31T10:18:45+00:00,2015,,
moon,rashi,Aries,2015-09-14T04:41:15+00:00,2015,,
moon,rashi,Pisces,2015-09-27T21:05:37.500000+00:00,2015,,
moon,rashi,Aries,2015-10-11T10:58:07.500000+00:00,2015,,
moon,rashi,Pisces,2015-10-25T07:41:15+00:00,2015,,
moon,rashi,Aries,2015-11-07T15:56:15+00:00,2015,,
moon,rashi,Pisces,2015-11-21T13:58:07.500000+00:00,2015,,
moon,rashi,Aries,2015-12-04T18:39:22.500000+00:00,2015,,
moon,rashi,Pisces,2015-12-18T15:16:52.500000+00:00,2015,,
moon,rashi,Aries,2015-12-31T20:20:37.500000+00:00,2015,,
moon,rashi,Pisces,2016-01-14T15:50:37.500000+00:00,2016,,
moon,rashi,Aries,2016-01-28T00:00:00+00:00,2016,,
moon,rashi,Pisces,2016-02-10T20:48:45+00:00,2016,,
moon,rashi,Aries,2016-02-24T06:16:52.500000+00:00,2016,,
moon,rashi,Pisces,2016-03-09T06:33:45+00:00,2016,,
moon,rashi,Aries,2016-03-22T13:01:52.500000+00:00,2016,,
moon,rashi,Pisces,2016-04-05T17:26:15+00:00,2016,,
moon,rashi,Aries,2016-04-18T18:05:37.500000+00:00,2016,,
moon,rashi,Pisces,2016-05-03T01:30:00+00:00,2016,,
moon,rashi,Aries,2016-05-15T20:43:07.500000+00:00,2016,,
moon,rashi,Pisces,2016-05-30T04:46:52.500000+00:00,2016,,
moon,rashi,Aries,2016-06-11T22:24:22.500000+00:00,2016,,
moon,rashi,Pisces,2016-06-26T05:31:52.500000+00:00,2016,,
moon,rashi,Aries,2016-07-09T01:46:52.500000+00:00,2016,,
moon,rashi,Pisces,2016-07-23T07:52:30+00:00,2016,,
moon,rashi,Aries,2016-08-05T07:52:30+00:00,2016,,
moon,rashi,Pisces,2016-08-19T14:15:00+00:00,2016,,
moon,rashi,Aries,2016-09-01T15:28:07.500000+00:00,2016,,
moon,rashi,Pisces,2016-09-16T00:00:00+00:00,2016,,
moon,rashi,Aries,2016-09-28T22:07:30+00:00,2016,,
moon,rashi,Pisces,2016-10-13T09:45:00+00:00,2016,,
moon,rashi,Aries,2016-10-26T01:46:52.500000+00:00,2016,,
moon,rashi,Pisces,2016-11-09T15:56:15+00:00,2016,,
moon,rashi,Aries,2016-11-22T02:54:22.500000+00:00,2016,,
moon,rashi,Pisces,2016-12-06T17:37:30+00:00,2016,,
moon,rashi,Aries,2016-12-19T04:52:30+00:00,2016,,
moon,rashi,Pisces,2017-01-02T18:16:52.500000+00:00,2017,,
moon,rashi,Aries,2017-01-15T10:46:52.500000+00:00,2017,,
moon,rashi,Pisces,2017-01-29T22:24:22.500000+00:00,2017,,
moon,rashi,Aries,2017-02-11T19:52:30+00:00,2017,,
moon,rashi,Pisces,2017-02-26T06:33:45+00:00,2017,,
moon,rashi,Aries,2017-03-11T04:18:45+00:00,2017,,
moon,rashi,Pisces,2017-03-25T15:45:00+00:00,2017,,
moon,rashi,Aries,2017-04-07T09:16:52.500000+00:00,2017,,
moon,rashi,Pisces,2017-04-21T22:35:37.500000+00:00,2017,,
moon,rashi,Aries,2017-05-04T10:46:52.500000+00:00,2017,,
moon,rashi,Pisces,2017-05-19T01:35:37.500000+00:00,2017,,
moon,rashi,Aries,2017-05-31T12:00:00+00:00,2017,,
moon,rashi,Pisces,2017-06-15T02:43:07.500000+00:00,2017,,
moon,rashi,Aries,2017-06-27T16:30:00+00:00,2017,,
moon,rashi,Pisces,2017-07-12T05:20:37.500000+00:00,2017,,
moon,rashi,Aries,2017-07-25T00:50:37.500000+00:00,2017,,
moon,rashi,Pisces,2017-08-08T10:58:07.500000+00:00,2017,,
moon,rashi,Aries,2017-08-21T10:35:37.500000+00:00,2017,,
moon,rashi,Pisces,2017-09-04T18:45:00+00:00,2017,,
moon,rashi,Aries,2017-09-17T18:33:45+00:00,2017,,
moon,rashi,Pisces,2017-10-02T02:09:22.500000+00:00,2017,,
moon,rashi,Aries,2017-10-14T22:13:07.500000+00:00,2017,,
moon,rashi,Pisces,2017-10-29T06:45:00+00:00,2017,,
moon,rashi,Aries,2017-11-10T22:46:52.500000+00:00,2017,,
moon,rashi,Pisces,2017-11-25T08:26:15+00:00,2017,,
moon,rashi,Aries,2017-12-08T00:45:00+00:00,2017,,
moon,rashi,Pisces,2017-12-22T10:07:30+00:00,2017,,
moon,rashi,Aries,2018-01-04T07:52:30+00:00,2018,,
moon,rashi,Pisces,2018-01-18T14:31:52.500000+00:00,2018,,
moon,rashi,Aries,2018-01-31T18:50:37.500000+00:00,2018,,
moon,rashi,Pisces,2018-02-14T21:16:52.500000+00:00,2018,,
moon,rashi,Aries,2018-02-28T05:09:22.500000+00:00,2018,,
moon,rashi,Pisces,2018-03-14T03:50:37.500000+00:00,2018,,
moon,rashi,Aries,2018-03-27T11:03:45+00:00,2018,,
moon,rashi,Pisces,2018-04-10T08:15:00+00:00,2018,,
moon,rashi,Aries,2018-04-23T12:22:30+00:00,2018,,
moon,rashi,Pisces,2018-05-07T10:30:00+00:00,2018,,
moon,rashi,Aries,2018-05-20T13:18:45+00:00,2018,,
moon,rashi,Pisces,2018-06-03T12:45:00+00:00,2018,,
moon,rashi,Aries,2018-06-16T17:54:22.500000+00:00,2018,,
moon,rashi,Pisces,2018-06-30T16:52:30+00:00,2018,,
moon,rashi,Aries,2018-07-14T02:54:22.500000+00:00,2018,,
moon,rashi,Pisces,2018-07-27T22:46:52.500000+00:00,2018,,
moon,rashi,Aries,2018-08-10T13:46:52.500000+00:00,2018,,
moon,rashi,Pisces,2018-08-24T04:52:30+00:00,2018,,
moon,rashi,Aries,2018-09-06T22:46:52.500000+00:00,2018,,
moon,rashi,Pisces,2018-09-20T09:33:45+00:00,2018,,
moon,rashi,Aries,2018-10-04T03:16:52.500000+00:00,2018,,
moon,rashi,Pisces,2018-10-17T12:11:15+00:00,2018,,
moon,rashi,Aries,2018-10-31T03:50:37.500000+00:00,2018,,
moon,rashi,Pisces,2018-11-13T14:09:22.500000+00:00,2018,,
moon,rashi,Aries,2018-11-27T05:20:37.500000+00:00,2018,,
moon,rashi,Pisces,2018-12-10T18:05:37.500000+00:00,2018,,
moon,rashi,Aries,2018-12-24T12:00:00+00:00,2018,,
moon,rashi,Pisces,2019-01-07T00:11:15+00:00,2019,,
moon,rashi,Aries,2019-01-20T22:52:30+00:00,2019,,
moon,rashi,Pisces,2019-02-03T06:39:22.500000+00:00,2019,,
moon,rashi,Aries,2019-02-17T09:50:37.500000+00:00,2019,,
moon,rashi,Pisces,2019-03-02T11:09:22.500000+00:00,2019,,
moon,rashi,Aries,2019-03-16T16:30:00+00:00,2019,,
moon,rashi,Pisces,2019-03-29T13:13:07.500000+00:00,2019,,
moon,rashi,Aries,2019-04-12T18:11:15+00:00,2019,,
moon,rashi,Pisces,2019-04-25T15:05:37.500000+00:00,2019,,
moon,rashi,Aries,2019-05-09T18:56:15+00:00,2019,,
moon,rashi,Pisces,2019-05-22T19:18:45+00:00,2019,,
moon,rashi,Aries,2019-06-05T22:52:30+00:00,2019,,
moon,rashi,Pisces,2019-06-19T01:58:07.500000+00:00,2019,,
moon,rashi,Aries,2019-07-03T06:56:15+00:00,2019,,
moon,rashi,Pisces,2019-07-16T09:11:15+00:00,2019,,
moon,rashi,Aries,2019-07-30T17:09:22.500000+00:00,2019,,
moon,rashi,Pisces,2019-08-12T14:48:45+00:00,2019,,
moon,rashi,Aries,2019-08-27T01:52:30+00:00,2019,,
moon,rashi,Pisces,2019-09-08T17:43:07.500000+00:00,2019,,
moon,rashi,Aries,2019-09-23T06:33:45+00:00,2019,,
moon,rashi,Pisces,2019-10-05T18:56:15+00:00,2019,,
moon,rashi,Aries,2019-10-20T07:35:37.500000+00:00,2019,,
moon,rashi,Pisces,2019-11-01T21:45:00+00:00,2019,,
moon,rashi,Aries,2019-11-16T08:54:22.500000+00:00,2019,,
moon,rashi,Pisces,2019-11-29T04:18:45+00:00,2019,,
moon,rashi,Aries,2019-12-13T14:20:37.500000+00:00,2019,,
moon,rashi,Pisces,2019-12-26T13:07:30+00:00,2019,,
moon,rashi,Aries,2020-01-09T23:31:52.500000+00:00,2020,,
moon,rashi,Pisces,2020-01-22T20:37:30+00:00,2020,,
moon,rashi,Aries,2020-02-06T09:05:37.500000+00:00,2020,,
moon,rashi,Pisces,2020-02-19T00:16:52.500000+00:00,2020,,
moon,rashi,Aries,2020-03-04T15:05:37.500000+00:00,2020,,
moon,rashi,Pisces,2020-03-17T01:07:30+00:00,2020,,
moon,rashi,Aries,2020-03-31T16:58:07.500000+00:00,2020,,
moon,rashi,Pisces,2020-04-13T03:05:37.500000+00:00,2020,,
moon,rashi,Aries,2020-04-27T18:00:00+00:00,2020,,
moon,rashi,Pisces,2020-05-10T09:05:37.500000+00:00,2020,,
moon,rashi,Aries,2020-05-24T21:39:22.500000+00:00,2020,,
moon,rashi,Pisces,2020-06-06T18:16:52.500000+00:00,2020,,
moon,rashi,Aries,2020-06-21T04:30:00+00:00,2020,,
moon,rashi,Pisces,2020-07-04T03:22:30+00:00,2020,,
moon,rashi,Aries,2020-07-18T12:39:22.500000+00:00,2020,,
moon,rashi,Pisces,2020-07-31T09:39:22.500000+00:00,2020,,
moon,rashi,Aries,2020-08-14T19:30:00+00:00,2020,,
moon,rashi,Pisces,2020-08-27T12:00:00+00:00,2020,,
moon,rashi,Aries,2020-09-10T23:15:00+00:00,2020,,
moon,rashi,Pisces,2020-09-23T12:39:22.500000+00:00,2020,,
moon,rashi,Aries,2020-10-08T00:33:45+00:00,2020,,
moon,rashi,Pisces,2020-10-20T16:01:52.500000+00:00,2020,,
moon,rashi,Aries,2020-11-04T02:48:45+00:00,2020,,
moon,rashi,Pisces,2020-11-17T00:11:15+00:00,2020,,
moon,rashi,Aries,2020-12-01T07:52:30+00:00,2020,,
moon,rashi,Pisces,2020-12-14T11:09:22.500000+00:00,2020,,
moon,rashi,Aries,2020-12-28T15:11:15+00:00,2020,,
moon,rashi,Pisces,2021-01-10T20:20:37.500000+00:00,2021,,
moon,rashi,Aries,2021-01-24T21:56:15+00:00,2021,,
moon,rashi,Pisces,2021-02-07T00:33:45+00:00,2021,,
moon,rashi,Aries,2021-02-21T01:52:30+00:00,2021,,
moon,rashi,Pisces,2021-03-06T01:01:52.500000+00:00,2021,,
moon,rashi,Aries,2021-03-20T03:39:22.500000+00:00,2021,,
moon,rashi,Pisces,2021-04-02T02:48:45+00:00,2021,,
moon,rashi,Aries,2021-04-16T06:00:00+00:00,2021,,
moon,rashi,Pisces,2021-04-29T09:22:30+00:00,2021,,
moon,rashi,Aries,2021-05-13T10:35:37.500000+00:00,2021,,
moon,rashi,Pisces,2021-05-26T19:41:15+00:00,2021,,
moon,rashi,Aries,2021-06-09T16:46:52.500000+00:00,2021,,
moon,rashi,Pisces,2021-06-23T06:11:15+00:00,2021,,
moon,rashi,Aries,2021-07-06T22:46:52.500000+00:00,2021,,
moon,rashi,Pisces,2021-07-20T13:30:00+00:00,2021,,
moon,rashi,Aries,2021-08-03T03:00:00+00:00,2021,,
moon,rashi,Pisces,2021-08-16T16:07:30+00:00,2021,,
moon,rashi,Aries,2021-08-30T05:20:37.500000+00:00,2021,,
moon,rashi,Pisces,2021-09-12T16:41:15+00:00,2021,,
moon,rashi,Aries,2021-09-26T07:41:15+00:00,2021,,
moon,rashi,Pisces,2021-10-09T19:41:15+00:00,2021,,
moon,rashi,Aries,2021-10-23T11:54:22.500000+00:00,2021,,
moon,rashi,Pisces,2021-11-06T03:45:00+00:00,2021,,
moon,rashi,Aries,2021-11-19T18:05:37.500000+00:00,2021,,
moon,rashi,Pisces,2021-12-03T15:05:37.500000+00:00,2021,,
moon,rashi,Aries,2021-12-17T00:16:52.500000+00:00,2021,,
moon,rashi,Pisces,2021-12-31T01:13:07.500000+00:00,2021,,
moon,rashi,Aries,2022-01-13T04:24:22.500000+00:00,2022,,
moon,rashi,Pisces,2022-01-27T06:22:30+00:00,2022,,
moon,rashi,Aries,2022-02-09T06:16:52.500000+00:00,2022,,
moon,rashi,Pisces,2022-02-23T07:01:52.500000+00:00,2022,,
moon,rashi,Aries,2022-03-08T08:26:15+00:00,2022,,
moon,rashi,Pisces,2022-03-22T08:15:00+00:00,2022,,
moon,rashi,Aries,2022-04-04T13:13:07.500000+00:00,2022,,
moon,rashi,Pisces,2022-04-18T14:03:45+00:00,2022,,
moon,rashi,Aries,2022-05-01T19:58:07.500000+00:00,2022,,
moon,rashi,Pisces,2022-05-15T23:48:45+00:00,2022,,
moon,rashi,Aries,2022-05-29T02:37:30+00:00,2022,,
moon,rashi,Pisces,2022-06-12T10:07:30+00:00,2022,,
moon,rashi,Aries,2022-06-25T07:13:07.500000+00:00,2022,,
moon,rashi,Pisces,2022-07-09T17:31:52.500000+00:00,2022,,
moon,rashi,Aries,2022-07-22T09:28:07.500000+00:00,2022,,
moon,rashi,Pisces,2022-08-05T20:37:30+00:00,2022,,
moon,rashi,Aries,2022-08-18T11:03:45+00:00,2022,,
moon,rashi,Pisces,2022-09-01T21:16:52.500000+00:00,2022,,
moon,rashi,Aries,2022-09-14T14:54:22.500000+00:00,2022,,
moon,rashi,Pisces,2022-09-28T23:48:45+00:00,2022,,
moon,rashi,Aries,2022-10-11T21:56:15+00:00,2022,,
moon,rashi,Pisces,2022-10-26T06:33:45+00:00,2022,,
moon,rashi,Aries,2022-11-08T06:11:15+00:00,2022,,
moon,rashi,Pisces,2022-11-22T16:30:00+00:00,2022,,
moon,rashi,Aries,2022-12-05T12:45:00+00:00,2022,,
moon,rashi,Pisces,2022-12-20T01:41:15+00:00,2022,,
moon,rashi,Aries,2023-01-01T15:28:07.500000+00:00,2023,,
moon,rashi,Pisces,2023-01-16T06:39:22.500000+00:00,2023,,
moon,rashi,Aries,2023-01-28T16:07:30+00:00,2023,,
moon,rashi,Pisces,2023-02-12T07:35:37.500000+00:00,2023,,
moon,rashi,Aries,2023-02-24T19:01:52.500000+00:00,2023,,
moon,rashi,Pisces,2023-03-11T09:00:00+00:00,2023,,
moon,rashi,Aries,2023-03-24T02:15:00+00:00,2023,,
moon,rashi,Pisces,2023-04-07T13:58:07.500000+00:00,2023,,
moon,rashi,Aries,2023-04-20T11:37:30+00:00,2023,,
moon,rashi,Pisces,2023-05-04T22:01:52.500000+00:00,2023,,
moon,rashi,Aries,2023-05-17T19:41:15+00:00,2023,,
moon,rashi,Pisces,2023-06-01T06:28:07.500000+00:00,2023,,
moon,rashi,Aries,2023-06-14T00:11:15+00:00,2023,,
moon,rashi,Pisces,2023-06-28T12:28:07.500000+00:00,2023,,
moon,rashi,Aries,2023-07-11T01:30:00+00:00,2023,,
moon,rashi,Pisces,2023-07-25T15:11:15+00:00,2023,,
moon,rashi,Aries,2023-08-07T02:48:45+00:00,2023,,
moon,rashi,Pisces,2023-08-21T16:30:00+00:00,2023,,
moon,rashi,Aries,2023-09-03T07:46:52.500000+00:00,2023,,
moon,rashi,Pisces,2023-09-17T19:24:22.500000+00:00,2023,,
moon,rashi,Aries,2023-09-30T16:52:30+00:00,2023,,
moon,rashi,Pisces,2023-10-15T01:13:07.500000+00:00,2023,,
moon,rashi,Aries,2023-10-28T03:16:52.500000+00:00,2023,,
moon,rashi,Pisces,2023-11-11T08:54:22.500000+00:00,2023,,
moon,rashi,Aries,2023-11-24T11:03:45+00:00,2023,,
moon,rashi,Pisces,2023-12-08T15:28:07.500000+00:00,2023,,
moon,rashi,Aries,2023-12-21T13:58:07.500000+00:00,2023,,
moon,rashi,Pisces,2024-01-04T18:56:15+00:00,2024,,
moon,rashi,Aries,2024-01-17T14:09:22.500000+00:00,2024,,
moon,rashi,Pisces,2024-01-31T20:20:37.500000+00:00,2024,,
moon,rashi,Aries,2024-02-13T17:03:45+00:00,2024,,
moon,rashi,Pisces,2024-02-27T22:58:07.500000+00:00,2024,,
moon,rashi,Aries,2024-03-12T01:18:45+00:00,2024,,
moon,rashi,Pisces,2024-03-26T04:13:07.500000+00:00,2024,,
moon,rashi,Aries,2024-04-08T12:22:30+00:00,2024,,
moon,rashi,Pisces,2024-04-22T10:46:52.500000+00:00,2024,,
moon,rashi,Aries,2024-05-05T21:56:15+00:00,2024,,
moon,rashi,Pisces,2024-05-19T16:41:15+00:00,2024,,
moon,rashi,Aries,2024-06-02T03:11:15+00:00,2024,,
moon,rashi,Pisces,2024-06-15T20:20:37.500000+00:00,2024,,
moon,rashi,Aries,2024-06-29T04:30:00+00:00,2024,,
moon,rashi,Pisces,2024-07-12T22:30:00+00:00,2024,,
moon,rashi,Aries,2024-07-26T05:37:30+00:00,2024,,
moon,rashi,Pisces,2024-08-09T01:07:30+00:00,2024,,
moon,rashi,Aries,2024-08-22T10:30:00+00:00,2024,,
moon,rashi,Pisces,2024-09-05T05:48:45+00:00,2024,,
moon,rashi,Aries,2024-09-18T19:52:30+00:00,2024,,
moon,rashi,Pisces,2024-10-02T11:54:22.500000+00:00,2024,,
moon,rashi,Aries,2024-10-16T07:07:30+00:00,2024,,
moon,rashi,Pisces,2024-10-29T17:48:45+00:00,2024,,
moon,rashi,Aries,2024-11-12T16:01:52.500000+00:00,2024,,
moon,rashi,Pisces,2024-11-25T21:33:45+00:00,2024,,
moon,rashi,Aries,2024-12-09T19:41:15+00:00,2024,,
moon,rashi,Pisces,2024-12-22T23:26:15+00:00,2024,,
moon,rashi,Aries,2025-01-05T19:46:52.500000+00:00,2025,,
moon,rashi,Pisces,2025-01-19T01:52:30+00:00,2025,,
moon,rashi,Aries,2025-02-01T22:07:30+00:00,2025,,
moon,rashi,Pisces,2025-02-15T06:56:15+00:00,2025,,
moon,rashi,Aries,2025-03-01T05:43:07.500000+00:00,2025,,
moon,rashi,Pisces,2025-03-14T13:46:52.500000+00:00,2025,,
moon,rashi,Aries,2025-03-28T16:30:00+00:00,2025,,
moon,rashi,Pisces,2025-04-10T19:58:07.500000+00:00,2025,,
moon,rashi,Aries,2025-04-25T02:26:15+00:00,2025,,
moon,rashi,Pisces,2025-05-07T23:48:45+00:00,2025,,
moon,rashi,Aries,2025-05-22T08:09:22.500000+00:00,2025,,
moon,rashi,Pisces,2025-06-04T01:35:37.500000+00:00,2025,,
moon,rashi,Aries,2025-06-18T09:45:00+00:00,2025,,
moon,rashi,Pisces,2025-07-01T03:45:00+00:00,2025,,
moon,rashi,Aries,2025-07-15T10:41:15+00:00,2025,,
moon,rashi,Pisces,2025-07-28T08:31:52.500000+00:00,2025,,
moon,rashi,Aries,2025-08-11T14:54:22.500000+00:00,2025,,
moon,rashi,Pisces,2025-08-24T15:45:00+00:00,2025,,
moon,rashi,Aries,2025-09-07T23:09:22.500000+00:00,2025,,
moon,rashi,Pisces,2025-09-20T23:15:00+00:00,2025,,
moon,rashi,Aries,2025-10-05T09:22:30+00:00,2025,,
moon,rashi,Pisces,2025-10-18T04:35:37.500000+00:00,2025,,
moon,rashi,Aries,2025-11-01T17:48:45+00:00,2025,,
moon,rashi,Pisces,2025-11-14T06:39:22.500000+00:00,2025,,
moon,rashi,Aries,2025-11-28T21:33:45+00:00,2025,,
moon,rashi,Pisces,2025-12-11T07:35:37.500000+00:00,2025,,
moon,rashi,Aries,2025-12-25T22:01:52.500000+00:00,2025,,
moon,nakshatra,,1900-01-12T23:31:52.500000+00:00,1900,Revati,4.0
moon,nakshatra,,1900-01-27T12:39:22.500000+00:00,1900,Ashwini,1.0
moon,nakshatra,,1900-02-09T01:58:07.500000+00:00,1900,Revati,4.0
moon,nakshatra,,1900-02-23T17:15:00+00:00,1900,Ashwini,1.0
moon,nakshatra,,1900-03-08T02:43:07.500000+00:00,1900,Revati,4.0
moon,nakshatra,,1900-03-22T18:16:52.500000+00:00,1900,Ashwini,1.0
moon,nakshatra,,1900-04-04T05:54:22.500000+00:00,1900,Revati,4.0
moon,nakshatra,,1900-04-18T19:52:30+00:00,1900,Ashwini,1.0
moon,nakshatra,,1900-05-01T13:07:30+00:00,1900,Revati,4.0
moon,nakshatra,,1900-05-16T00:50:37.500000+00:00,1900,Ashwini,1.0
moon,nakshatra,,1900-05-28T22:24:22.500000+00:00,1900,Revati,4.0
moon,nakshatra,,1900-06-12T08:43:07.500000+00:00,1900,Ashwini,1.0
moon,nakshatra,,1900-06-25T06:28:07.500000+00:00,1900,Revati,4.0
moon,nakshatra,,1900-07-09T16:58:07.500000+00:00,1900,Ashwini,1.0
moon,nakshatra,,1900-07-22T11:09:22.500000+00:00,1900,Revati,4.0
moon,nakshatra,,1900-08-05T23:03:45+00:00,1900,Ashwini,1.0
moon,nakshatra,,1900-08-18T12:28:07.500000+00:00,1900,Revati,4.0
moon,nakshatra,,1900-09-02T01:46:52.500000+00:00,1900,Ashwini,1.0
moon,nakshatra,,1900-09-14T13:41:15+00:00,1900,Revati,4.0
moon,nakshatra,,1900-09-29T03:00:00+00:00,1900,Ashwini,1.0
moon,nakshatra,,1900-10-11T18:39:22.500000+00:00,1900,Revati,4.0
moon,nakshatra,,1900-10-26T05:54:22.500000+00:00,1900,Ashwini,1.0
moon,nakshatra,,1900-11-08T04:01:52.500000+00:00,1900,Revati,4.0
moon,nakshatra,,1900-11-22T11:54:22.500000+00:00,1900,Ashwini,1.0
moon,nakshatra,,1900-12-05T14:43:07.500000+00:00,1900,Revati,4.0
moon,nakshatra,,1900-12-19T19:35:37.500000+00:00,1900,Ashwini,1.0
moon,nakshatra,,1901-01-01T22:24:22.500000+00:00,1901,Revati,4.0
moon,nakshatra,,1901-01-16T01:52:30+00:00,1901,Ashwini,1.0
moon,nakshatra,,1901-01-29T00:56:15+00:00,1901,Revati,4.0
moon,nakshatra,,1901-02-12T05:03:45+00:00,1901,Ashwini,1.0
moon,nakshatra,,1901-02-25T01:13:07.500000+00:00,1901,Revati,4.0
moon,nakshatra,,1901-03-11T06:33:45+00:00,1901,Ashwini,1.0
moon,nakshatra,,1901-03-24T04:24:22.500000+00:00,1901,Revati,4.0
moon,nakshatra,,1901-04-07T09:22:30+00:00,1901,Ashwini,1.0
moon,nakshatra,,1901-04-20T12:39:22.500000+00:00,1901,Revati,4.0
moon,nakshatra,,1901-05-04T14:43:07.500000+00:00,1901,Ashwini,1.0
moon,nakshatra,,1901-05-17T23:26:15+00:00,1901,Revati,4.0
moon,nakshatra,,1901-05-31T21:11:15+00:00,1901,Ashwini,1.0
moon,nakshatra,,1901-06-14T09:00:00+00:00,1901,Revati,4.0
moon,nakshatra,,1901-06-28T03:00:00+00:00,1901,Ashwini,1.0
moon,nakshatra,,1901-07-11T14:26:15+00:00,1901,Revati,4.0
moon,nakshatra,,1901-07-25T06:39:22.500000+00:00,1901,Ashwini,1.0
moon,nakshatra,,1901-08-07T15:50:37.500000+00:00,1901,Revati,4.0
moon,nakshatra,,1901-08-21T08:48:45+00:00,1901,Ashwini,1.0
moon,nakshatra,,1901-09-03T16:46:52.500000+00:00,1901,Revati,4.0
moon,nakshatra,,1901-09-17T11:26:15+00:00,1901,Ashwini,1.0
moon,nakshatra,,1901-09-30T21:33:45+00:00,1901,Revati,4.0
moon,nakshatra,,1901-10-14T16:07:30+00:00,1901,Ashwini,1.0
moon,nakshatra,,1901-10-28T07:13:07.500000+00:00,1901,Revati,4.0
moon,nakshatra,,1901-11-10T22:24:22.500000+00:00,1901,Ashwini,1.0
moon,nakshatra,,1901-11-24T18:39:22.500000+00:00,1901,Revati,4.0
moon,nakshatra,,1901-12-08T04:13:07.500000+00:00,1901,Ashwini,1.0
moon,nakshatra,,1901-12-22T03:28:07.500000+00:00,1901,Revati,4.0
moon,nakshatra,,1902-01-04T07:41:15+00:00,1902,Ashwini,1.0
moon,nakshatra,,1902-01-18T06:45:00+00:00,1902,Revati,4.0
moon,nakshatra,,1902-01-31T09:22:30+00:00,1902,Ashwini,1.0
moon,nakshatra,,1902-02-14T06:56:15+00:00,1902,Revati,4.0
moon,nakshatra,,1902-02-27T12:05:37.500000+00:00,1902,Ashwini,1.0
moon,nakshatra,,1902-03-13T09:33:45+00:00,1902,Revati,4.0
moon,nakshatra,,1902-03-26T17:26:15+00:00,1902,Ashwini,1.0
moon,nakshatra,,1902-04-09T17:03:45+00:00,1902,Revati,4.0
moon,nakshatra,,1902-04-23T00:16:52.500000+00:00,1902,Ashwini,1.0
moon,nakshatra,,1902-05-07T03:39:22.500000+00:00,1902,Revati,4.0
moon,nakshatra,,1902-05-20T06:28:07.500000+00:00,1902,Ashwini,1.0
moon,nakshatra,,1902-06-03T13:18:45+00:00,1902,Revati,4.0
moon,nakshatra,,1902-06-16T10:13:07.500000+00:00,1902,Ashwini,1.0
moon,nakshatra,,1902-06-30T19:07:30+00:00,1902,Revati,4.0
moon,nakshatra,,1902-07-13T12:05:37.500000+00:00,1902,Ashwini,1.0
moon,nakshatra,,1902-07-27T20:54:22.500000+00:00,1902,Revati,4.0
moon,nakshatra,,1902-08-09T14:09:22.500000+00:00,1902,Ashwini,1.0
moon,nakshatra,,1902-08-23T21:45:00+00:00,1902,Revati,4.0
moon,nakshatra,,1902-09-05T18:56:15+00:00,1902,Ashwini,1.0
moon,nakshatra,,1902-09-20T01:52:30+00:00,1902,Revati,4.0
moon,nakshatra,,1902-10-03T02:15:00+00:00,1902,Ashwini,1.0
moon,nakshatra,,1902-10-17T10:07:30+00:00,1902,Revati,4.0
moon,nakshatra,,1902-10-30T10:01:52.500000+00:00,1902,Ashwini,1.0
moon,nakshatra,,1902-11-13T20:31:52.500000+00:00,1902,Revati,4.0
moon,nakshatra,,1902-11-26T15:16:52.500000+00:00,1902,Ashwini,1.0
moon,nakshatra,,1902-12-11T04:46:52.500000+00:00,1902,Revati,4.0
moon,nakshatra,,1902-12-23T17:03:45+00:00,1902,Ashwini,1.0
moon,nakshatra,,1903-01-07T08:15:00+00:00,1903,Revati,4.0
moon,nakshatra,,1903-01-19T18:00:00+00:00,1903,Ashwini,1.0
moon,nakshatra,,1903-02-03T08:43:07.500000+00:00,1903,Revati,4.0
moon,nakshatra,,1903-02-15T22:07:30+00:00,1903,Ashwini,1.0
moon,nakshatra,,1903-03-02T10:58:07.500000+00:00,1903,Revati,4.0
moon,nakshatra,,1903-03-15T06:16:52.500000+00:00,1903,Ashwini,1.0
moon,nakshatra,,1903-03-29T17:20:37.500000+00:00,1903,Revati,4.0
moon,nakshatra,,1903-04-11T15:28:07.500000+00:00,1903,Ashwini,1.0
moon,nakshatra,,1903-04-26T02:09:22.500000+00:00,1903,Revati,4.0
moon,nakshatra,,1903-05-08T22:24:22.500000+00:00,1903,Ashwini,1.0
moon,nakshatra,,1903-05-23T10:18:45+00:00,1903,Revati,4.0
moon,nakshatra,,1903-06-05T01:30:00+00:00,1903,Ashwini,1.0
moon,nakshatra,,1903-06-19T15:11:15+00:00,1903,Revati,4.0
moon,nakshatra,,1903-07-02T02:20:37.500000+00:00,1903,Ashwini,1.0
moon,nakshatra,,1903-07-16T16:58:07.500000+00:00,1903,Revati,4.0
moon,nakshatra,,1903-07-29T04:46:52.500000+00:00,1903,Ashwini,1.0
moon,nakshatra,,1903-08-12T18:28:07.500000+00:00,1903,Revati,4.0
moon,nakshatra,,1903-08-25T11:09:22.500000+00:00,1903,Ashwini,1.0
moon,nakshatra,,1903-09-08T22:24:22.500000+00:00,1903,Revati,4.0
moon,nakshatra,,1903-09-21T20:48:45+00:00,1903,Ashwini,1.0
moon,nakshatra,,1903-10-06T05:20:37.500000+00:00,1903,Revati,4.0
moon,nakshatra,,1903-10-19T06:28:07.500000+00:00,1903,Ashwini,1.0
moon,nakshatra,,1903-11-02T13:13:07.500000+00:00,1903,Revati,4.0
moon,nakshatra,,1903-11-15T12:28:07.500000+00:00,1903,Ashwini,1.0
moon,nakshatra,,1903-11-29T19:18:45+00:00,1903,Revati,4.0
moon,nakshatra,,1903-12-12T13:58:07.500000+00:00,1903,Ashwini,1.0
moon,nakshatra,,1903-12-26T21:56:15+00:00,1903,Revati,4.0
moon,nakshatra,,1904-01-08T14:26:15+00:00,1904,Ashwini,1.0
moon,nakshatra,,1904-01-22T23:09:22.500000+00:00,1904,Revati,4.0
moon,nakshatra,,1904-02-04T19:13:07.500000+00:00,1904,Ashwini,1.0
moon,nakshatra,,1904-02-19T02:20:37.500000+00:00,1904,Revati,4.0
moon,nakshatra,,1904-03-03T04:52:30+00:00,1904,Ashwini,1.0
moon,nakshatra,,1904-03-17T08:15:00+00:00,1904,Revati,4.0
moon,nakshatra,,1904-03-30T15:56:15+00:00,1904,Ashwini,1.0
moon,nakshatra,,1904-04-13T15:00:00+00:00,1904,Revati,4.0
moon,nakshatra,,1904-04-27T00:11:15+00:00,1904,Ashwini,1.0
moon,nakshatra,,1904-05-10T20:26:15+00:00,1904,Revati,4.0
moon,nakshatra,,1904-05-24T03:39:22.500000+00:00,1904,Ashwini,1.0
moon,nakshatra,,1904-06-06T23:31:52.500000+00:00,1904,Revati,4.0
moon,nakshatra,,1904-06-20T04:18:45+00:00,1904,Ashwini,1.0
moon,nakshatra,,1904-07-04T01:35:37.500000+00:00,1904,Revati,4.0
moon,nakshatra,,1904-07-17T06:33:45+00:00,1904,Ashwini,1.0
moon,nakshatra,,1904-07-31T04:41:15+00:00,1904,Revati,4.0
moon,nakshatra,,1904-08-13T13:13:07.500000+00:00,1904,Ashwini,1.0
moon,nakshatra,,1904-08-27T09:50:37.500000+00:00,1904,Revati,4.0
moon,nakshatra,,1904-09-09T23:31:52.500000+00:00,1904,Ashwini,1.0
moon,nakshatra,,1904-09-23T16:07:30+00:00,1904,Revati,4.0
moon,nakshatra,,1904-10-07T10:18:45+00:00,1904,Ashwini,1.0
moon,nakshatra,,1904-10-20T21:39:22.500000+00:00,1904,Revati,4.0
moon,nakshatra,,1904-11-03T17:20:37.500000+00:00,1904,Ashwini,1.0
moon,nakshatra,,1904-11-17T01:01:52.500000+00:00,1904,Revati,4.0
moon,nakshatra,,1904-11-30T19:18:45+00:00,1904,Ashwini,1.0
moon,nakshatra,,1904-12-14T02:48:45+00:00,1904,Revati,4.0
moon,nakshatra,,1904-12-27T19:35:37.500000+00:00,1904,Ashwini,1.0
moon,nakshatra,,1905-01-10T05:43:07.500000+00:00,1905,Revati,4.0
moon,nakshatra,,1905-01-23T23:37:30+00:00,1905,Ashwini,1.0
moon,nakshatra,,1905-02-06T11:09:22.500000+00:00,1905,Revati,4.0
moon,nakshatra,,1905-02-20T09:00:00+00:00,1905,Ashwini,1.0
moon,nakshatra,,1905-03-05T17:54:22.500000+00:00,1905,Revati,4.0
moon,nakshatra,,1905-03-19T20:15:00+00:00,1905,Ashwini,1.0
moon,nakshatra,,1905-04-01T23:26:15+00:00,1905,Revati,4.0
moon,nakshatra,,1905-04-16T05:03:45+00:00,1905,Ashwini,1.0
moon,nakshatra,,1905-04-29T02:26:15+00:00,1905,Revati,4.0
moon,nakshatra,,1905-05-13T09:05:37.500000+00:00,1905,Ashwini,1.0
moon,nakshatra,,1905-05-26T04:07:30+00:00,1905,Revati,4.0
moon,nakshatra,,1905-06-09T09:50:37.500000+00:00,1905,Ashwini,1.0
moon,nakshatra,,1905-06-22T07:01:52.500000+00:00,1905,Revati,4.0
moon,nakshatra,,1905-07-06T11:43:07.500000+00:00,1905,Ashwini,1.0
moon,nakshatra,,1905-07-19T12:33:45+00:00,1905,Revati,4.0
moon,nakshatra,,1905-08-02T17:31:52.500000+00:00,1905,Ashwini,1.0
moon,nakshatra,,1905-08-15T19:52:30+00:00,1905,Revati,4.0
moon,nakshatra,,1905-08-30T02:54:22.500000+00:00,1905,Ashwini,1.0
moon,nakshatra,,1905-09-12T02:48:45+00:00,1905,Revati,4.0
moon,nakshatra,,1905-09-26T12:56:15+00:00,1905,Ashwini,1.0
moon,nakshatra,,1905-10-09T07:07:30+00:00,1905,Revati,4.0
moon,nakshatra,,1905-10-23T20:03:45+00:00,1905,Ashwini,1.0
moon,nakshatra,,1905-11-05T08:37:30+00:00,1905,Revati,4.0
moon,nakshatra,,1905-11-19T22:18:45+00:00,1905,Ashwini,1.0
moon,nakshatra,,1905-12-02T10:07:30+00:00,1905,Revati,4.0
moon,nakshatra,,1905-12-16T22:46:52.500000+00:00,1905,Ashwini,1.0
moon,nakshatra,,1905-12-29T15:05:37.500000+00:00,1905,Revati,4.0
moon,nakshatra,,1906-01-13T02:09:22.500000+00:00,1906,Ashwini,1.0
moon,nakshatra,,1906-01-25T23:31:52.500000+00:00,1906,Revati,4.0
moon,nakshatra,,1906-02-09T09:50:37.500000+00:00,1906,Ashwini,1.0
moon,nakshatra,,1906-02-22T08:09:22.500000+00:00,1906,Revati,4.0
moon,nakshatra,,1906-03-08T19:30:00+00:00,1906,Ashwini,1.0
moon,nakshatra,,1906-03-21T13:41:15+00:00,1906,Revati,4.0
moon,nakshatra,,1906-04-05T03:11:15+00:00,1906,Ashwini,1.0
moon,nakshatra,,1906-04-17T15:33:45+00:00,1906,Revati,4.0
moon,nakshatra,,1906-05-02T06:50:37.500000+00:00,1906,Ashwini,1.0
moon,nakshatra,,1906-05-14T16:30:00+00:00,1906,Revati,4.0
moon,nakshatra,,1906-05-29T07:58:07.500000+00:00,1906,Ashwini,1.0
moon,nakshatra,,1906-06-10T20:20:37.500000+00:00,1906,Revati,4.0
moon,nakshatra,,1906-06-25T10:07:30+00:00,1906,Ashwini,1.0
moon,nakshatra,,1906-07-08T04:07:30+00:00,1906,Revati,4.0
moon,nakshatra,,1906-07-22T15:16:52.500000+00:00,1906,Ashwini,1.0
moon,nakshatra,,1906-08-04T13:46:52.500000+00:00,1906,Revati,4.0
moon,nakshatra,,1906-08-18T22:52:30+00:00,1906,Ashwini,1.0
moon,nakshatra,,1906-08-31T22:01:52.500000+00:00,1906,Revati,4.0
moon,nakshatra,,1906-09-15T06:39:22.500000+00:00,1906,Ashwini,1.0
moon,nakshatra,,1906-09-28T02:26:15+00:00,1906,Revati,4.0
moon,nakshatra,,1906-10-12T12:00:00+00:00,1906,Ashwini,1.0
moon,nakshatra,,1906-10-25T03:16:52.500000+00:00,1906,Revati,4.0
moon,nakshatra,,1906-11-08T14:09:22.500000+00:00,1906,Ashwini,1.0
moon,nakshatra,,1906-11-21T04:41:15+00:00,1906,Revati,4.0
moon,nakshatra,,1906-12-05T15:28:07.500000+00:00,1906,Ashwini,1.0
moon,nakshatra,,1906-12-18T10:46:52.500000+00:00,1906,Revati,4.0
moon,nakshatra,,1907-01-01T19:13:07.500000+00:00,1907,Ashwini,1.0
moon,nakshatra,,1907-01-14T21:11:15+00:00,1907,Revati,4.0
moon,nakshatra,,1907-01-29T01:46:52.500000+00:00,1907,Ashwini,1.0
moon,nakshatra,,1907-02-11T07:46:52.500000+00:00,1907,Revati,4.0
moon,nakshatra,,1907-02-25T08:54:22.500000+00:00,1907,Ashwini,1.0
moon,nakshatra,,1907-03-10T14:26:15+00:00,1907,Revati,4.0
moon,nakshatra,,1907-03-24T14:03:45+00:00,1907,Ashwini,1.0
moon,nakshatra,,1907-04-06T16:13:07.500000+00:00,1907,Revati,4.0
moon,nakshatra,,1907-04-20T16:35:37.500000+00:00,1907,Ashwini,1.0
moon,nakshatra,,1907-05-03T16:52:30+00:00,1907,Revati,4.0
moon,nakshatra,,1907-05-17T18:28:07.500000+00:00,1907,Ashwini,1.0
moon,nakshatra,,1907-05-30T20:48:45+00:00,1907,Revati,4.0
moon,nakshatra,,1907-06-13T22:01:52.500000+00:00,1907,Ashwini,1.0
moon,nakshatra,,1907-06-27T05:20:37.500000+00:00,1907,Revati,4.0
moon,nakshatra,,1907-07-11T03:39:22.500000+00:00,1907,Ashwini,1.0
moon,nakshatra,,1907-07-24T16:07:30+00:00,1907,Revati,4.0
moon,nakshatra,,1907-08-07T09:50:37.500000+00:00,1907,Ashwini,1.0
moon,nakshatra,,1907-08-21T01:41:15+00:00,1907,Revati,4.0
moon,nakshatra,,1907-09-03T15:05:37.500000+00:00,1907,Ashwini,1.0
moon,nakshatra,,1907-09-17T06:50:37.500000+00:00,1907,Revati,4.0
moon,nakshatra,,1907-09-30T18:05:37.500000+00:00,1907,Ashwini,1.0
moon,nakshatra,,1907-10-14T07:52:30+00:00,1907,Revati,4.0
moon,nakshatra,,1907-10-27T20:03:45+00:00,1907,Ashwini,1.0
moon,nakshatra,,1907-11-10T08:54:22.500000+00:00,1907,Revati,4.0
moon,nakshatra,,1907-11-23T23:15:00+00:00,1907,Ashwini,1.0
moon,nakshatra,,1907-12-07T14:31:52.500000+00:00,1907,Revati,4.0
moon,nakshatra,,1907-12-21T04:58:07.500000+00:00,1907,Ashwini,1.0
moon,nakshatra,,1908-01-04T00:56:15+00:00,1908,Revati,4.0
moon,nakshatra,,1908-01-17T11:31:52.500000+00:00,1908,Ashwini,1.0
moon,nakshatra,,1908-01-31T12:11:15+00:00,1908,Revati,4.0
moon,nakshatra,,1908-02-13T16:35:37.500000+00:00,1908,Ashwini,1.0
moon,nakshatra,,1908-02-27T19:46:52.500000+00:00,1908,Revati,4.0
moon,nakshatra,,1908-03-11T19:13:07.500000+00:00,1908,Ashwini,1.0
moon,nakshatra,,1908-03-25T22:07:30+00:00,1908,Revati,4.0
moon,nakshatra,,1908-04-07T20:54:22.500000+00:00,1908,Ashwini,1.0
moon,nakshatra,,1908-04-21T22:35:37.500000+00:00,1908,Revati,4.0
moon,nakshatra,,1908-05-05T00:28:07.500000+00:00,1908,Ashwini,1.0
moon,nakshatra,,1908-05-19T01:58:07.500000+00:00,1908,Revati,4.0
moon,nakshatra,,1908-06-01T06:33:45+00:00,1908,Ashwini,1.0
moon,nakshatra,,1908-06-15T09:39:22.500000+00:00,1908,Revati,4.0
moon,nakshatra,,1908-06-28T13:35:37.500000+00:00,1908,Ashwini,1.0
moon,nakshatra,,1908-07-12T19:58:07.500000+00:00,1908,Revati,4.0
moon,nakshatra,,1908-07-25T19:30:00+00:00,1908,Ashwini,1.0
moon,nakshatra,,1908-08-09T05:15:00+00:00,1908,Revati,4.0
moon,nakshatra,,1908-08-21T22:52:30+00:00,1908,Ashwini,1.0
moon,nakshatra,,1908-09-05T10:46:52.500000+00:00,1908,Revati,4.0
moon,nakshatra,,1908-09-18T00:16:52.500000+00:00,1908,Ashwini,1.0
moon,nakshatra,,1908-10-02T12:05:37.500000+00:00,1908,Revati,4.0
moon,nakshatra,,1908-10-15T02:37:30+00:00,1908,Ashwini,1.0
moon,nakshatra,,1908-10-29T13:01:52.500000+00:00,1908,Revati,4.0
moon,nakshatra,,1908-11-11T08:20:37.500000+00:00,1908,Ashwini,1.0
moon,nakshatra,,1908-11-25T17:37:30+00:00,1908,Revati,4.0
moon,nakshatra,,1908-12-08T16:46:52.500000+00:00,1908,Ashwini,1.0
moon,nakshatra,,1908-12-23T02:31:52.500000+00:00,1908,Revati,4.0
moon,nakshatra,,1909-01-05T00:39:22.500000+00:00,1909,Ashwini,1.0
moon,nakshatra,,1909-01-19T12:28:07.500000+00:00,1909,Revati,4.0
moon,nakshatra,,1909-02-01T05:03:45+00:00,1909,Ashwini,1.0
moon,nakshatra,,1909-02-15T19:24:22.500000+00:00,1909,Revati,4.0
moon,nakshatra,,1909-02-28T06:11:15+00:00,1909,Ashwini,1.0
moon,nakshatra,,1909-03-14T21:50:37.500000+00:00,1909,Revati,4.0
moon,nakshatra,,1909-03-27T07:41:15+00:00,1909,Ashwini,1.0
moon,nakshatra,,1909-04-10T22:41:15+00:00,1909,Revati,4.0
moon,nakshatra,,1909-04-23T12:56:15+00:00,1909,Ashwini,1.0
moon,nakshatra,,1909-05-08T01:46:52.500000+00:00,1909,Revati,4.0
moon,nakshatra,,1909-05-20T21:33:45+00:00,1909,Ashwini,1.0
moon,nakshatra,,1909-06-04T08:20:37.500000+00:00,1909,Revati,4.0
moon,nakshatra,,1909-06-17T06:39:22.500000+00:00,1909,Ashwini,1.0
moon,nakshatra,,1909-07-01T16:41:15+00:00,1909,Revati,4.0
moon,nakshatra,,1909-07-14T13:18:45+00:00,1909,Ashwini,1.0
moon,nakshatra,,1909-07-29T00:11:15+00:00,1909,Revati,4.0
moon,nakshatra,,1909-08-10T16:07:30+00:00,1909,Ashwini,1.0
moon,nakshatra,,1909-08-25T04:35:37.500000+00:00,1909,Revati,4.0
moon,nakshatra,,1909-09-06T16:52:30+00:00,1909,Ashwini,1.0
moon,nakshatra,,1909-09-21T06:11:15+00:00,1909,Revati,4.0
moon,nakshatra,,1909-10-03T19:35:37.500000+00:00,1909,Ashwini,1.0
moon,nakshatra,,1909-10-18T07:52:30+00:00,1909,Revati,4.0
moon,nakshatra,,1909-10-31T02:54:22.500000+00:00,1909,Ashwini,1.0
moon,nakshatra,,1909-11-14T12:16:52.500000+00:00,1909,Revati,4.0
moon,nakshatra,,1909-11-27T13:35:37.500000+00:00,1909,Ashwini,1.0
moon,nakshatra,,1909-12-11T19:24:22.500000+00:00,1909,Revati,4.0
moon,nakshatra,,1909-12-24T23:15:00+00:00,1909,Ashwini,1.0
moon,nakshatra,,1910-01-08T02:43:07.500000+00:00,1910,Revati,4.0
moon,nakshatra,,1910-01-21T04:24:22.500000+00:00,1910,Ashwini,1.0
moon,nakshatra,,1910-02-04T07:30:00+00:00,1910,Revati,4.0
moon,nakshatra,,1910-02-17T05:15:00+00:00,1910,Ashwini,1.0
moon,nakshatra,,1910-03-03T09:28:07.500000+00:00,1910,Revati,4.0
moon,nakshatra,,1910-03-16T06:22:30+00:00,1910,Ashwini,1.0
moon,nakshatra,,1910-03-30T11:20:37.500000+00:00,1910,Revati,4.0
moon,nakshatra,,1910-04-12T12:11:15+00:00,1910,Ashwini,1.0
moon,nakshatra,,1910-04-26T15:28:07.500000+00:00,1910,Revati,4.0
moon,nakshatra,,1910-05-09T22:01:52.500000+00:00,1910,Ashwini,1.0
moon,nakshatra,,1910-05-23T21:33:45+00:00,1910,Revati,4.0
moon,nakshatra,,1910-06-06T08:43:07.500000+00:00,1910,Ashwini,1.0
moon,nakshatra,,1910-06-20T03:56:15+00:00,1910,Revati,4.0
moon,nakshatra,,1910-07-03T16:30:00+00:00,1910,Ashwini,1.0
moon,nakshatra,,1910-07-17T08:43:07.500000+00:00,1910,Revati,4.0
moon,nakshatra,,1910-07-30T19:41:15+00:00,1910,Ashwini,1.0
moon,nakshatra,,1910-08-13T11:26:15+00:00,1910,Revati,4.0
moon,nakshatra,,1910-08-26T20:20:37.500000+00:00,1910,Ashwini,1.0
moon,nakshatra,,1910-09-09T13:35:37.500000+00:00,1910,Revati,4.0
moon,nakshatra,,1910-09-22T22:46:52.500000+00:00,1910,Ashwini,1.0
moon,nakshatra,,1910-10-06T17:09:22.500000+00:00,1910,Revati,4.0
moon,nakshatra,,1910-10-20T06:00:00+00:00,1910,Ashwini,1.0
moon,nakshatra,,1910-11-02T22:52:30+00:00,1910,Revati,4.0
moon,nakshatra,,1910-11-16T17:09:22.500000+00:00,1910,Ashwini,1.0
moon,nakshatra,,1910-11-30T05:15:00+00:00,1910,Revati,4.0
moon,nakshatra,,1910-12-14T03:50:37.500000+00:00,1910,Ashwini,1.0
moon,nakshatra,,1910-12-27T09:56:15+00:00,1910,Revati,4.0
moon,nakshatra,,1911-01-10T10:01:52.500000+00:00,1911,Ashwini,1.0
moon,nakshatra,,1911-01-23T12:16:52.500000+00:00,1911,Revati,4.0
moon,nakshatra,,1911-02-06T11:09:22.500000+00:00,1911,Ashwini,1.0
moon,nakshatra,,1911-02-19T14:09:22.500000+00:00,1911,Revati,4.0
moon,nakshatra,,1911-03-05T11:54:22.500000+00:00,1911,Ashwini,1.0
moon,nakshatra,,1911-03-18T18:11:15+00:00,1911,Revati,4.0
moon,nakshatra,,1911-04-01T16:58:07.500000+00:00,1911,Ashwini,1.0
moon,nakshatra,,1911-04-15T00:33:45+00:00,1911,Revati,4.0
moon,nakshatra,,1911-04-29T02:20:37.500000+00:00,1911,Ashwini,1.0
moon,nakshatra,,1911-05-12T07:24:22.500000+00:00,1911,Revati,4.0
moon,nakshatra,,1911-05-26T12:56:15+00:00,1911,Ashwini,1.0
moon,nakshatra,,1911-06-08T12:28:07.500000+00:00,1911,Revati,4.0
moon,nakshatra,,1911-06-22T21:00:00+00:00,1911,Ashwini,1.0
moon,nakshatra,,1911-07-05T15:11:15+00:00,1911,Revati,4.0
moon,nakshatra,,1911-07-20T00:39:22.500000+00:00,1911,Ashwini,1.0
moon,nakshatra,,1911-08-01T16:46:52.500000+00:00,1911,Revati,4.0
moon,nakshatra,,1911-08-16T01:24:22.500000+00:00,1911,Ashwini,1.0
moon,nakshatra,,1911-08-28T19:58:07.500000+00:00,1911,Revati,4.0
moon,nakshatra,,1911-09-12T03:28:07.500000+00:00,1911,Ashwini,1.0
moon,nakshatra,,1911-09-25T02:15:00+00:00,1911,Revati,4.0
moon,nakshatra,,1911-10-09T09:39:22.500000+00:00,1911,Ashwini,1.0
moon,nakshatra,,1911-10-22T10:13:07.500000+00:00,1911,Revati,4.0
moon,nakshatra,,1911-11-05T19:24:22.500000+00:00,1911,Ashwini,1.0
moon,nakshatra,,1911-11-18T17:03:45+00:00,1911,Revati,4.0
moon,nakshatra,,1911-12-03T05:15:00+00:00,1911,Ashwini,1.0
moon,nakshatra,,1911-12-15T20:31:52.500000+00:00,1911,Revati,4.0
moon,nakshatra,,1911-12-30T11:15:00+00:00,1911,Ashwini,1.0
moon,nakshatra,,1912-01-11T21:22:30+00:00,1912,Revati,4.0
moon,nakshatra,,1912-01-26T12:45:00+00:00,1912,Ashwini,1.0
moon,nakshatra,,1912-02-07T23:31:52.500000+00:00,1912,Revati,4.0
moon,nakshatra,,1912-02-22T13:35:37.500000+00:00,1912,Ashwini,1.0
moon,nakshatra,,1912-03-06T05:54:22.500000+00:00,1912,Revati,4.0
moon,nakshatra,,1912-03-20T17:48:45+00:00,1912,Ashwini,1.0
moon,nakshatra,,1912-04-02T15:05:37.500000+00:00,1912,Revati,4.0
moon,nakshatra,,1912-04-17T01:41:15+00:00,1912,Ashwini,1.0
moon,nakshatra,,1912-04-29T23:26:15+00:00,1912,Revati,4.0
moon,nakshatra,,1912-05-14T10:30:00+00:00,1912,Ashwini,1.0
moon,nakshatra,,1912-05-27T04:35:37.500000+00:00,1912,Revati,4.0
moon,nakshatra,,1912-06-10T17:09:22.500000+00:00,1912,Ashwini,1.0
moon,nakshatra,,1912-06-23T06:16:52.500000+00:00,1912,Revati,4.0
moon,nakshatra,,1912-07-07T20:26:15+00:00,1912,Ashwini,1.0
moon,nakshatra,,1912-07-20T07:24:22.500000+00:00,1912,Revati,4.0
moon,nakshatra,,1912-08-03T21:39:22.500000+00:00,1912,Ashwini,1.0
moon,nakshatra,,1912-08-16T11:37:30+00:00,1912,Revati,4.0
moon,nakshatra,,1912-08-31T00:11:15+00:00,1912,Ashwini,1.0
moon,nakshatra,,1912-09-12T19:58:07.500000+00:00,1912,Revati,4.0
moon,nakshatra,,1912-09-27T05:37:30+00:00,1912,Ashwini,1.0
moon,nakshatra,,1912-10-10T06:11:15+00:00,1912,Revati,4.0
moon,nakshatra,,1912-10-24T13:18:45+00:00,1912,Ashwini,1.0
moon,nakshatra,,1912-11-06T14:26:15+00:00,1912,Revati,4.0
moon,nakshatra,,1912-11-20T20:37:30+00:00,1912,Ashwini,1.0
moon,nakshatra,,1912-12-03T18:05:37.500000+00:00,1912,Revati,4.0
moon,nakshatra,,1912-12-18T00:56:15+00:00,1912,Ashwini,1.0
moon,nakshatra,,1912-12-30T18:22:30+00:00,1912,Revati,4.0
moon,nakshatra,,1913-01-14T02:31:52.500000+00:00,1913,Ashwini,1.0
moon,nakshatra,,1913-01-26T20:31:52.500000+00:00,1913,Revati,4.0
moon,nakshatra,,1913-02-10T04:30:00+00:00,1913,Ashwini,1.0
moon,nakshatra,,1913-02-23T03:56:15+00:00,1913,Revati,4.0
moon,nakshatra,,1913-03-09T09:05:37.500000+00:00,1913,Ashwini,1.0
moon,nakshatra,,1913-03-22T14:54:22.500000+00:00,1913,Revati,4.0
moon,nakshatra,,1913-04-05T15:39:22.500000+00:00,1913,Ashwini,1.0
moon,nakshatra,,1913-04-19T00:56:15+00:00,1913,Revati,4.0
moon,nakshatra,,1913-05-02T22:01:52.500000+00:00,1913,Ashwini,1.0
moon,nakshatra,,1913-05-16T06:56:15+00:00,1913,Revati,4.0
moon,nakshatra,,1913-05-30T02:15:00+00:00,1913,Ashwini,1.0
moon,nakshatra,,1913-06-12T08:37:30+00:00,1913,Revati,4.0
moon,nakshatra,,1913-06-26T04:35:37.500000+00:00,1913,Ashwini,1.0
moon,nakshatra,,1913-07-09T09:28:07.500000+00:00,1913,Revati,4.0
moon,nakshatra,,1913-07-23T06:56:15+00:00,1913,Ashwini,1.0
moon,nakshatra,,1913-08-05T13:41:15+00:00,1913,Revati,4.0
moon,nakshatra,,1913-08-19T11:03:45+00:00,1913,Ashwini,1.0
moon,nakshatra,,1913-09-01T22:30:00+00:00,1913,Revati,4.0
moon,nakshatra,,1913-09-15T16:58:07.500000+00:00,1913,Ashwini,1.0
moon,nakshatra,,1913-09-29T09:33:45+00:00,1913,Revati,4.0
moon,nakshatra,,1913-10-12T23:09:22.500000+00:00,1913,Ashwini,1.0
moon,nakshatra,,1913-10-26T19:01:52.500000+00:00,1913,Revati,4.0
moon,nakshatra,,1913-11-09T03:39:22.500000+00:00,1913,Ashwini,1.0
moon,nakshatra,,1913-11-22T23:31:52.500000+00:00,1913,Revati,4.0
moon,nakshatra,,1913-12-06T05:54:22.500000+00:00,1913,Ashwini,1.0
moon,nakshatra,,1913-12-19T23:54:22.500000+00:00,1913,Revati,4.0
moon,nakshatra,,1914-01-02T07:58:07.500000+00:00,1914,Ashwini,1.0
moon,nakshatra,,1914-01-16T01:30:00+00:00,1914,Revati,4.0
moon,nakshatra,,1914-01-29T12:16:52.500000+00:00,1914,Ashwini,1.0
moon,nakshatra,,1914-02-12T08:20:37.500000+00:00,1914,Revati,4.0
moon,nakshatra,,1914-02-25T18:45:00+00:00,1914,Ashwini,1.0
moon,nakshatra,,1914-03-11T19:07:30+00:00,1914,Revati,4.0
moon,nakshatra,,1914-03-25T01:07:30+00:00,1914,Ashwini,1.0
moon,nakshatra,,1914-04-08T05:37:30+00:00,1914,Revati,4.0
moon,nakshatra,,1914-04-21T05:26:15+00:00,1914,Ashwini,1.0
moon,nakshatra,,1914-05-05T12:11:15+00:00,1914,Revati,4.0
moon,nakshatra,,1914-05-18T07:30:00+00:00,1914,Ashwini,1.0
moon,nakshatra,,1914-06-01T14:15:00+00:00,1914,Revati,4.0
moon,nakshatra,,1914-06-14T09:28:07.500000+00:00,1914,Ashwini,1.0
moon,nakshatra,,1914-06-28T15:00:00+00:00,1914,Revati,4.0
moon,nakshatra,,1914-07-11T13:35:37.500000+00:00,1914,Ashwini,1.0
moon,nakshatra,,1914-07-25T18:39:22.500000+00:00,1914,Revati,4.0
moon,nakshatra,,1914-08-07T20:20:37.500000+00:00,1914,Ashwini,1.0
moon,nakshatra,,1914-08-22T02:20:37.500000+00:00,1914,Revati,4.0
moon,nakshatra,,1914-09-04T03:50:37.500000+00:00,1914,Ashwini,1.0
moon,nakshatra,,1914-09-18T12:33:45+00:00,1914,Revati,4.0
moon,nakshatra,,1914-10-01T09:39:22.500000+00:00,1914,Ashwini,1.0
moon,nakshatra,,1914-10-15T21:33:45+00:00,1914,Revati,4.0
moon,nakshatra,,1914-10-28T12:28:07.500000+00:00,1914,Ashwini,1.0
moon,nakshatra,,1914-11-12T02:15:00+00:00,1914,Revati,4.0
moon,nakshatra,,1914-11-24T13:24:22.500000+00:00,1914,Ashwini,1.0
moon,nakshatra,,1914-12-09T03:05:37.500000+00:00,1914,Revati,4.0
moon,nakshatra,,1914-12-21T16:24:22.500000+00:00,1914,Ashwini,1.0
moon,nakshatra,,1915-01-05T04:24:22.500000+00:00,1915,Revati,4.0
moon,nakshatra,,1915-01-17T23:20:37.500000+00:00,1915,Ashwini,1.0
moon,nakshatra,,1915-02-01T10:01:52.500000+00:00,1915,Revati,4.0
moon,nakshatra,,1915-02-14T08:26:15+00:00,1915,Ashwini,1.0
moon,nakshatra,,1915-02-28T19:07:30+00:00,1915,Revati,4.0
moon,nakshatra,,1915-03-13T15:50:37.500000+00:00,1915,Ashwini,1.0
moon,nakshatra,,1915-03-28T04:13:07.500000+00:00,1915,Revati,4.0
moon,nakshatra,,1915-04-09T19:30:00+00:00,1915,Ashwini,1.0
moon,nakshatra,,1915-04-24T09:56:15+00:00,1915,Revati,4.0
moon,nakshatra,,1915-05-06T20:26:15+00:00,1915,Ashwini,1.0
moon,nakshatra,,1915-05-21T12:00:00+00:00,1915,Revati,4.0
moon,nakshatra,,1915-06-02T22:24:22.500000+00:00,1915,Ashwini,1.0
moon,nakshatra,,1915-06-17T13:13:07.500000+00:00,1915,Revati,4.0
moon,nakshatra,,1915-06-30T04:18:45+00:00,1915,Ashwini,1.0
moon,nakshatra,,1915-07-14T16:46:52.500000+00:00,1915,Revati,4.0
moon,nakshatra,,1915-07-27T13:24:22.500000+00:00,1915,Ashwini,1.0
moon,nakshatra,,1915-08-10T23:15:00+00:00,1915,Revati,4.0
moon,nakshatra,,1915-08-23T22:46:52.500000+00:00,1915,Ashwini,1.0
moon,nakshatra,,1915-09-07T07:18:45+00:00,1915,Revati,4.0
moon,nakshatra,,1915-09-20T05:26:15+00:00,1915,Ashwini,1.0
moon,nakshatra,,1915-10-04T14:09:22.500000+00:00,1915,Revati,4.0
moon,nakshatra,,1915-10-17T07:52:30+00:00,1915,Ashwini,1.0
moon,nakshatra,,1915-10-31T17:48:45+00:00,1915,Revati,4.0
moon,nakshatra,,1915-11-13T08:15:00+00:00,1915,Ashwini,1.0
moon,nakshatra,,1915-11-27T19:07:30+00:00,1915,Revati,4.0
moon,nakshatra,,1915-12-10T11:37:30+00:00,1915,Ashwini,1.0
moon,nakshatra,,1915-12-24T21:22:30+00:00,1915,Revati,4.0
moon,nakshatra,,1916-01-06T20:15:00+00:00,1916,Ashwini,1.0
moon,nakshatra,,1916-01-21T02:43:07.500000+00:00,1916,Revati,4.0
moon,nakshatra,,1916-02-03T07:24:22.500000+00:00,1916,Ashwini,1.0
moon,nakshatra,,1916-02-17T09:50:37.500000+00:00,1916,Revati,4.0
moon,nakshatra,,1916-03-01T16:30:00+00:00,1916,Ashwini,1.0
moon,nakshatra,,1916-03-15T16:13:07.500000+00:00,1916,Revati,4.0
moon,nakshatra,,1916-03-28T20:37:30+00:00,1916,Ashwini,1.0
moon,nakshatra,,1916-04-11T19:58:07.500000+00:00,1916,Revati,4.0
moon,nakshatra,,1916-04-24T21:16:52.500000+00:00,1916,Ashwini,1.0
moon,nakshatra,,1916-05-08T21:50:37.500000+00:00,1916,Revati,4.0
moon,nakshatra,,1916-05-21T23:03:45+00:00,1916,Ashwini,1.0
moon,nakshatra,,1916-06-05T00:28:07.500000+00:00,1916,Revati,4.0
moon,nakshatra,,1916-06-18T05:15:00+00:00,1916,Ashwini,1.0
moon,nakshatra,,1916-07-02T05:03:45+00:00,1916,Revati,4.0
moon,nakshatra,,1916-07-15T15:16:52.500000+00:00,1916,Ashwini,1.0
moon,nakshatra,,1916-07-29T11:09:22.500000+00:00,1916,Revati,4.0
moon,nakshatra,,1916-08-12T01:58:07.500000+00:00,1916,Ashwini,1.0
moon,nakshatra,,1916-08-25T17:03:45+00:00,1916,Revati,4.0
moon,nakshatra,,1916-09-08T09:39:22.500000+00:00,1916,Ashwini,1.0
moon,nakshatra,,1916-09-21T21:16:52.500000+00:00,1916,Revati,4.0
moon,nakshatra,,1916-10-05T12:39:22.500000+00:00,1916,Ashwini,1.0
moon,nakshatra,,1916-10-18T23:26:15+00:00,1916,Revati,4.0
moon,nakshatra,,1916-11-01T12:56:15+00:00,1916,Ashwini,1.0
moon,nakshatra,,1916-11-15T01:46:52.500000+00:00,1916,Revati,4.0
moon,nakshatra,,1916-11-28T15:50:37.500000+00:00,1916,Ashwini,1.0
moon,nakshatra,,1916-12-12T06:16:52.500000+00:00,1916,Revati,4.0
moon,nakshatra,,1916-12-26T00:05:37.500000+00:00,1916,Ashwini,1.0
moon,nakshatra,,1917-01-08T12:45:00+00:00,1917,Revati,4.0
moon,nakshatra,,1917-01-22T11:31:52.500000+00:00,1917,Ashwini,1.0
moon,nakshatra,,1917-02-04T18:50:37.500000+00:00,1917,Revati,4.0
moon,nakshatra,,1917-02-18T21:28:07.500000+00:00,1917,Ashwini,1.0
moon,nakshatra,,1917-03-03T22:41:15+00:00,1917,Revati,4.0
moon,nakshatra,,1917-03-18T02:20:37.500000+00:00,1917,Ashwini,1.0
moon,nakshatra,,1917-03-31T00:28:07.500000+00:00,1917,Revati,4.0
moon,nakshatra,,1917-04-14T03:11:15+00:00,1917,Ashwini,1.0
moon,nakshatra,,1917-04-27T02:48:45+00:00,1917,Revati,4.0
moon,nakshatra,,1917-05-11T04:35:37.500000+00:00,1917,Ashwini,1.0
moon,nakshatra,,1917-05-24T07:41:15+00:00,1917,Revati,4.0
moon,nakshatra,,1917-06-07T10:07:30+00:00,1917,Ashwini,1.0
moon,nakshatra,,1917-06-20T14:31:52.500000+00:00,1917,Revati,4.0
moon,nakshatra,,1917-07-04T19:18:45+00:00,1917,Ashwini,1.0
moon,nakshatra,,1917-07-17T21:22:30+00:00,1917,Revati,4.0
moon,nakshatra,,1917-08-01T05:37:30+00:00,1917,Ashwini,1.0
moon,nakshatra,,1917-08-14T02:09:22.500000+00:00,1917,Revati,4.0
moon,nakshatra,,1917-08-28T13:18:45+00:00,1917,Ashwini,1.0
moon,nakshatra,,1917-09-10T04:18:45+00:00,1917,Revati,4.0
moon,nakshatra,,1917-09-24T16:35:37.500000+00:00,1917,Ashwini,1.0
moon,nakshatra,,1917-10-07T05:37:30+00:00,1917,Revati,4.0
moon,nakshatra,,1917-10-21T17:09:22.500000+00:00,1917,Ashwini,1.0
moon,nakshatra,,1917-11-03T09:33:45+00:00,1917,Revati,4.0
moon,nakshatra,,1917-11-17T19:30:00+00:00,1917,Ashwini,1.0
moon,nakshatra,,1917-11-30T16:58:07.500000+00:00,1917,Revati,4.0
moon,nakshatra,,1917-12-15T02:26:15+00:00,1917,Ashwini,1.0
moon,nakshatra,,1917-12-28T01:35:37.500000+00:00,1917,Revati,4.0
moon,nakshatra,,1918-01-11T12:16:52.500000+00:00,1918,Ashwini,1.0
moon,nakshatra,,1918-01-24T08:03:45+00:00,1918,Revati,4.0
moon,nakshatra,,1918-02-07T21:11:15+00:00,1918,Ashwini,1.0
moon,nakshatra,,1918-02-20T10:35:37.500000+00:00,1918,Revati,4.0
moon,nakshatra,,1918-03-07T01:46:52.500000+00:00,1918,Ashwini,1.0
moon,nakshatra,,1918-03-19T11:20:37.500000+00:00,1918,Revati,4.0
moon,nakshatra,,1918-04-03T02:54:22.500000+00:00,1918,Ashwini,1.0
moon,nakshatra,,1918-04-15T14:20:37.500000+00:00,1918,Revati,4.0
moon,nakshatra,,1918-04-30T04:30:00+00:00,1918,Ashwini,1.0
moon,nakshatra,,1918-05-12T21:33:45+00:00,1918,Revati,4.0
moon,nakshatra,,1918-05-27T09:16:52.500000+00:00,1918,Ashwini,1.0
moon,nakshatra,,1918-06-09T06:50:37.500000+00:00,1918,Revati,4.0
moon,nakshatra,,1918-06-23T16:58:07.500000+00:00,1918,Ashwini,1.0
moon,nakshatra,,1918-07-06T15:05:37.500000+00:00,1918,Revati,4.0
moon,nakshatra,,1918-07-21T01:13:07.500000+00:00,1918,Ashwini,1.0
moon,nakshatra,,1918-08-02T19:58:07.500000+00:00,1918,Revati,4.0
moon,nakshatra,,1918-08-17T07:24:22.500000+00:00,1918,Ashwini,1.0
moon,nakshatra,,1918-08-29T21:22:30+00:00,1918,Revati,4.0
moon,nakshatra,,1918-09-13T10:13:07.500000+00:00,1918,Ashwini,1.0
moon,nakshatra,,1918-09-25T22:30:00+00:00,1918,Revati,4.0
moon,nakshatra,,1918-10-10T11:20:37.500000+00:00,1918,Ashwini,1.0
moon,nakshatra,,1918-10-23T03:22:30+00:00,1918,Revati,4.0
moon,nakshatra,,1918-11-06T14:15:00+00:00,1918,Ashwini,1.0
moon,nakshatra,,1918-11-19T12:45:00+00:00,1918,Revati,4.0
moon,nakshatra,,1918-12-03T20:15:00+00:00,1918,Ashwini,1.0
moon,nakshatra,,1918-12-16T23:31:52.500000+00:00,1918,Revati,4.0
moon,nakshatra,,1918-12-31T03:45:00+00:00,1918,Ashwini,1.0
moon,nakshatra,,1919-01-13T07:24:22.500000+00:00,1919,Revati,4.0
moon,nakshatra,,1919-01-27T09:56:15+00:00,1919,Ashwini,1.0
moon,nakshatra,,1919-02-09T10:01:52.500000+00:00,1919,Revati,4.0
moon,nakshatra,,1919-02-23T13:07:30+00:00,1919,Ashwini,1.0
moon,nakshatra,,1919-03-08T10:18:45+00:00,1919,Revati,4.0
moon,nakshatra,,1919-03-22T14:43:07.500000+00:00,1919,Ashwini,1.0
moon,nakshatra,,1919-04-04T13:24:22.500000+00:00,1919,Revati,4.0
moon,nakshatra,,1919-04-18T17:37:30+00:00,1919,Ashwini,1.0
moon,nakshatra,,1919-05-01T21:28:07.500000+00:00,1919,Revati,4.0
moon,nakshatra,,1919-05-15T22:52:30+00:00,1919,Ashwini,1.0
moon,nakshatra,,1919-05-29T08:15:00+00:00,1919,Revati,4.0
moon,nakshatra,,1919-06-12T05:15:00+00:00,1919,Ashwini,1.0
moon,nakshatra,,1919-06-25T17:54:22.500000+00:00,1919,Revati,4.0
moon,nakshatra,,1919-07-09T11:03:45+00:00,1919,Ashwini,1.0
moon,nakshatra,,1919-07-22T23:31:52.500000+00:00,1919,Revati,4.0
moon,nakshatra,,1919-08-05T14:43:07.500000+00:00,1919,Ashwini,1.0
moon,nakshatra,,1919-08-19T01:01:52.500000+00:00,1919,Revati,4.0
moon,nakshatra,,1919-09-01T16:52:30+00:00,1919,Ashwini,1.0
moon,nakshatra,,1919-09-15T01:52:30+00:00,1919,Revati,4.0
moon,nakshatra,,1919-09-28T19:30:00+00:00,1919,Ashwini,1.0
moon,nakshatra,,1919-10-12T06:28:07.500000+00:00,1919,Revati,4.0
moon,nakshatra,,1919-10-26T00:16:52.500000+00:00,1919,Ashwini,1.0
moon,nakshatra,,1919-11-08T16:01:52.500000+00:00,1919,Revati,4.0
moon,nakshatra,,1919-11-22T06:33:45+00:00,1919,Ashwini,1.0
moon,nakshatra,,1919-12-06T03:33:45+00:00,1919,Revati,4.0
moon,nakshatra,,1919-12-19T12:16:52.500000+00:00,1919,Ashwini,1.0
moon,nakshatra,,1920-01-02T12:28:07.500000+00:00,1920,Revati,4.0
moon,nakshatra,,1920-01-15T15:45:00+00:00,1920,Ashwini,1.0
moon,nakshatra,,1920-01-29T15:50:37.500000+00:00,1920,Revati,4.0
moon,nakshatra,,1920-02-11T17:26:15+00:00,1920,Ashwini,1.0
moon,nakshatra,,1920-02-25T16:01:52.500000+00:00,1920,Revati,4.0
moon,nakshatra,,1920-03-09T20:09:22.500000+00:00,1920,Ashwini,1.0
moon,nakshatra,,1920-03-23T18:33:45+00:00,1920,Revati,4.0
moon,nakshatra,,1920-04-06T01:35:37.500000+00:00,1920,Ashwini,1.0
moon,nakshatra,,1920-04-20T01:58:07.500000+00:00,1920,Revati,4.0
moon,nakshatra,,1920-05-03T08:31:52.500000+00:00,1920,Ashwini,1.0
moon,nakshatra,,1920-05-17T12:22:30+00:00,1920,Revati,4.0
moon,nakshatra,,1920-05-30T14:43:07.500000+00:00,1920,Ashwini,1.0
moon,nakshatra,,1920-06-13T22:01:52.500000+00:00,1920,Revati,4.0
moon,nakshatra,,1920-06-26T18:33:45+00:00,1920,Ashwini,1.0
moon,nakshatra,,1920-07-11T04:01:52.500000+00:00,1920,Revati,4.0
moon,nakshatra,,1920-07-23T20:20:37.500000+00:00,1920,Ashwini,1.0
moon,nakshatra,,1920-08-07T05:54:22.500000+00:00,1920,Revati,4.0
moon,nakshatra,,1920-08-19T22:24:22.500000+00:00,1920,Ashwini,1.0
moon,nakshatra,,1920-09-03T06:45:00+00:00,1920,Revati,4.0
moon,nakshatra,,1920-09-16T03:05:37.500000+00:00,1920,Ashwini,1.0
moon,nakshatra,,1920-09-30T10:41:15+00:00,1920,Revati,4.0
moon,nakshatra,,1920-10-13T10:35:37.500000+00:00,1920,Ashwini,1.0
moon,nakshatra,,1920-10-27T18:50:37.500000+00:00,1920,Revati,4.0
moon,nakshatra,,1920-11-09T18:28:07.500000+00:00,1920,Ashwini,1.0
moon,nakshatra,,1920-11-24T05:09:22.500000+00:00,1920,Revati,4.0
moon,nakshatra,,1920-12-06T23:48:45+00:00,1920,Ashwini,1.0
moon,nakshatra,,1920-12-21T13:30:00+00:00,1920,Revati,4.0
moon,nakshatra,,1921-01-03T01:35:37.500000+00:00,1921,Ashwini,1.0
moon,nakshatra,,1921-01-17T16:58:07.500000+00:00,1921,Revati,4.0
moon,nakshatra,,1921-01-30T02:26:15+00:00,1921,Ashwini,1.0
moon,nakshatra,,1921-02-13T17:31:52.500000+00:00,1921,Revati,4.0
moon,nakshatra,,1921-02-26T06:39:22.500000+00:00,1921,Ashwini,1.0
moon,nakshatra,,1921-03-12T19:46:52.500000+00:00,1921,Revati,4.0
moon,nakshatra,,1921-03-25T14:48:45+00:00,1921,Ashwini,1.0
moon,nakshatra,,1921-04-09T01:58:07.500000+00:00,1921,Revati,4.0
moon,nakshatra,,1921-04-22T00:00:00+00:00,1921,Ashwini,1.0
moon,nakshatra,,1921-05-06T10:35:37.500000+00:00,1921,Revati,4.0
moon,nakshatra,,1921-05-19T07:01:52.500000+00:00,1921,Ashwini,1.0
moon,nakshatra,,1921-06-02T18:39:22.500000+00:00,1921,Revati,4.0
moon,nakshatra,,1921-06-15T10:18:45+00:00,1921,Ashwini,1.0
moon,nakshatra,,1921-06-29T23:37:30+00:00,1921,Revati,4.0
moon,nakshatra,,1921-07-12T11:15:00+00:00,1921,Ashwini,1.0
moon,nakshatra,,1921-07-27T01:30:00+00:00,1921,Revati,4.0
moon,nakshatra,,1921-08-08T13:30:00+00:00,1921,Ashwini,1.0
moon,nakshatra,,1921-08-23T03:00:00+00:00,1921,Revati,4.0
moon,nakshatra,,1921-09-04T19:46:52.500000+00:00,1921,Ashwini,1.0
moon,nakshatra,,1921-09-19T06:50:37.500000+00:00,1921,Revati,4.0
moon,nakshatra,,1921-10-02T05:31:52.500000+00:00,1921,Ashwini,1.0
moon,nakshatra,,1921-10-16T13:41:15+00:00,1921,Revati,4.0
moon,nakshatra,,1921-10-29T15:16:52.500000+00:00,1921,Ashwini,1.0
moon,nakshatra,,1921-11-12T21:28:07.500000+00:00,1921,Revati,4.0
moon,nakshatra,,1921-11-25T21:33:45+00:00,1921,Ashwini,1.0
moon,nakshatra,,1921-12-10T03:28:07.500000+00:00,1921,Revati,4.0
moon,nakshatra,,1921-12-22T22:58:07.500000+00:00,1921,Ashwini,1.0
moon,nakshatra,,1922-01-06T06:05:37.500000+00:00,1922,Revati,4.0
moon,nakshatra,,1922-01-18T23:31:52.500000+00:00,1922,Ashwini,1.0
moon,nakshatra,,1922-02-02T07:24:22.500000+00:00,1922,Revati,4.0
moon,nakshatra,,1922-02-15T04:07:30+00:00,1922,Ashwini,1.0
moon,nakshatra,,1922-03-01T10:41:15+00:00,1922,Revati,4.0
moon,nakshatra,,1922-03-14T13:46:52.500000+00:00,1922,Ashwini,1.0
moon,nakshatra,,1922-03-28T16:30:00+00:00,1922,Revati,4.0
moon,nakshatra,,1922-04-11T00:45:00+00:00,1922,Ashwini,1.0
moon,nakshatra,,1922-04-24T23:09:22.500000+00:00,1922,Revati,4.0
moon,nakshatra,,1922-05-08T09:11:15+00:00,1922,Ashwini,1.0
moon,nakshatra,,1922-05-22T04:35:37.500000+00:00,1922,Revati,4.0
moon,nakshatra,,1922-06-04T12:50:37.500000+00:00,1922,Ashwini,1.0
moon,nakshatra,,1922-06-18T07:41:15+00:00,1922,Revati,4.0
moon,nakshatra,,1922-07-01T13:35:37.500000+00:00,1922,Ashwini,1.0
moon,nakshatra,,1922-07-15T09:45:00+00:00,1922,Revati,4.0
moon,nakshatra,,1922-07-28T15:33:45+00:00,1922,Ashwini,1.0
moon,nakshatra,,1922-08-11T12:50:37.500000+00:00,1922,Revati,4.0
moon,nakshatra,,1922-08-24T22:01:52.500000+00:00,1922,Ashwini,1.0
moon,nakshatra,,1922-09-07T18:00:00+00:00,1922,Revati,4.0
moon,nakshatra,,1922-09-21T08:26:15+00:00,1922,Ashwini,1.0
moon,nakshatra,,1922-10-05T00:16:52.500000+00:00,1922,Revati,4.0
moon,nakshatra,,1922-10-18T19:13:07.500000+00:00,1922,Ashwini,1.0
moon,nakshatra,,1922-11-01T05:48:45+00:00,1922,Revati,4.0
moon,nakshatra,,1922-11-15T02:31:52.500000+00:00,1922,Ashwini,1.0
moon,nakshatra,,1922-11-28T09:05:37.500000+00:00,1922,Revati,4.0
moon,nakshatra,,1922-12-12T04:35:37.500000+00:00,1922,Ashwini,1.0
moon,nakshatra,,1922-12-25T10:46:52.500000+00:00,1922,Revati,4.0
moon,nakshatra,,1923-01-08T04:46:52.500000+00:00,1923,Ashwini,1.0
moon,nakshatra,,1923-01-21T13:46:52.500000+00:00,1923,Revati,4.0
moon,nakshatra,,1923-02-04T08:43:07.500000+00:00,1923,Ashwini,1.0
moon,nakshatra,,1923-02-17T19:24:22.500000+00:00,1923,Revati,4.0
moon,nakshatra,,1923-03-03T17:54:22.500000+00:00,1923,Ashwini,1.0
moon,nakshatra,,1923-03-17T02:09:22.500000+00:00,1923,Revati,4.0
moon,nakshatra,,1923-03-31T05:03:45+00:00,1923,Ashwini,1.0
moon,nakshatra,,1923-04-13T07:41:15+00:00,1923,Revati,4.0
moon,nakshatra,,1923-04-27T13:58:07.500000+00:00,1923,Ashwini,1.0
moon,nakshatra,,1923-05-10T10:46:52.500000+00:00,1923,Revati,4.0
moon,nakshatra,,1923-05-24T18:11:15+00:00,1923,Ashwini,1.0
moon,nakshatra,,1923-06-06T12:28:07.500000+00:00,1923,Revati,4.0
moon,nakshatra,,1923-06-20T19:01:52.500000+00:00,1923,Ashwini,1.0
moon,nakshatra,,1923-07-03T15:16:52.500000+00:00,1923,Revati,4.0
moon,nakshatra,,1923-07-17T20:43:07.500000+00:00,1923,Ashwini,1.0
moon,nakshatra,,1923-07-30T20:48:45+00:00,1923,Revati,4.0
moon,nakshatra,,1923-08-14T02:20:37.500000+00:00,1923,Ashwini,1.0
moon,nakshatra,,1923-08-27T04:13:07.500000+00:00,1923,Revati,4.0
moon,nakshatra,,1923-09-10T11:37:30+00:00,1923,Ashwini,1.0
moon,nakshatra,,1923-09-23T11:15:00+00:00,1923,Revati,4.0
moon,nakshatra,,1923-10-07T21:39:22.500000+00:00,1923,Ashwini,1.0
moon,nakshatra,,1923-10-20T15:33:45+00:00,1923,Revati,4.0
moon,nakshatra,,1923-11-04T04:52:30+00:00,1923,Ashwini,1.0
moon,nakshatra,,1923-11-16T17:03:45+00:00,1923,Revati,4.0
moon,nakshatra,,1923-12-01T07:13:07.500000+00:00,1923,Ashwini,1.0
moon,nakshatra,,1923-12-13T18:28:07.500000+00:00,1923,Revati,4.0
moon,nakshatra,,1923-12-28T07:41:15+00:00,1923,Ashwini,1.0
moon,nakshatra,,1924-01-09T23:31:52.500000+00:00,1924,Revati,4.0
moon,nakshatra,,1924-01-24T10:58:07.500000+00:00,1924,Ashwini,1.0
moon,nakshatra,,1924-02-06T08:03:45+00:00,1924,Revati,4.0
moon,nakshatra,,1924-02-20T18:33:45+00:00,1924,Ashwini,1.0
moon,nakshatra,,1924-03-04T16:41:15+00:00,1924,Revati,4.0
moon,nakshatra,,1924-03-19T04:01:52.500000+00:00,1924,Ashwini,1.0
moon,nakshatra,,1924-03-31T22:24:22.500000+00:00,1924,Revati,4.0
moon,nakshatra,,1924-04-15T11:43:07.500000+00:00,1924,Ashwini,1.0
moon,nakshatra,,1924-04-28T00:22:30+00:00,1924,Revati,4.0
moon,nakshatra,,1924-05-12T15:28:07.500000+00:00,1924,Ashwini,1.0
moon,nakshatra,,1924-05-25T01:18:45+00:00,1924,Revati,4.0
moon,nakshatra,,1924-06-08T16:41:15+00:00,1924,Ashwini,1.0
moon,nakshatra,,1924-06-21T04:58:07.500000+00:00,1924,Revati,4.0
moon,nakshatra,,1924-07-05T18:39:22.500000+00:00,1924,Ashwini,1.0
moon,nakshatra,,1924-07-18T12:39:22.500000+00:00,1924,Revati,4.0
moon,nakshatra,,1924-08-01T23:43:07.500000+00:00,1924,Ashwini,1.0
moon,nakshatra,,1924-08-14T22:24:22.500000+00:00,1924,Revati,4.0
moon,nakshatra,,1924-08-29T07:13:07.500000+00:00,1924,Ashwini,1.0
moon,nakshatra,,1924-09-11T06:50:37.500000+00:00,1924,Revati,4.0
moon,nakshatra,,1924-09-25T15:00:00+00:00,1924,Ashwini,1.0
moon,nakshatra,,1924-10-08T11:26:15+00:00,1924,Revati,4.0
moon,nakshatra,,1924-10-22T20:20:37.500000+00:00,1924,Ashwini,1.0
moon,nakshatra,,1924-11-04T12:16:52.500000+00:00,1924,Revati,4.0
moon,nakshatra,,1924-11-18T22:30:00+00:00,1924,Ashwini,1.0
moon,nakshatra,,1924-12-01T13:35:37.500000+00:00,1924,Revati,4.0
moon,nakshatra,,1924-12-15T23:48:45+00:00,1924,Ashwini,1.0
moon,nakshatra,,1924-12-28T19:35:37.500000+00:00,1924,Revati,4.0
moon,nakshatra,,1925-01-12T03:39:22.500000+00:00,1925,Ashwini,1.0
moon,nakshatra,,1925-01-25T06:05:37.500000+00:00,1925,Revati,4.0
moon,nakshatra,,1925-02-08T10:07:30+00:00,1925,Ashwini,1.0
moon,nakshatra,,1925-02-21T16:41:15+00:00,1925,Revati,4.0
moon,nakshatra,,1925-03-07T17:09:22.500000+00:00,1925,Ashwini,1.0
moon,nakshatra,,1925-03-20T23:31:52.500000+00:00,1925,Revati,4.0
moon,nakshatra,,1925-04-03T22:13:07.500000+00:00,1925,Ashwini,1.0
moon,nakshatra,,1925-04-17T01:30:00+00:00,1925,Revati,4.0
moon,nakshatra,,1925-05-01T00:45:00+00:00,1925,Ashwini,1.0
moon,nakshatra,,1925-05-14T02:03:45+00:00,1925,Revati,4.0
moon,nakshatra,,1925-05-28T02:43:07.500000+00:00,1925,Ashwini,1.0
moon,nakshatra,,1925-06-10T05:48:45+00:00,1925,Revati,4.0
moon,nakshatra,,1925-06-24T06:16:52.500000+00:00,1925,Ashwini,1.0
moon,nakshatra,,1925-07-07T14:09:22.500000+00:00,1925,Revati,4.0
moon,nakshatra,,1925-07-21T11:48:45+00:00,1925,Ashwini,1.0
moon,nakshatra,,1925-08-04T01:01:52.500000+00:00,1925,Revati,4.0
moon,nakshatra,,1925-08-17T18:05:37.500000+00:00,1925,Ashwini,1.0
moon,nakshatra,,1925-08-31T10:41:15+00:00,1925,Revati,4.0
moon,nakshatra,,1925-09-13T23:15:00+00:00,1925,Ashwini,1.0
moon,nakshatra,,1925-09-27T16:07:30+00:00,1925,Revati,4.0
moon,nakshatra,,1925-10-11T02:15:00+00:00,1925,Ashwini,1.0
moon,nakshatra,,1925-10-24T17:09:22.500000+00:00,1925,Revati,4.0
moon,nakshatra,,1925-11-07T04:07:30+00:00,1925,Ashwini,1.0
moon,nakshatra,,1925-11-20T18:05:37.500000+00:00,1925,Revati,4.0
moon,nakshatra,,1925-12-04T07:24:22.500000+00:00,1925,Ashwini,1.0
moon,nakshatra,,1925-12-17T23:31:52.500000+00:00,1925,Revati,4.0
moon,nakshatra,,1925-12-31T13:07:30+00:00,1925,Ashwini,1.0
moon,nakshatra,,1926-01-14T09:56:15+00:00,1926,Revati,4.0
moon,nakshatra,,1926-01-27T19:46:52.500000+00:00,1926,Ashwini,1.0
moon,nakshatra,,1926-02-10T21:11:15+00:00,1926,Revati,4.0
moon,nakshatra,,1926-02-24T00:50:37.500000+00:00,1926,Ashwini,1.0
moon,nakshatra,,1926-03-10T04:46:52.500000+00:00,1926,Revati,4.0
moon,nakshatra,,1926-03-23T03:28:07.500000+00:00,1926,Ashwini,1.0
moon,nakshatra,,1926-04-06T07:18:45+00:00,1926,Revati,4.0
moon,nakshatra,,1926-04-19T05:09:22.500000+00:00,1926,Ashwini,1.0
moon,nakshatra,,1926-05-03T07:46:52.500000+00:00,1926,Revati,4.0
moon,nakshatra,,1926-05-16T08:37:30+00:00,1926,Ashwini,1.0
moon,nakshatra,,1926-05-30T10:58:07.500000+00:00,1926,Revati,4.0
moon,nakshatra,,1926-06-12T14:43:07.500000+00:00,1926,Ashwini,1.0
moon,nakshatra,,1926-06-26T18:28:07.500000+00:00,1926,Revati,4.0
moon,nakshatra,,1926-07-09T21:56:15+00:00,1926,Ashwini,1.0
moon,nakshatra,,1926-07-24T04:35:37.500000+00:00,1926,Revati,4.0
moon,nakshatra,,1926-08-06T03:56:15+00:00,1926,Ashwini,1.0
moon,nakshatra,,1926-08-20T14:03:45+00:00,1926,Revati,4.0
moon,nakshatra,,1926-09-02T07:18:45+00:00,1926,Ashwini,1.0
moon,nakshatra,,1926-09-16T19:41:15+00:00,1926,Revati,4.0
moon,nakshatra,,1926-09-29T08:43:07.500000+00:00,1926,Ashwini,1.0
moon,nakshatra,,1926-10-13T21:05:37.500000+00:00,1926,Revati,4.0
moon,nakshatra,,1926-10-26T10:58:07.500000+00:00,1926,Ashwini,1.0
moon,nakshatra,,1926-11-09T21:56:15+00:00,1926,Revati,4.0
moon,nakshatra,,1926-11-22T16:41:15+00:00,1926,Ashwini,1.0
moon,nakshatra,,1926-12-07T02:31:52.500000+00:00,1926,Revati,4.0
moon,nakshatra,,1926-12-20T01:13:07.500000+00:00,1926,Ashwini,1.0
moon,nakshatra,,1927-01-03T11:15:00+00:00,1927,Revati,4.0
moon,nakshatra,,1927-01-16T09:11:15+00:00,1927,Ashwini,1.0
moon,nakshatra,,1927-01-30T21:05:37.500000+00:00,1927,Revati,4.0
moon,nakshatra,,1927-02-12T13:46:52.500000+00:00,1927,Ashwini,1.0
moon,nakshatra,,1927-02-27T04:01:52.500000+00:00,1927,Revati,4.0
moon,nakshatra,,1927-03-11T14:54:22.500000+00:00,1927,Ashwini,1.0
moon,nakshatra,,1927-03-26T06:33:45+00:00,1927,Revati,4.0
moon,nakshatra,,1927-04-07T16:18:45+00:00,1927,Ashwini,1.0
moon,nakshatra,,1927-04-22T07:24:22.500000+00:00,1927,Revati,4.0
moon,nakshatra,,1927-05-04T21:28:07.500000+00:00,1927,Ashwini,1.0
moon,nakshatra,,1927-05-19T10:24:22.500000+00:00,1927,Revati,4.0
moon,nakshatra,,1927-06-01T06:05:37.500000+00:00,1927,Ashwini,1.0
moon,nakshatra,,1927-06-15T16:46:52.500000+00:00,1927,Revati,4.0
moon,nakshatra,,1927-06-28T15:16:52.500000+00:00,1927,Ashwini,1.0
moon,nakshatra,,1927-07-13T01:01:52.500000+00:00,1927,Revati,4.0
moon,nakshatra,,1927-07-25T22:07:30+00:00,1927,Ashwini,1.0
moon,nakshatra,,1927-08-09T08:31:52.500000+00:00,1927,Revati,4.0
moon,nakshatra,,1927-08-22T01:07:30+00:00,1927,Ashwini,1.0
moon,nakshatra,,1927-09-05T13:01:52.500000+00:00,1927,Revati,4.0
moon,nakshatra,,1927-09-18T01:46:52.500000+00:00,1927,Ashwini,1.0
moon,nakshatra,,1927-10-02T14:37:30+00:00,1927,Revati,4.0
moon,nakshatra,,1927-10-15T04:18:45+00:00,1927,Ashwini,1.0
moon,nakshatra,,1927-10-29T16:18:45+00:00,1927,Revati,4.0
moon,nakshatra,,1927-11-11T11:43:07.500000+00:00,1927,Ashwini,1.0
moon,nakshatra,,1927-11-25T20:43:07.500000+00:00,1927,Revati,4.0
moon,nakshatra,,1927-12-08T22:24:22.500000+00:00,1927,Ashwini,1.0
moon,nakshatra,,1927-12-23T03:45:00+00:00,1927,Revati,4.0
moon,nakshatra,,1928-01-05T08:15:00+00:00,1928,Ashwini,1.0
moon,nakshatra,,1928-01-19T10:58:07.500000+00:00,1928,Revati,4.0
moon,nakshatra,,1928-02-01T13:30:00+00:00,1928,Ashwini,1.0
moon,nakshatra,,1928-02-15T15:33:45+00:00,1928,Revati,4.0
moon,nakshatra,,1928-02-28T14:20:37.500000+00:00,1928,Ashwini,1.0
moon,nakshatra,,1928-03-13T17:37:30+00:00,1928,Revati,4.0
moon,nakshatra,,1928-03-26T15:28:07.500000+00:00,1928,Ashwini,1.0
moon,nakshatra,,1928-04-09T19:35:37.500000+00:00,1928,Revati,4.0
moon,nakshatra,,1928-04-22T21:05:37.500000+00:00,1928,Ashwini,1.0
moon,nakshatra,,1928-05-06T23:43:07.500000+00:00,1928,Revati,4.0
moon,nakshatra,,1928-05-20T06:50:37.500000+00:00,1928,Ashwini,1.0
moon,nakshatra,,1928-06-03T05:48:45+00:00,1928,Revati,4.0
moon,nakshatra,,1928-06-16T17:31:52.500000+00:00,1928,Ashwini,1.0
moon,nakshatra,,1928-06-30T12:05:37.500000+00:00,1928,Revati,4.0
moon,nakshatra,,1928-07-14T01:30:00+00:00,1928,Ashwini,1.0
moon,nakshatra,,1928-07-27T16:52:30+00:00,1928,Revati,4.0
moon,nakshatra,,1928-08-10T04:58:07.500000+00:00,1928,Ashwini,1.0
moon,nakshatra,,1928-08-23T19:35:37.500000+00:00,1928,Revati,4.0
moon,nakshatra,,1928-09-06T05:31:52.500000+00:00,1928,Ashwini,1.0
moon,nakshatra,,1928-09-19T21:39:22.500000+00:00,1928,Revati,4.0
moon,nakshatra,,1928-10-03T07:46:52.500000+00:00,1928,Ashwini,1.0
moon,nakshatra,,1928-10-17T01:18:45+00:00,1928,Revati,4.0
moon,nakshatra,,1928-10-30T15:00:00+00:00,1928,Ashwini,1.0
moon,nakshatra,,1928-11-13T07:07:30+00:00,1928,Revati,4.0
moon,nakshatra,,1928-11-27T02:03:45+00:00,1928,Ashwini,1.0
moon,nakshatra,,1928-12-10T13:24:22.500000+00:00,1928,Revati,4.0
moon,nakshatra,,1928-12-24T12:56:15+00:00,1928,Ashwini,1.0
moon,nakshatra,,1929-01-06T18:05:37.500000+00:00,1929,Revati,4.0
moon,nakshatra,,1929-01-20T19:07:30+00:00,1929,Ashwini,1.0
moon,nakshatra,,1929-02-02T20:20:37.500000+00:00,1929,Revati,4.0
moon,nakshatra,,1929-02-16T20:20:37.500000+00:00,1929,Ashwini,1.0
moon,nakshatra,,1929-03-01T22:13:07.500000+00:00,1929,Revati,4.0
moon,nakshatra,,1929-03-15T21:05:37.500000+00:00,1929,Ashwini,1.0
moon,nakshatra,,1929-03-29T02:20:37.500000+00:00,1929,Revati,4.0
moon,nakshatra,,1929-04-12T01:58:07.500000+00:00,1929,Ashwini,1.0
moon,nakshatra,,1929-04-25T08:48:45+00:00,1929,Revati,4.0
moon,nakshatra,,1929-05-09T11:09:22.500000+00:00,1929,Ashwini,1.0
moon,nakshatra,,1929-05-22T15:39:22.500000+00:00,1929,Revati,4.0
moon,nakshatra,,1929-06-05T21:39:22.500000+00:00,1929,Ashwini,1.0
moon,nakshatra,,1929-06-18T20:48:45+00:00,1929,Revati,4.0
moon,nakshatra,,1929-07-03T05:48:45+00:00,1929,Ashwini,1.0
moon,nakshatra,,1929-07-15T23:31:52.500000+00:00,1929,Revati,4.0
moon,nakshatra,,1929-07-30T09:39:22.500000+00:00,1929,Ashwini,1.0
moon,nakshatra,,1929-08-12T01:01:52.500000+00:00,1929,Revati,4.0
moon,nakshatra,,1929-08-26T10:30:00+00:00,1929,Ashwini,1.0
moon,nakshatra,,1929-09-08T04:13:07.500000+00:00,1929,Revati,4.0
moon,nakshatra,,1929-09-22T12:22:30+00:00,1929,Ashwini,1.0
moon,nakshatra,,1929-10-05T10:30:00+00:00,1929,Revati,4.0
moon,nakshatra,,1929-10-19T18:28:07.500000+00:00,1929,Ashwini,1.0
moon,nakshatra,,1929-11-01T18:39:22.500000+00:00,1929,Revati,4.0
moon,nakshatra,,1929-11-16T04:07:30+00:00,1929,Ashwini,1.0
moon,nakshatra,,1929-11-29T01:35:37.500000+00:00,1929,Revati,4.0
moon,nakshatra,,1929-12-13T13:58:07.500000+00:00,1929,Ashwini,1.0
moon,nakshatra,,1929-12-26T05:03:45+00:00,1929,Revati,4.0
moon,nakshatra,,1930-01-09T19:58:07.500000+00:00,1930,Ashwini,1.0
moon,nakshatra,,1930-01-22T05:54:22.500000+00:00,1930,Revati,4.0
moon,nakshatra,,1930-02-05T21:28:07.500000+00:00,1930,Ashwini,1.0
moon,nakshatra,,1930-02-18T08:03:45+00:00,1930,Revati,4.0
moon,nakshatra,,1930-03-04T22:18:45+00:00,1930,Ashwini,1.0
moon,nakshatra,,1930-03-17T14:20:37.500000+00:00,1930,Revati,4.0
moon,nakshatra,,1930-04-01T02:31:52.500000+00:00,1930,Ashwini,1.0
moon,nakshatra,,1930-04-13T23:31:52.500000+00:00,1930,Revati,4.0
moon,nakshatra,,1930-04-28T10:13:07.500000+00:00,1930,Ashwini,1.0
moon,nakshatra,,1930-05-11T08:03:45+00:00,1930,Revati,4.0
moon,nakshatra,,1930-05-25T18:50:37.500000+00:00,1930,Ashwini,1.0
moon,nakshatra,,1930-06-07T13:18:45+00:00,1930,Revati,4.0
moon,nakshatra,,1930-06-22T01:35:37.500000+00:00,1930,Ashwini,1.0
moon,nakshatra,,1930-07-04T15:05:37.500000+00:00,1930,Revati,4.0
moon,nakshatra,,1930-07-19T04:52:30+00:00,1930,Ashwini,1.0
moon,nakshatra,,1930-07-31T16:13:07.500000+00:00,1930,Revati,4.0
moon,nakshatra,,1930-08-15T06:11:15+00:00,1930,Ashwini,1.0
moon,nakshatra,,1930-08-27T20:15:00+00:00,1930,Revati,4.0
moon,nakshatra,,1930-09-11T08:37:30+00:00,1930,Ashwini,1.0
moon,nakshatra,,1930-09-24T04:35:37.500000+00:00,1930,Revati,4.0
moon,nakshatra,,1930-10-08T13:58:07.500000+00:00,1930,Ashwini,1.0
moon,nakshatra,,1930-10-21T14:54:22.500000+00:00,1930,Revati,4.0
moon,nakshatra,,1930-11-04T21:39:22.500000+00:00,1930,Ashwini,1.0
moon,nakshatra,,1930-11-17T23:20:37.500000+00:00,1930,Revati,4.0
moon,nakshatra,,1930-12-02T04:52:30+00:00,1930,Ashwini,1.0
moon,nakshatra,,1930-12-15T03:05:37.500000+00:00,1930,Revati,4.0
moon,nakshatra,,1930-12-29T09:05:37.500000+00:00,1930,Ashwini,1.0
moon,nakshatra,,1931-01-11T03:22:30+00:00,1931,Revati,4.0
moon,nakshatra,,1931-01-25T10:41:15+00:00,1931,Ashwini,1.0
moon,nakshatra,,1931-02-07T05:31:52.500000+00:00,1931,Revati,4.0
moon,nakshatra,,1931-02-21T12:45:00+00:00,1931,Ashwini,1.0
moon,nakshatra,,1931-03-06T12:50:37.500000+00:00,1931,Revati,4.0
moon,nakshatra,,1931-03-20T17:20:37.500000+00:00,1931,Ashwini,1.0
moon,nakshatra,,1931-04-02T23:43:07.500000+00:00,1931,Revati,4.0
moon,nakshatra,,1931-04-16T23:48:45+00:00,1931,Ashwini,1.0
moon,nakshatra,,1931-04-30T09:50:37.500000+00:00,1931,Revati,4.0
moon,nakshatra,,1931-05-14T06:05:37.500000+00:00,1931,Ashwini,1.0
moon,nakshatra,,1931-05-27T16:01:52.500000+00:00,1931,Revati,4.0
moon,nakshatra,,1931-06-10T10:18:45+00:00,1931,Ashwini,1.0
moon,nakshatra,,1931-06-23T17:48:45+00:00,1931,Revati,4.0
moon,nakshatra,,1931-07-07T12:39:22.500000+00:00,1931,Ashwini,1.0
moon,nakshatra,,1931-07-20T18:39:22.500000+00:00,1931,Revati,4.0
moon,nakshatra,,1931-08-03T15:00:00+00:00,1931,Ashwini,1.0
moon,nakshatra,,1931-08-16T22:41:15+00:00,1931,Revati,4.0
moon,nakshatra,,1931-08-30T19:07:30+00:00,1931,Ashwini,1.0
moon,nakshatra,,1931-09-13T07:18:45+00:00,1931,Revati,4.0
moon,nakshatra,,1931-09-27T01:07:30+00:00,1931,Ashwini,1.0
moon,nakshatra,,1931-10-10T18:22:30+00:00,1931,Revati,4.0
moon,nakshatra,,1931-10-24T07:18:45+00:00,1931,Ashwini,1.0
moon,nakshatra,,1931-11-07T04:01:52.500000+00:00,1931,Revati,4.0
moon,nakshatra,,1931-11-20T11:43:07.500000+00:00,1931,Ashwini,1.0
moon,nakshatra,,1931-12-04T08:37:30+00:00,1931,Revati,4.0
moon,nakshatra,,1931-12-17T13:58:07.500000+00:00,1931,Ashwini,1.0
moon,nakshatra,,1931-12-31T09:05:37.500000+00:00,1931,Revati,4.0
moon,nakshatra,,1932-01-13T15:56:15+00:00,1932,Ashwini,1.0
moon,nakshatra,,1932-01-27T10:35:37.500000+00:00,1932,Revati,4.0
moon,nakshatra,,1932-02-09T20:20:37.500000+00:00,1932,Ashwini,1.0
moon,nakshatra,,1932-02-23T17:15:00+00:00,1932,Revati,4.0
moon,nakshatra,,1932-03-08T02:54:22.500000+00:00,1932,Ashwini,1.0
moon,nakshatra,,1932-03-22T03:56:15+00:00,1932,Revati,4.0
moon,nakshatra,,1932-04-04T09:16:52.500000+00:00,1932,Ashwini,1.0
moon,nakshatra,,1932-04-18T14:26:15+00:00,1932,Revati,4.0
moon,nakshatra,,1932-05-01T13:35:37.500000+00:00,1932,Ashwini,1.0
moon,nakshatra,,1932-05-15T21:05:37.500000+00:00,1932,Revati,4.0
moon,nakshatra,,1932-05-28T15:45:00+00:00,1932,Ashwini,1.0
moon,nakshatra,,1932-06-11T23:20:37.500000+00:00,1932,Revati,4.0
moon,nakshatra,,1932-06-24T17:37:30+00:00,1932,Ashwini,1.0
moon,nakshatra,,1932-07-09T00:05:37.500000+00:00,1932,Revati,4.0
moon,nakshatra,,1932-07-21T21:45:00+00:00,1932,Ashwini,1.0
moon,nakshatra,,1932-08-05T03:28:07.500000+00:00,1932,Revati,4.0
moon,nakshatra,,1932-08-18T04:30:00+00:00,1932,Ashwini,1.0
moon,nakshatra,,1932-09-01T11:03:45+00:00,1932,Revati,4.0
moon,nakshatra,,1932-09-14T12:05:37.500000+00:00,1932,Ashwini,1.0
moon,nakshatra,,1932-09-28T21:11:15+00:00,1932,Revati,4.0
moon,nakshatra,,1932-10-11T18:05:37.500000+00:00,1932,Ashwini,1.0
moon,nakshatra,,1932-10-26T06:11:15+00:00,1932,Revati,4.0
moon,nakshatra,,1932-11-07T20:48:45+00:00,1932,Ashwini,1.0
moon,nakshatra,,1932-11-22T11:03:45+00:00,1932,Revati,4.0
moon,nakshatra,,1932-12-04T21:45:00+00:00,1932,Ashwini,1.0
moon,nakshatra,,1932-12-19T11:48:45+00:00,1932,Revati,4.0
moon,nakshatra,,1933-01-01T00:39:22.500000+00:00,1933,Ashwini,1.0
moon,nakshatra,,1933-01-15T13:13:07.500000+00:00,1933,Revati,4.0
moon,nakshatra,,1933-01-28T07:46:52.500000+00:00,1933,Ashwini,1.0
moon,nakshatra,,1933-02-11T18:45:00+00:00,1933,Revati,4.0
moon,nakshatra,,1933-02-24T16:52:30+00:00,1933,Ashwini,1.0
moon,nakshatra,,1933-03-11T03:39:22.500000+00:00,1933,Revati,4.0
moon,nakshatra,,1933-03-24T00:28:07.500000+00:00,1933,Ashwini,1.0
moon,nakshatra,,1933-04-07T12:33:45+00:00,1933,Revati,4.0
moon,nakshatra,,1933-04-20T04:07:30+00:00,1933,Ashwini,1.0
moon,nakshatra,,1933-05-04T18:22:30+00:00,1933,Revati,4.0
moon,nakshatra,,1933-05-17T05:09:22.500000+00:00,1933,Ashwini,1.0
moon,nakshatra,,1933-05-31T20:31:52.500000+00:00,1933,Revati,4.0
moon,nakshatra,,1933-06-13T07:07:30+00:00,1933,Ashwini,1.0
moon,nakshatra,,1933-06-27T21:45:00+00:00,1933,Revati,4.0
moon,nakshatra,,1933-07-10T12:45:00+00:00,1933,Ashwini,1.0
moon,nakshatra,,1933-07-25T01:07:30+00:00,1933,Revati,4.0
moon,nakshatra,,1933-08-06T21:50:37.500000+00:00,1933,Ashwini,1.0
moon,nakshatra,,1933-08-21T07:35:37.500000+00:00,1933,Revati,4.0
moon,nakshatra,,1933-09-03T07:30:00+00:00,1933,Ashwini,1.0
moon,nakshatra,,1933-09-17T15:33:45+00:00,1933,Revati,4.0
moon,nakshatra,,1933-09-30T14:20:37.500000+00:00,1933,Ashwini,1.0
moon,nakshatra,,1933-10-14T22:24:22.500000+00:00,1933,Revati,4.0
moon,nakshatra,,1933-10-27T16:46:52.500000+00:00,1933,Ashwini,1.0
moon,nakshatra,,1933-11-11T02:03:45+00:00,1933,Revati,4.0
moon,nakshatra,,1933-11-23T17:09:22.500000+00:00,1933,Ashwini,1.0
moon,nakshatra,,1933-12-08T03:16:52.500000+00:00,1933,Revati,4.0
moon,nakshatra,,1933-12-20T20:26:15+00:00,1933,Ashwini,1.0
moon,nakshatra,,1934-01-04T05:37:30+00:00,1934,Revati,4.0
moon,nakshatra,,1934-01-17T05:03:45+00:00,1934,Ashwini,1.0
moon,nakshatra,,1934-01-31T10:58:07.500000+00:00,1934,Revati,4.0
moon,nakshatra,,1934-02-13T16:13:07.500000+00:00,1934,Ashwini,1.0
moon,nakshatra,,1934-02-27T18:00:00+00:00,1934,Revati,4.0
moon,nakshatra,,1934-03-13T01:24:22.500000+00:00,1934,Ashwini,1.0
moon,nakshatra,,1934-03-27T00:11:15+00:00,1934,Revati,4.0
moon,nakshatra,,1934-04-09T05:37:30+00:00,1934,Ashwini,1.0
moon,nakshatra,,1934-04-23T03:56:15+00:00,1934,Revati,4.0
moon,nakshatra,,1934-05-06T06:22:30+00:00,1934,Ashwini,1.0
moon,nakshatra,,1934-05-20T05:54:22.500000+00:00,1934,Revati,4.0
moon,nakshatra,,1934-06-02T08:03:45+00:00,1934,Ashwini,1.0
moon,nakshatra,,1934-06-16T08:31:52.500000+00:00,1934,Revati,4.0
moon,nakshatra,,1934-06-29T14:03:45+00:00,1934,Ashwini,1.0
moon,nakshatra,,1934-07-13T13:07:30+00:00,1934,Revati,4.0
moon,nakshatra,,1934-07-27T00:00:00+00:00,1934,Ashwini,1.0
moon,nakshatra,,1934-08-09T19:13:07.500000+00:00,1934,Revati,4.0
moon,nakshatra,,1934-08-23T10:46:52.500000+00:00,1934,Ashwini,1.0
moon,nakshatra,,1934-09-06T01:07:30+00:00,1934,Revati,4.0
moon,nakshatra,,1934-09-19T18:45:00+00:00,1934,Ashwini,1.0
moon,nakshatra,,1934-10-03T05:15:00+00:00,1934,Revati,4.0
moon,nakshatra,,1934-10-16T21:45:00+00:00,1934,Ashwini,1.0
moon,nakshatra,,1934-10-30T07:24:22.500000+00:00,1934,Revati,4.0
moon,nakshatra,,1934-11-12T22:01:52.500000+00:00,1934,Ashwini,1.0
moon,nakshatra,,1934-11-26T09:45:00+00:00,1934,Revati,4.0
moon,nakshatra,,1934-12-10T00:50:37.500000+00:00,1934,Ashwini,1.0
moon,nakshatra,,1934-12-23T14:20:37.500000+00:00,1934,Revati,4.0
moon,nakshatra,,1935-01-06T09:00:00+00:00,1935,Ashwini,1.0
moon,nakshatra,,1935-01-19T20:54:22.500000+00:00,1935,Revati,4.0
moon,nakshatra,,1935-02-02T20:26:15+00:00,1935,Ashwini,1.0
moon,nakshatra,,1935-02-16T03:00:00+00:00,1935,Revati,4.0
moon,nakshatra,,1935-03-02T06:16:52.500000+00:00,1935,Ashwini,1.0
moon,nakshatra,,1935-03-15T06:45:00+00:00,1935,Revati,4.0
moon,nakshatra,,1935-03-29T11:20:37.500000+00:00,1935,Ashwini,1.0
moon,nakshatra,,1935-04-11T08:31:52.500000+00:00,1935,Revati,4.0
moon,nakshatra,,1935-04-25T12:16:52.500000+00:00,1935,Ashwini,1.0
moon,nakshatra,,1935-05-08T10:52:30+00:00,1935,Revati,4.0
moon,nakshatra,,1935-05-22T13:35:37.500000+00:00,1935,Ashwini,1.0
moon,nakshatra,,1935-06-04T15:45:00+00:00,1935,Revati,4.0
moon,nakshatra,,1935-06-18T18:50:37.500000+00:00,1935,Ashwini,1.0
moon,nakshatra,,1935-07-01T22:41:15+00:00,1935,Revati,4.0
moon,nakshatra,,1935-07-16T03:56:15+00:00,1935,Ashwini,1.0
moon,nakshatra,,1935-07-29T05:37:30+00:00,1935,Revati,4.0
moon,nakshatra,,1935-08-12T14:15:00+00:00,1935,Ashwini,1.0
moon,nakshatra,,1935-08-25T10:30:00+00:00,1935,Revati,4.0
moon,nakshatra,,1935-09-08T22:07:30+00:00,1935,Ashwini,1.0
moon,nakshatra,,1935-09-21T12:33:45+00:00,1935,Revati,4.0
moon,nakshatra,,1935-10-06T01:30:00+00:00,1935,Ashwini,1.0
moon,nakshatra,,1935-10-18T13:52:30+00:00,1935,Revati,4.0
moon,nakshatra,,1935-11-02T02:03:45+00:00,1935,Ashwini,1.0
moon,nakshatra,,1935-11-14T17:43:07.500000+00:00,1935,Revati,4.0
moon,nakshatra,,1935-11-29T04:18:45+00:00,1935,Ashwini,1.0
moon,nakshatra,,1935-12-12T01:13:07.500000+00:00,1935,Revati,4.0
moon,nakshatra,,1935-12-26T11:03:45+00:00,1935,Ashwini,1.0
moon,nakshatra,,1936-01-08T10:01:52.500000+00:00,1936,Revati,4.0
moon,nakshatra,,1936-01-22T20:48:45+00:00,1936,Ashwini,1.0
moon,nakshatra,,1936-02-04T16:35:37.500000+00:00,1936,Revati,4.0
moon,nakshatra,,1936-02-19T05:37:30+00:00,1936,Ashwini,1.0
moon,nakshatra,,1936-03-02T19:07:30+00:00,1936,Revati,4.0
moon,nakshatra,,1936-03-17T10:18:45+00:00,1936,Ashwini,1.0
moon,nakshatra,,1936-03-29T19:52:30+00:00,1936,Revati,4.0
moon,nakshatra,,1936-04-13T11:31:52.500000+00:00,1936,Ashwini,1.0
moon,nakshatra,,1936-04-25T22:52:30+00:00,1936,Revati,4.0
moon,nakshatra,,1936-05-10T13:01:52.500000+00:00,1936,Ashwini,1.0
moon,nakshatra,,1936-05-23T06:00:00+00:00,1936,Revati,4.0
moon,nakshatra,,1936-06-06T17:43:07.500000+00:00,1936,Ashwini,1.0
moon,nakshatra,,1936-06-19T15:16:52.500000+00:00,1936,Revati,4.0
moon,nakshatra,,1936-07-04T01:18:45+00:00,1936,Ashwini,1.0
moon,nakshatra,,1936-07-16T23:48:45+00:00,1936,Revati,4.0
moon,nakshatra,,1936-07-31T09:28:07.500000+00:00,1936,Ashwini,1.0
moon,nakshatra,,1936-08-13T04:46:52.500000+00:00,1936,Revati,4.0
moon,nakshatra,,1936-08-27T15:39:22.500000+00:00,1936,Ashwini,1.0
moon,nakshatra,,1936-09-09T06:16:52.500000+00:00,1936,Revati,4.0
moon,nakshatra,,1936-09-23T18:28:07.500000+00:00,1936,Ashwini,1.0
moon,nakshatra,,1936-10-06T07:13:07.500000+00:00,1936,Revati,4.0
moon,nakshatra,,1936-10-20T19:41:15+00:00,1936,Ashwini,1.0
moon,nakshatra,,1936-11-02T12:00:00+00:00,1936,Revati,4.0
moon,nakshatra,,1936-11-16T22:35:37.500000+00:00,1936,Ashwini,1.0
moon,nakshatra,,1936-11-29T21:28:07.500000+00:00,1936,Revati,4.0
moon,nakshatra,,1936-12-14T04:30:00+00:00,1936,Ashwini,1.0
moon,nakshatra,,1936-12-27T08:26:15+00:00,1936,Revati,4.0
moon,nakshatra,,1937-01-10T11:54:22.500000+00:00,1937,Ashwini,1.0
moon,nakshatra,,1937-01-23T16:18:45+00:00,1937,Revati,4.0
moon,nakshatra,,1937-02-06T18:00:00+00:00,1937,Ashwini,1.0
moon,nakshatra,,1937-02-19T19:01:52.500000+00:00,1937,Revati,4.0
moon,nakshatra,,1937-03-05T21:11:15+00:00,1937,Ashwini,1.0
moon,nakshatra,,1937-03-18T19:18:45+00:00,1937,Revati,4.0
moon,nakshatra,,1937-04-01T22:46:52.500000+00:00,1937,Ashwini,1.0
moon,nakshatra,,1937-04-14T22:24:22.500000+00:00,1937,Revati,4.0
moon,nakshatra,,1937-04-29T01:46:52.500000+00:00,1937,Ashwini,1.0
moon,nakshatra,,1937-05-12T06:16:52.500000+00:00,1937,Revati,4.0
moon,nakshatra,,1937-05-26T06:56:15+00:00,1937,Ashwini,1.0
moon,nakshatra,,1937-06-08T16:58:07.500000+00:00,1937,Revati,4.0
moon,nakshatra,,1937-06-22T13:24:22.500000+00:00,1937,Ashwini,1.0
moon,nakshatra,,1937-07-06T02:43:07.500000+00:00,1937,Revati,4.0
moon,nakshatra,,1937-07-19T19:07:30+00:00,1937,Ashwini,1.0
moon,nakshatra,,1937-08-02T08:37:30+00:00,1937,Revati,4.0
moon,nakshatra,,1937-08-15T22:46:52.500000+00:00,1937,Ashwini,1.0
moon,nakshatra,,1937-08-29T10:13:07.500000+00:00,1937,Revati,4.0
moon,nakshatra,,1937-09-12T00:56:15+00:00,1937,Ashwini,1.0
moon,nakshatra,,1937-09-25T10:58:07.500000+00:00,1937,Revati,4.0
moon,nakshatra,,1937-10-09T03:33:45+00:00,1937,Ashwini,1.0
moon,nakshatra,,1937-10-22T15:28:07.500000+00:00,1937,Revati,4.0
moon,nakshatra,,1937-11-05T08:20:37.500000+00:00,1937,Ashwini,1.0
moon,nakshatra,,1937-11-19T00:56:15+00:00,1937,Revati,4.0
moon,nakshatra,,1937-12-02T14:43:07.500000+00:00,1937,Ashwini,1.0
moon,nakshatra,,1937-12-16T12:33:45+00:00,1937,Revati,4.0
moon,nakshatra,,1937-12-29T20:26:15+00:00,1937,Ashwini,1.0
moon,nakshatra,,1938-01-12T21:28:07.500000+00:00,1938,Revati,4.0
moon,nakshatra,,1938-01-25T23:48:45+00:00,1938,Ashwini,1.0
moon,nakshatra,,1938-02-09T00:56:15+00:00,1938,Revati,4.0
moon,nakshatra,,1938-02-22T01:30:00+00:00,1938,Ashwini,1.0
moon,nakshatra,,1938-03-08T01:13:07.500000+00:00,1938,Revati,4.0
moon,nakshatra,,1938-03-21T04:13:07.500000+00:00,1938,Ashwini,1.0
moon,nakshatra,,1938-04-04T03:39:22.500000+00:00,1938,Revati,4.0
moon,nakshatra,,1938-04-17T09:39:22.500000+00:00,1938,Ashwini,1.0
moon,nakshatra,,1938-05-01T10:46:52.500000+00:00,1938,Revati,4.0
moon,nakshatra,,1938-05-14T16:41:15+00:00,1938,Ashwini,1.0
moon,nakshatra,,1938-05-28T21:00:00+00:00,1938,Revati,4.0
moon,nakshatra,,1938-06-10T22:58:07.500000+00:00,1938,Ashwini,1.0
moon,nakshatra,,1938-06-25T06:45:00+00:00,1938,Revati,4.0
moon,nakshatra,,1938-07-08T02:54:22.500000+00:00,1938,Ashwini,1.0
moon,nakshatra,,1938-07-22T12:56:15+00:00,1938,Revati,4.0
moon,nakshatra,,1938-08-04T04:41:15+00:00,1938,Ashwini,1.0
moon,nakshatra,,1938-08-18T15:00:00+00:00,1938,Revati,4.0
moon,nakshatra,,1938-08-31T06:39:22.500000+00:00,1938,Ashwini,1.0
moon,nakshatra,,1938-09-14T15:45:00+00:00,1938,Revati,4.0
moon,nakshatra,,1938-09-27T11:20:37.500000+00:00,1938,Ashwini,1.0
moon,nakshatra,,1938-10-11T19:24:22.500000+00:00,1938,Revati,4.0
moon,nakshatra,,1938-10-24T18:56:15+00:00,1938,Ashwini,1.0
moon,nakshatra,,1938-11-08T03:33:45+00:00,1938,Revati,4.0
moon,nakshatra,,1938-11-21T02:54:22.500000+00:00,1938,Ashwini,1.0
moon,nakshatra,,1938-12-05T13:46:52.500000+00:00,1938,Revati,4.0
moon,nakshatra,,1938-12-18T08:20:37.500000+00:00,1938,Ashwini,1.0
moon,nakshatra,,1939-01-01T22:07:30+00:00,1939,Revati,4.0
moon,nakshatra,,1939-01-14T10:07:30+00:00,1939,Ashwini,1.0
moon,nakshatra,,1939-01-29T01:41:15+00:00,1939,Revati,4.0
moon,nakshatra,,1939-02-10T10:58:07.500000+00:00,1939,Ashwini,1.0
moon,nakshatra,,1939-02-25T02:15:00+00:00,1939,Revati,4.0
moon,nakshatra,,1939-03-09T15:05:37.500000+00:00,1939,Ashwini,1.0
moon,nakshatra,,1939-03-24T04:24:22.500000+00:00,1939,Revati,4.0
moon,nakshatra,,1939-04-05T23:15:00+00:00,1939,Ashwini,1.0
moon,nakshatra,,1939-04-20T10:30:00+00:00,1939,Revati,4.0
moon,nakshatra,,1939-05-03T08:31:52.500000+00:00,1939,Ashwini,1.0
moon,nakshatra,,1939-05-17T19:01:52.500000+00:00,1939,Revati,4.0
moon,nakshatra,,1939-05-30T15:45:00+00:00,1939,Ashwini,1.0
moon,nakshatra,,1939-06-14T03:00:00+00:00,1939,Revati,4.0
moon,nakshatra,,1939-06-26T19:07:30+00:00,1939,Ashwini,1.0
moon,nakshatra,,1939-07-11T08:03:45+00:00,1939,Revati,4.0
moon,nakshatra,,1939-07-23T20:03:45+00:00,1939,Ashwini,1.0
moon,nakshatra,,1939-08-07T10:01:52.500000+00:00,1939,Revati,4.0
moon,nakshatra,,1939-08-19T22:13:07.500000+00:00,1939,Ashwini,1.0
moon,nakshatra,,1939-09-03T11:31:52.500000+00:00,1939,Revati,4.0
moon,nakshatra,,1939-09-16T04:24:22.500000+00:00,1939,Ashwini,1.0
moon,nakshatra,,1939-09-30T15:16:52.500000+00:00,1939,Revati,4.0
moon,nakshatra,,1939-10-13T14:09:22.500000+00:00,1939,Ashwini,1.0
moon,nakshatra,,1939-10-27T21:56:15+00:00,1939,Revati,4.0
moon,nakshatra,,1939-11-10T00:11:15+00:00,1939,Ashwini,1.0
moon,nakshatra,,1939-11-24T05:43:07.500000+00:00,1939,Revati,4.0
moon,nakshatra,,1939-12-07T06:33:45+00:00,1939,Ashwini,1.0
moon,nakshatra,,1939-12-21T11:37:30+00:00,1939,Revati,4.0
moon,nakshatra,,1940-01-03T08:03:45+00:00,1940,Ashwini,1.0
moon,nakshatra,,1940-01-17T14:15:00+00:00,1940,Revati,4.0
moon,nakshatra,,1940-01-30T08:31:52.500000+00:00,1940,Ashwini,1.0
moon,nakshatra,,1940-02-13T15:39:22.500000+00:00,1940,Revati,4.0
moon,nakshatra,,1940-02-26T13:07:30+00:00,1940,Ashwini,1.0
moon,nakshatra,,1940-03-11T18:56:15+00:00,1940,Revati,4.0
moon,nakshatra,,1940-03-24T22:35:37.500000+00:00,1940,Ashwini,1.0
moon,nakshatra,,1940-04-08T00:45:00+00:00,1940,Revati,4.0
moon,nakshatra,,1940-04-21T09:33:45+00:00,1940,Ashwini,1.0
moon,nakshatra,,1940-05-05T07:18:45+00:00,1940,Revati,4.0
moon,nakshatra,,1940-05-18T18:05:37.500000+00:00,1940,Ashwini,1.0
moon,nakshatra,,1940-06-01T12:39:22.500000+00:00,1940,Revati,4.0
moon,nakshatra,,1940-06-14T22:01:52.500000+00:00,1940,Ashwini,1.0
moon,nakshatra,,1940-06-28T15:50:37.500000+00:00,1940,Revati,4.0
moon,nakshatra,,1940-07-11T22:46:52.500000+00:00,1940,Ashwini,1.0
moon,nakshatra,,1940-07-25T17:54:22.500000+00:00,1940,Revati,4.0
moon,nakshatra,,1940-08-08T00:39:22.500000+00:00,1940,Ashwini,1.0
moon,nakshatra,,1940-08-21T21:00:00+00:00,1940,Revati,4.0
moon,nakshatra,,1940-09-04T06:56:15+00:00,1940,Ashwini,1.0
moon,nakshatra,,1940-09-18T02:09:22.500000+00:00,1940,Revati,4.0
moon,nakshatra,,1940-10-01T17:15:00+00:00,1940,Ashwini,1.0
moon,nakshatra,,1940-10-15T08:26:15+00:00,1940,Revati,4.0
moon,nakshatra,,1940-10-29T04:13:07.500000+00:00,1940,Ashwini,1.0
moon,nakshatra,,1940-11-11T13:58:07.500000+00:00,1940,Revati,4.0
moon,nakshatra,,1940-11-25T11:37:30+00:00,1940,Ashwini,1.0
moon,nakshatra,,1940-12-08T17:09:22.500000+00:00,1940,Revati,4.0
moon,nakshatra,,1940-12-22T13:46:52.500000+00:00,1940,Ashwini,1.0
moon,nakshatra,,1941-01-04T18:50:37.500000+00:00,1941,Revati,4.0
moon,nakshatra,,1941-01-18T13:58:07.500000+00:00,1941,Ashwini,1.0
moon,nakshatra,,1941-01-31T21:56:15+00:00,1941,Revati,4.0
moon,nakshatra,,1941-02-14T17:48:45+00:00,1941,Ashwini,1.0
moon,nakshatra,,1941-02-28T03:33:45+00:00,1941,Revati,4.0
moon,nakshatra,,1941-03-14T02:48:45+00:00,1941,Ashwini,1.0
moon,nakshatra,,1941-03-27T10:24:22.500000+00:00,1941,Revati,4.0
moon,nakshatra,,1941-04-10T13:52:30+00:00,1941,Ashwini,1.0
moon,nakshatra,,1941-04-23T15:56:15+00:00,1941,Revati,4.0
moon,nakshatra,,1941-05-07T22:46:52.500000+00:00,1941,Ashwini,1.0
moon,nakshatra,,1941-05-20T19:01:52.500000+00:00,1941,Revati,4.0
moon,nakshatra,,1941-06-04T03:11:15+00:00,1941,Ashwini,1.0
moon,nakshatra,,1941-06-16T20:43:07.500000+00:00,1941,Revati,4.0
moon,nakshatra,,1941-07-01T04:07:30+00:00,1941,Ashwini,1.0
moon,nakshatra,,1941-07-13T23:26:15+00:00,1941,Revati,4.0
moon,nakshatra,,1941-07-28T05:43:07.500000+00:00,1941,Ashwini,1.0
moon,nakshatra,,1941-08-10T04:58:07.500000+00:00,1941,Revati,4.0
moon,nakshatra,,1941-08-24T11:09:22.500000+00:00,1941,Ashwini,1.0
moon,nakshatra,,1941-09-06T12:33:45+00:00,1941,Revati,4.0
moon,nakshatra,,1941-09-20T20:20:37.500000+00:00,1941,Ashwini,1.0
moon,nakshatra,,1941-10-03T19:41:15+00:00,1941,Revati,4.0
moon,nakshatra,,1941-10-18T06:22:30+00:00,1941,Ashwini,1.0
moon,nakshatra,,1941-10-31T00:05:37.500000+00:00,1941,Revati,4.0
moon,nakshatra,,1941-11-14T13:41:15+00:00,1941,Ashwini,1.0
moon,nakshatra,,1941-11-27T01:30:00+00:00,1941,Revati,4.0
moon,nakshatra,,1941-12-11T16:07:30+00:00,1941,Ashwini,1.0
moon,nakshatra,,1941-12-24T02:54:22.500000+00:00,1941,Revati,4.0
moon,nakshatra,,1942-01-07T16:30:00+00:00,1942,Ashwini,1.0
moon,nakshatra,,1942-01-20T07:58:07.500000+00:00,1942,Revati,4.0
moon,nakshatra,,1942-02-03T19:41:15+00:00,1942,Ashwini,1.0
moon,nakshatra,,1942-02-16T16:30:00+00:00,1942,Revati,4.0
moon,nakshatra,,1942-03-03T03:11:15+00:00,1942,Ashwini,1.0
moon,nakshatra,,1942-03-16T01:18:45+00:00,1942,Revati,4.0
moon,nakshatra,,1942-03-30T12:33:45+00:00,1942,Ashwini,1.0
moon,nakshatra,,1942-04-12T07:07:30+00:00,1942,Revati,4.0
moon,nakshatra,,1942-04-26T20:09:22.500000+00:00,1942,Ashwini,1.0
moon,nakshatra,,1942-05-09T09:11:15+00:00,1942,Revati,4.0
moon,nakshatra,,1942-05-24T00:00:00+00:00,1942,Ashwini,1.0
moon,nakshatra,,1942-06-05T10:07:30+00:00,1942,Revati,4.0
moon,nakshatra,,1942-06-20T01:18:45+00:00,1942,Ashwini,1.0
moon,nakshatra,,1942-07-02T13:41:15+00:00,1942,Revati,4.0
moon,nakshatra,,1942-07-17T03:16:52.500000+00:00,1942,Ashwini,1.0
moon,nakshatra,,1942-07-29T21:16:52.500000+00:00,1942,Revati,4.0
moon,nakshatra,,1942-08-13T08:09:22.500000+00:00,1942,Ashwini,1.0
moon,nakshatra,,1942-08-26T07:01:52.500000+00:00,1942,Revati,4.0
moon,nakshatra,,1942-09-09T15:33:45+00:00,1942,Ashwini,1.0
moon,nakshatra,,1942-09-22T15:45:00+00:00,1942,Revati,4.0
moon,nakshatra,,1942-10-06T23:20:37.500000+00:00,1942,Ashwini,1.0
moon,nakshatra,,1942-10-19T20:31:52.500000+00:00,1942,Revati,4.0
moon,nakshatra,,1942-11-03T04:41:15+00:00,1942,Ashwini,1.0
moon,nakshatra,,1942-11-15T21:22:30+00:00,1942,Revati,4.0
moon,nakshatra,,1942-11-30T06:50:37.500000+00:00,1942,Ashwini,1.0
moon,nakshatra,,1942-12-12T22:30:00+00:00,1942,Revati,4.0
moon,nakshatra,,1942-12-27T08:09:22.500000+00:00,1942,Ashwini,1.0
moon,nakshatra,,1943-01-09T04:30:00+00:00,1943,Revati,4.0
moon,nakshatra,,1943-01-23T12:00:00+00:00,1943,Ashwini,1.0
moon,nakshatra,,1943-02-05T14:54:22.500000+00:00,1943,Revati,4.0
moon,nakshatra,,1943-02-19T18:22:30+00:00,1943,Ashwini,1.0
moon,nakshatra,,1943-03-05T01:41:15+00:00,1943,Revati,4.0
moon,nakshatra,,1943-03-19T01:18:45+00:00,1943,Ashwini,1.0
moon,nakshatra,,1943-04-01T08:31:52.500000+00:00,1943,Revati,4.0
moon,nakshatra,,1943-04-15T06:22:30+00:00,1943,Ashwini,1.0
moon,nakshatra,,1943-04-28T10:41:15+00:00,1943,Revati,4.0
moon,nakshatra,,1943-05-12T08:54:22.500000+00:00,1943,Ashwini,1.0
moon,nakshatra,,1943-05-25T11:20:37.500000+00:00,1943,Revati,4.0
moon,nakshatra,,1943-06-08T10:58:07.500000+00:00,1943,Ashwini,1.0
moon,nakshatra,,1943-06-21T14:54:22.500000+00:00,1943,Revati,4.0
moon,nakshatra,,1943-07-05T14:31:52.500000+00:00,1943,Ashwini,1.0
moon,nakshatra,,1943-07-18T22:58:07.500000+00:00,1943,Revati,4.0
moon,nakshatra,,1943-08-01T20:03:45+00:00,1943,Ashwini,1.0
moon,nakshatra,,1943-08-15T09:50:37.500000+00:00,1943,Revati,4.0
moon,nakshatra,,1943-08-29T02:15:00+00:00,1943,Ashwini,1.0
moon,nakshatra,,1943-09-11T19:41:15+00:00,1943,Revati,4.0
moon,nakshatra,,1943-09-25T07:24:22.500000+00:00,1943,Ashwini,1.0
moon,nakshatra,,1943-10-09T01:18:45+00:00,1943,Revati,4.0
moon,nakshatra,,1943-10-22T10:18:45+00:00,1943,Ashwini,1.0
moon,nakshatra,,1943-11-05T02:26:15+00:00,1943,Revati,4.0
moon,nakshatra,,1943-11-18T12:11:15+00:00,1943,Ashwini,1.0
moon,nakshatra,,1943-12-02T03:11:15+00:00,1943,Revati,4.0
moon,nakshatra,,1943-12-15T15:33:45+00:00,1943,Ashwini,1.0
moon,nakshatra,,1943-12-29T08:37:30+00:00,1943,Revati,4.0
moon,nakshatra,,1944-01-11T21:22:30+00:00,1944,Ashwini,1.0
moon,nakshatra,,1944-01-25T18:56:15+00:00,1944,Revati,4.0
moon,nakshatra,,1944-02-08T04:01:52.500000+00:00,1944,Ashwini,1.0
moon,nakshatra,,1944-02-22T06:05:37.500000+00:00,1944,Revati,4.0
moon,nakshatra,,1944-03-06T09:05:37.500000+00:00,1944,Ashwini,1.0
moon,nakshatra,,1944-03-20T13:46:52.500000+00:00,1944,Revati,4.0
moon,nakshatra,,1944-04-02T11:43:07.500000+00:00,1944,Ashwini,1.0
moon,nakshatra,,1944-04-16T16:24:22.500000+00:00,1944,Revati,4.0
moon,nakshatra,,1944-04-29T13:24:22.500000+00:00,1944,Ashwini,1.0
moon,nakshatra,,1944-05-13T16:58:07.500000+00:00,1944,Revati,4.0
moon,nakshatra,,1944-05-26T16:52:30+00:00,1944,Ashwini,1.0
moon,nakshatra,,1944-06-09T19:58:07.500000+00:00,1944,Revati,4.0
moon,nakshatra,,1944-06-22T22:58:07.500000+00:00,1944,Ashwini,1.0
moon,nakshatra,,1944-07-07T03:16:52.500000+00:00,1944,Revati,4.0
moon,nakshatra,,1944-07-20T06:11:15+00:00,1944,Ashwini,1.0
moon,nakshatra,,1944-08-03T13:18:45+00:00,1944,Revati,4.0
moon,nakshatra,,1944-08-16T12:22:30+00:00,1944,Ashwini,1.0
moon,nakshatra,,1944-08-30T22:52:30+00:00,1944,Revati,4.0
moon,nakshatra,,1944-09-12T15:50:37.500000+00:00,1944,Ashwini,1.0
moon,nakshatra,,1944-09-27T04:35:37.500000+00:00,1944,Revati,4.0
moon,nakshatra,,1944-10-09T17:09:22.500000+00:00,1944,Ashwini,1.0
moon,nakshatra,,1944-10-24T06:05:37.500000+00:00,1944,Revati,4.0
moon,nakshatra,,1944-11-05T19:18:45+00:00,1944,Ashwini,1.0
moon,nakshatra,,1944-11-20T06:56:15+00:00,1944,Revati,4.0
moon,nakshatra,,1944-12-03T01:07:30+00:00,1944,Ashwini,1.0
moon,nakshatra,,1944-12-17T11:20:37.500000+00:00,1944,Revati,4.0
moon,nakshatra,,1944-12-30T09:45:00+00:00,1944,Ashwini,1.0
moon,nakshatra,,1945-01-13T19:58:07.500000+00:00,1945,Revati,4.0
moon,nakshatra,,1945-01-26T17:48:45+00:00,1945,Ashwini,1.0
moon,nakshatra,,1945-02-10T05:43:07.500000+00:00,1945,Revati,4.0
moon,nakshatra,,1945-02-22T22:24:22.500000+00:00,1945,Ashwini,1.0
moon,nakshatra,,1945-03-09T12:33:45+00:00,1945,Revati,4.0
moon,nakshatra,,1945-03-21T23:37:30+00:00,1945,Ashwini,1.0
moon,nakshatra,,1945-04-05T15:11:15+00:00,1945,Revati,4.0
moon,nakshatra,,1945-04-18T01:01:52.500000+00:00,1945,Ashwini,1.0
moon,nakshatra,,1945-05-02T16:07:30+00:00,1945,Revati,4.0
moon,nakshatra,,1945-05-15T06:05:37.500000+00:00,1945,Ashwini,1.0
moon,nakshatra,,1945-05-29T19:01:52.500000+00:00,1945,Revati,4.0
moon,nakshatra,,1945-06-11T14:37:30+00:00,1945,Ashwini,1.0
moon,nakshatra,,1945-06-26T01:18:45+00:00,1945,Revati,4.0
moon,nakshatra,,1945-07-09T00:00:00+00:00,1945,Ashwini,1.0
moon,nakshatra,,1945-07-23T09:28:07.500000+00:00,1945,Revati,4.0
moon,nakshatra,,1945-08-05T07:01:52.500000+00:00,1945,Ashwini,1.0
moon,nakshatra,,1945-08-19T16:52:30+00:00,1945,Revati,4.0
moon,nakshatra,,1945-09-01T10:07:30+00:00,1945,Ashwini,1.0
moon,nakshatra,,1945-09-15T21:22:30+00:00,1945,Revati,4.0
moon,nakshatra,,1945-09-28T10:46:52.500000+00:00,1945,Ashwini,1.0
moon,nakshatra,,1945-10-12T23:03:45+00:00,1945,Revati,4.0
moon,nakshatra,,1945-10-25T13:13:07.500000+00:00,1945,Ashwini,1.0
moon,nakshatra,,1945-11-09T00:45:00+00:00,1945,Revati,4.0
moon,nakshatra,,1945-11-21T20:26:15+00:00,1945,Ashwini,1.0
moon,nakshatra,,1945-12-06T05:03:45+00:00,1945,Revati,4.0
moon,nakshatra,,1945-12-19T07:18:45+00:00,1945,Ashwini,1.0
moon,nakshatra,,1946-01-02T12:05:37.500000+00:00,1946,Revati,4.0
moon,nakshatra,,1946-01-15T17:15:00+00:00,1946,Ashwini,1.0
moon,nakshatra,,1946-01-29T19:07:30+00:00,1946,Revati,4.0
moon,nakshatra,,1946-02-11T22:35:37.500000+00:00,1946,Ashwini,1.0
moon,nakshatra,,1946-02-25T23:43:07.500000+00:00,1946,Revati,4.0
moon,nakshatra,,1946-03-10T23:31:52.500000+00:00,1946,Ashwini,1.0
moon,nakshatra,,1946-03-25T01:46:52.500000+00:00,1946,Revati,4.0
moon,nakshatra,,1946-04-07T00:39:22.500000+00:00,1946,Ashwini,1.0
moon,nakshatra,,1946-04-21T03:50:37.500000+00:00,1946,Revati,4.0
moon,nakshatra,,1946-05-04T06:00:00+00:00,1946,Ashwini,1.0
moon,nakshatra,,1946-05-18T07:58:07.500000+00:00,1946,Revati,4.0
moon,nakshatra,,1946-05-31T15:39:22.500000+00:00,1946,Ashwini,1.0
moon,nakshatra,,1946-06-14T13:58:07.500000+00:00,1946,Revati,4.0
moon,nakshatra,,1946-06-28T02:20:37.500000+00:00,1946,Ashwini,1.0
moon,nakshatra,,1946-07-11T20:15:00+00:00,1946,Revati,4.0
moon,nakshatra,,1946-07-25T10:35:37.500000+00:00,1946,Ashwini,1.0
moon,nakshatra,,1946-08-08T01:01:52.500000+00:00,1946,Revati,4.0
moon,nakshatra,,1946-08-21T14:15:00+00:00,1946,Ashwini,1.0
moon,nakshatra,,1946-09-04T03:45:00+00:00,1946,Revati,4.0
moon,nakshatra,,1946-09-17T14:48:45+00:00,1946,Ashwini,1.0
moon,nakshatra,,1946-10-01T05:48:45+00:00,1946,Revati,4.0
moon,nakshatra,,1946-10-14T16:52:30+00:00,1946,Ashwini,1.0
moon,nakshatra,,1946-10-28T09:28:07.500000+00:00,1946,Revati,4.0
moon,nakshatra,,1946-11-10T23:54:22.500000+00:00,1946,Ashwini,1.0
moon,nakshatra,,1946-11-24T15:16:52.500000+00:00,1946,Revati,4.0
moon,nakshatra,,1946-12-08T11:03:45+00:00,1946,Ashwini,1.0
moon,nakshatra,,1946-12-21T21:39:22.500000+00:00,1946,Revati,4.0
moon,nakshatra,,1947-01-04T21:56:15+00:00,1947,Ashwini,1.0
moon,nakshatra,,1947-01-18T02:15:00+00:00,1947,Revati,4.0
moon,nakshatra,,1947-02-01T04:13:07.500000+00:00,1947,Ashwini,1.0
moon,nakshatra,,1947-02-14T04:30:00+00:00,1947,Revati,4.0
moon,nakshatra,,1947-02-28T05:31:52.500000+00:00,1947,Ashwini,1.0
moon,nakshatra,,1947-03-13T06:22:30+00:00,1947,Revati,4.0
moon,nakshatra,,1947-03-27T06:16:52.500000+00:00,1947,Ashwini,1.0
moon,nakshatra,,1947-04-09T10:30:00+00:00,1947,Revati,4.0
moon,nakshatra,,1947-04-23T10:58:07.500000+00:00,1947,Ashwini,1.0
moon,nakshatra,,1947-05-06T16:58:07.500000+00:00,1947,Revati,4.0
moon,nakshatra,,1947-05-20T19:58:07.500000+00:00,1947,Ashwini,1.0
moon,nakshatra,,1947-06-02T23:54:22.500000+00:00,1947,Revati,4.0
moon,nakshatra,,1947-06-17T06:22:30+00:00,1947,Ashwini,1.0
moon,nakshatra,,1947-06-30T05:09:22.500000+00:00,1947,Revati,4.0
moon,nakshatra,,1947-07-14T14:37:30+00:00,1947,Ashwini,1.0
moon,nakshatra,,1947-07-27T07:52:30+00:00,1947,Revati,4.0
moon,nakshatra,,1947-08-10T18:39:22.500000+00:00,1947,Ashwini,1.0
moon,nakshatra,,1947-08-23T09:22:30+00:00,1947,Revati,4.0
moon,nakshatra,,1947-09-06T19:30:00+00:00,1947,Ashwini,1.0
moon,nakshatra,,1947-09-19T12:28:07.500000+00:00,1947,Revati,4.0
moon,nakshatra,,1947-10-03T21:16:52.500000+00:00,1947,Ashwini,1.0
moon,nakshatra,,1947-10-16T18:50:37.500000+00:00,1947,Revati,4.0
moon,nakshatra,,1947-10-31T03:11:15+00:00,1947,Ashwini,1.0
moon,nakshatra,,1947-11-13T03:05:37.500000+00:00,1947,Revati,4.0
moon,nakshatra,,1947-11-27T12:50:37.500000+00:00,1947,Ashwini,1.0
moon,nakshatra,,1947-12-10T10:07:30+00:00,1947,Revati,4.0
moon,nakshatra,,1947-12-24T22:35:37.500000+00:00,1947,Ashwini,1.0
moon,nakshatra,,1948-01-06T13:41:15+00:00,1948,Revati,4.0
moon,nakshatra,,1948-01-21T04:35:37.500000+00:00,1948,Ashwini,1.0
moon,nakshatra,,1948-02-02T14:26:15+00:00,1948,Revati,4.0
moon,nakshatra,,1948-02-17T06:11:15+00:00,1948,Ashwini,1.0
moon,nakshatra,,1948-02-29T16:35:37.500000+00:00,1948,Revati,4.0
moon,nakshatra,,1948-03-15T07:01:52.500000+00:00,1948,Ashwini,1.0
moon,nakshatra,,1948-03-27T22:52:30+00:00,1948,Revati,4.0
moon,nakshatra,,1948-04-11T11:09:22.500000+00:00,1948,Ashwini,1.0
moon,nakshatra,,1948-04-24T08:03:45+00:00,1948,Revati,4.0
moon,nakshatra,,1948-05-08T18:39:22.500000+00:00,1948,Ashwini,1.0
moon,nakshatra,,1948-05-21T16:41:15+00:00,1948,Revati,4.0
moon,nakshatra,,1948-06-05T03:11:15+00:00,1948,Ashwini,1.0
moon,nakshatra,,1948-06-17T22:07:30+00:00,1948,Revati,4.0
moon,nakshatra,,1948-07-02T09:56:15+00:00,1948,Ashwini,1.0
moon,nakshatra,,1948-07-15T00:00:00+00:00,1948,Revati,4.0
moon,nakshatra,,1948-07-29T13:24:22.500000+00:00,1948,Ashwini,1.0
moon,nakshatra,,1948-08-11T01:01:52.500000+00:00,1948,Revati,4.0
moon,nakshatra,,1948-08-25T14:43:07.500000+00:00,1948,Ashwini,1.0
moon,nakshatra,,1948-09-07T04:58:07.500000+00:00,1948,Revati,4.0
moon,nakshatra,,1948-09-21T17:03:45+00:00,1948,Ashwini,1.0
moon,nakshatra,,1948-10-04T13:13:07.500000+00:00,1948,Revati,4.0
moon,nakshatra,,1948-10-18T22:18:45+00:00,1948,Ashwini,1.0
moon,nakshatra,,1948-10-31T23:43:07.500000+00:00,1948,Revati,4.0
moon,nakshatra,,1948-11-15T05:54:22.500000+00:00,1948,Ashwini,1.0
moon,nakshatra,,1948-11-28T08:20:37.500000+00:00,1948,Revati,4.0
moon,nakshatra,,1948-12-12T13:01:52.500000+00:00,1948,Ashwini,1.0
moon,nakshatra,,1948-12-25T12:11:15+00:00,1948,Revati,4.0
moon,nakshatra,,1949-01-08T17:15:00+00:00,1949,Ashwini,1.0
moon,nakshatra,,1949-01-21T12:28:07.500000+00:00,1949,Revati,4.0
moon,nakshatra,,1949-02-04T18:50:37.500000+00:00,1949,Ashwini,1.0
moon,nakshatra,,1949-02-17T14:31:52.500000+00:00,1949,Revati,4.0
moon,nakshatra,,1949-03-03T20:54:22.500000+00:00,1949,Ashwini,1.0
moon,nakshatra,,1949-03-16T21:45:00+00:00,1949,Revati,4.0
moon,nakshatra,,1949-03-31T01:35:37.500000+00:00,1949,Ashwini,1.0
moon,nakshatra,,1949-04-13T08:26:15+00:00,1949,Revati,4.0
moon,nakshatra,,1949-04-27T08:03:45+00:00,1949,Ashwini,1.0
moon,nakshatra,,1949-05-10T18:39:22.500000+00:00,1949,Revati,4.0
moon,nakshatra,,1949-05-24T14:09:22.500000+00:00,1949,Ashwini,1.0
moon,nakshatra,,1949-06-07T01:01:52.500000+00:00,1949,Revati,4.0
moon,nakshatra,,1949-06-20T18:22:30+00:00,1949,Ashwini,1.0
moon,nakshatra,,1949-07-04T03:05:37.500000+00:00,1949,Revati,4.0
moon,nakshatra,,1949-07-17T20:48:45+00:00,1949,Ashwini,1.0
moon,nakshatra,,1949-07-31T03:50:37.500000+00:00,1949,Revati,4.0
moon,nakshatra,,1949-08-13T23:09:22.500000+00:00,1949,Ashwini,1.0
moon,nakshatra,,1949-08-27T07:35:37.500000+00:00,1949,Revati,4.0
moon,nakshatra,,1949-09-10T03:16:52.500000+00:00,1949,Ashwini,1.0
moon,nakshatra,,1949-09-23T16:07:30+00:00,1949,Revati,4.0
moon,nakshatra,,1949-10-07T09:16:52.500000+00:00,1949,Ashwini,1.0
moon,nakshatra,,1949-10-21T03:16:52.500000+00:00,1949,Revati,4.0
moon,nakshatra,,1949-11-03T15:28:07.500000+00:00,1949,Ashwini,1.0
moon,nakshatra,,1949-11-17T13:01:52.500000+00:00,1949,Revati,4.0
moon,nakshatra,,1949-11-30T19:52:30+00:00,1949,Ashwini,1.0
moon,nakshatra,,1949-12-14T17:48:45+00:00,1949,Revati,4.0
moon,nakshatra,,1949-12-27T21:56:15+00:00,1949,Ashwini,1.0
moon,nakshatra,,1950-01-10T18:11:15+00:00,1950,Revati,4.0
moon,nakshatra,,1950-01-24T00:00:00+00:00,1950,Ashwini,1.0
moon,nakshatra,,1950-02-06T19:41:15+00:00,1950,Revati,4.0
moon,nakshatra,,1950-02-20T04:30:00+00:00,1950,Ashwini,1.0
moon,nakshatra,,1950-03-06T02:15:00+00:00,1950,Revati,4.0
moon,nakshatra,,1950-03-19T11:03:45+00:00,1950,Ashwini,1.0
moon,nakshatra,,1950-04-02T12:39:22.500000+00:00,1950,Revati,4.0
moon,nakshatra,,1950-04-15T17:31:52.500000+00:00,1950,Ashwini,1.0
moon,nakshatra,,1950-04-29T23:09:22.500000+00:00,1950,Revati,4.0
moon,nakshatra,,1950-05-12T21:50:37.500000+00:00,1950,Ashwini,1.0
moon,nakshatra,,1950-05-27T06:00:00+00:00,1950,Revati,4.0
moon,nakshatra,,1950-06-09T00:00:00+00:00,1950,Ashwini,1.0
moon,nakshatra,,1950-06-23T08:20:37.500000+00:00,1950,Revati,4.0
moon,nakshatra,,1950-07-06T01:52:30+00:00,1950,Ashwini,1.0
moon,nakshatra,,1950-07-20T09:05:37.500000+00:00,1950,Revati,4.0
moon,nakshatra,,1950-08-02T05:54:22.500000+00:00,1950,Ashwini,1.0
moon,nakshatra,,1950-08-16T12:16:52.500000+00:00,1950,Revati,4.0
moon,nakshatra,,1950-08-29T12:45:00+00:00,1950,Ashwini,1.0
moon,nakshatra,,1950-09-12T19:41:15+00:00,1950,Revati,4.0
moon,nakshatra,,1950-09-25T20:26:15+00:00,1950,Ashwini,1.0
moon,nakshatra,,1950-10-10T05:48:45+00:00,1950,Revati,4.0
moon,nakshatra,,1950-10-23T02:31:52.500000+00:00,1950,Ashwini,1.0
moon,nakshatra,,1950-11-06T14:54:22.500000+00:00,1950,Revati,4.0
moon,nakshatra,,1950-11-19T05:20:37.500000+00:00,1950,Ashwini,1.0
moon,nakshatra,,1950-12-03T19:46:52.500000+00:00,1950,Revati,4.0
moon,nakshatra,,1950-12-16T06:05:37.500000+00:00,1950,Ashwini,1.0
moon,nakshatra,,1950-12-30T20:37:30+00:00,1950,Revati,4.0
moon,nakshatra,,1951-01-12T09:05:37.500000+00:00,1951,Ashwini,1.0
moon,nakshatra,,1951-01-26T21:56:15+00:00,1951,Revati,4.0
moon,nakshatra,,1951-02-08T16:13:07.500000+00:00,1951,Ashwini,1.0
moon,nakshatra,,1951-02-23T03:22:30+00:00,1951,Revati,4.0
moon,nakshatra,,1951-03-08T01:24:22.500000+00:00,1951,Ashwini,1.0
moon,nakshatra,,1951-03-22T12:11:15+00:00,1951,Revati,4.0
moon,nakshatra,,1951-04-04T09:00:00+00:00,1951,Ashwini,1.0
moon,nakshatra,,1951-04-18T21:00:00+00:00,1951,Revati,4.0
moon,nakshatra,,1951-05-01T12:50:37.500000+00:00,1951,Ashwini,1.0
moon,nakshatra,,1951-05-16T02:48:45+00:00,1951,Revati,4.0
moon,nakshatra,,1951-05-28T13:58:07.500000+00:00,1951,Ashwini,1.0
moon,nakshatra,,1951-06-12T05:03:45+00:00,1951,Revati,4.0
moon,nakshatra,,1951-06-24T15:45:00+00:00,1951,Ashwini,1.0
moon,nakshatra,,1951-07-09T06:22:30+00:00,1951,Revati,4.0
moon,nakshatra,,1951-07-21T21:16:52.500000+00:00,1951,Ashwini,1.0
moon,nakshatra,,1951-08-05T09:33:45+00:00,1951,Revati,4.0
moon,nakshatra,,1951-08-18T06:22:30+00:00,1951,Ashwini,1.0
moon,nakshatra,,1951-09-01T15:50:37.500000+00:00,1951,Revati,4.0
moon,nakshatra,,1951-09-14T16:07:30+00:00,1951,Ashwini,1.0
moon,nakshatra,,1951-09-28T23:48:45+00:00,1951,Revati,4.0
moon,nakshatra,,1951-10-11T23:15:00+00:00,1951,Ashwini,1.0
moon,nakshatra,,1951-10-26T06:39:22.500000+00:00,1951,Revati,4.0
moon,nakshatra,,1951-11-08T01:46:52.500000+00:00,1951,Ashwini,1.0
moon,nakshatra,,1951-11-22T10:13:07.500000+00:00,1951,Revati,4.0
moon,nakshatra,,1951-12-05T02:03:45+00:00,1951,Ashwini,1.0
moon,nakshatra,,1951-12-19T11:31:52.500000+00:00,1951,Revati,4.0
moon,nakshatra,,1952-01-01T05:20:37.500000+00:00,1952,Ashwini,1.0
moon,nakshatra,,1952-01-15T13:52:30+00:00,1952,Revati,4.0
moon,nakshatra,,1952-01-28T13:52:30+00:00,1952,Ashwini,1.0
moon,nakshatra,,1952-02-11T19:13:07.500000+00:00,1952,Revati,4.0
moon,nakshatra,,1952-02-25T01:01:52.500000+00:00,1952,Ashwini,1.0
moon,nakshatra,,1952-03-10T02:09:22.500000+00:00,1952,Revati,4.0
moon,nakshatra,,1952-03-23T10:18:45+00:00,1952,Ashwini,1.0
moon,nakshatra,,1952-04-06T08:15:00+00:00,1952,Revati,4.0
moon,nakshatra,,1952-04-19T14:43:07.500000+00:00,1952,Ashwini,1.0
moon,nakshatra,,1952-05-03T12:00:00+00:00,1952,Revati,4.0
moon,nakshatra,,1952-05-16T15:33:45+00:00,1952,Ashwini,1.0
moon,nakshatra,,1952-05-30T14:03:45+00:00,1952,Revati,4.0
moon,nakshatra,,1952-06-12T17:09:22.500000+00:00,1952,Ashwini,1.0
moon,nakshatra,,1952-06-26T16:41:15+00:00,1952,Revati,4.0
moon,nakshatra,,1952-07-09T22:58:07.500000+00:00,1952,Ashwini,1.0
moon,nakshatra,,1952-07-23T21:16:52.500000+00:00,1952,Revati,4.0
moon,nakshatra,,1952-08-06T08:43:07.500000+00:00,1952,Ashwini,1.0
moon,nakshatra,,1952-08-20T03:22:30+00:00,1952,Revati,4.0
moon,nakshatra,,1952-09-02T19:35:37.500000+00:00,1952,Ashwini,1.0
moon,nakshatra,,1952-09-16T09:16:52.500000+00:00,1952,Revati,4.0
moon,nakshatra,,1952-09-30T03:45:00+00:00,1952,Ashwini,1.0
moon,nakshatra,,1952-10-13T13:18:45+00:00,1952,Revati,4.0
moon,nakshatra,,1952-10-27T06:56:15+00:00,1952,Ashwini,1.0
moon,nakshatra,,1952-11-09T15:22:30+00:00,1952,Revati,4.0
moon,nakshatra,,1952-11-23T07:07:30+00:00,1952,Ashwini,1.0
moon,nakshatra,,1952-12-06T17:43:07.500000+00:00,1952,Revati,4.0
moon,nakshatra,,1952-12-20T09:50:37.500000+00:00,1952,Ashwini,1.0
moon,nakshatra,,1953-01-02T22:24:22.500000+00:00,1953,Revati,4.0
moon,nakshatra,,1953-01-16T17:54:22.500000+00:00,1953,Ashwini,1.0
moon,nakshatra,,1953-01-30T05:03:45+00:00,1953,Revati,4.0
moon,nakshatra,,1953-02-13T05:15:00+00:00,1953,Ashwini,1.0
moon,nakshatra,,1953-02-26T11:09:22.500000+00:00,1953,Revati,4.0
moon,nakshatra,,1953-03-12T15:11:15+00:00,1953,Ashwini,1.0
moon,nakshatra,,1953-03-25T14:54:22.500000+00:00,1953,Revati,4.0
moon,nakshatra,,1953-04-08T20:15:00+00:00,1953,Ashwini,1.0
moon,nakshatra,,1953-04-21T16:41:15+00:00,1953,Revati,4.0
moon,nakshatra,,1953-05-05T21:22:30+00:00,1953,Ashwini,1.0
moon,nakshatra,,1953-05-18T19:01:52.500000+00:00,1953,Revati,4.0
moon,nakshatra,,1953-06-01T22:35:37.500000+00:00,1953,Ashwini,1.0
moon,nakshatra,,1953-06-14T23:54:22.500000+00:00,1953,Revati,4.0
moon,nakshatra,,1953-06-29T03:39:22.500000+00:00,1953,Ashwini,1.0
moon,nakshatra,,1953-07-12T06:50:37.500000+00:00,1953,Revati,4.0
moon,nakshatra,,1953-07-26T12:33:45+00:00,1953,Ashwini,1.0
moon,nakshatra,,1953-08-08T13:52:30+00:00,1953,Revati,4.0
moon,nakshatra,,1953-08-22T22:46:52.500000+00:00,1953,Ashwini,1.0
moon,nakshatra,,1953-09-04T18:50:37.500000+00:00,1953,Revati,4.0
moon,nakshatra,,1953-09-19T06:50:37.500000+00:00,1953,Ashwini,1.0
moon,nakshatra,,1953-10-01T21:00:00+00:00,1953,Revati,4.0
moon,nakshatra,,1953-10-16T10:18:45+00:00,1953,Ashwini,1.0
moon,nakshatra,,1953-10-28T22:13:07.500000+00:00,1953,Revati,4.0
moon,nakshatra,,1953-11-12T10:52:30+00:00,1953,Ashwini,1.0
moon,nakshatra,,1953-11-25T01:58:07.500000+00:00,1953,Revati,4.0
moon,nakshatra,,1953-12-09T13:01:52.500000+00:00,1953,Ashwini,1.0
moon,nakshatra,,1953-12-22T09:39:22.500000+00:00,1953,Revati,4.0
moon,nakshatra,,1954-01-05T19:46:52.500000+00:00,1954,Ashwini,1.0
moon,nakshatra,,1954-01-18T18:33:45+00:00,1954,Revati,4.0
moon,nakshatra,,1954-02-02T05:26:15+00:00,1954,Ashwini,1.0
moon,nakshatra,,1954-02-15T01:07:30+00:00,1954,Revati,4.0
moon,nakshatra,,1954-03-01T14:03:45+00:00,1954,Ashwini,1.0
moon,nakshatra,,1954-03-14T03:45:00+00:00,1954,Revati,4.0
moon,nakshatra,,1954-03-28T18:45:00+00:00,1954,Ashwini,1.0
moon,nakshatra,,1954-04-10T04:30:00+00:00,1954,Revati,4.0
moon,nakshatra,,1954-04-24T20:03:45+00:00,1954,Ashwini,1.0
moon,nakshatra,,1954-05-07T07:30:00+00:00,1954,Revati,4.0
moon,nakshatra,,1954-05-21T21:39:22.500000+00:00,1954,Ashwini,1.0
moon,nakshatra,,1954-06-03T14:26:15+00:00,1954,Revati,4.0
moon,nakshatra,,1954-06-18T02:09:22.500000+00:00,1954,Ashwini,1.0
moon,nakshatra,,1954-06-30T23:48:45+00:00,1954,Revati,4.0
moon,nakshatra,,1954-07-15T09:33:45+00:00,1954,Ashwini,1.0
moon,nakshatra,,1954-07-28T08:26:15+00:00,1954,Revati,4.0
moon,nakshatra,,1954-08-11T17:43:07.500000+00:00,1954,Ashwini,1.0
moon,nakshatra,,1954-08-24T13:41:15+00:00,1954,Revati,4.0
moon,nakshatra,,1954-09-07T23:54:22.500000+00:00,1954,Ashwini,1.0
moon,nakshatra,,1954-09-20T15:11:15+00:00,1954,Revati,4.0
moon,nakshatra,,1954-10-05T02:48:45+00:00,1954,Ashwini,1.0
moon,nakshatra,,1954-10-17T16:01:52.500000+00:00,1954,Revati,4.0
moon,nakshatra,,1954-11-01T04:01:52.500000+00:00,1954,Ashwini,1.0
moon,nakshatra,,1954-11-13T20:43:07.500000+00:00,1954,Revati,4.0
moon,nakshatra,,1954-11-28T06:50:37.500000+00:00,1954,Ashwini,1.0
moon,nakshatra,,1954-12-11T06:11:15+00:00,1954,Revati,4.0
moon,nakshatra,,1954-12-25T12:45:00+00:00,1954,Ashwini,1.0
moon,nakshatra,,1955-01-07T17:15:00+00:00,1955,Revati,4.0
moon,nakshatra,,1955-01-21T20:03:45+00:00,1955,Ashwini,1.0
moon,nakshatra,,1955-02-04T01:18:45+00:00,1955,Revati,4.0
moon,nakshatra,,1955-02-18T02:03:45+00:00,1955,Ashwini,1.0
moon,nakshatra,,1955-03-03T04:07:30+00:00,1955,Revati,4.0
moon,nakshatra,,1955-03-17T05:09:22.500000+00:00,1955,Ashwini,1.0
moon,nakshatra,,1955-03-30T04:30:00+00:00,1955,Revati,4.0
moon,nakshatra,,1955-04-13T06:56:15+00:00,1955,Ashwini,1.0
moon,nakshatra,,1955-04-26T07:24:22.500000+00:00,1955,Revati,4.0
moon,nakshatra,,1955-05-10T09:56:15+00:00,1955,Ashwini,1.0
moon,nakshatra,,1955-05-23T15:05:37.500000+00:00,1955,Revati,4.0
moon,nakshatra,,1955-06-06T15:05:37.500000+00:00,1955,Ashwini,1.0
moon,nakshatra,,1955-06-20T01:41:15+00:00,1955,Revati,4.0
moon,nakshatra,,1955-07-03T21:28:07.500000+00:00,1955,Ashwini,1.0
moon,nakshatra,,1955-07-17T11:31:52.500000+00:00,1955,Revati,4.0
moon,nakshatra,,1955-07-31T03:05:37.500000+00:00,1955,Ashwini,1.0
moon,nakshatra,,1955-08-13T17:43:07.500000+00:00,1955,Revati,4.0
moon,nakshatra,,1955-08-27T06:50:37.500000+00:00,1955,Ashwini,1.0
moon,nakshatra,,1955-09-09T19:24:22.500000+00:00,1955,Revati,4.0
moon,nakshatra,,1955-09-23T08:54:22.500000+00:00,1955,Ashwini,1.0
moon,nakshatra,,1955-10-06T20:03:45+00:00,1955,Revati,4.0
moon,nakshatra,,1955-10-20T11:31:52.500000+00:00,1955,Ashwini,1.0
moon,nakshatra,,1955-11-03T00:22:30+00:00,1955,Revati,4.0
moon,nakshatra,,1955-11-16T16:24:22.500000+00:00,1955,Ashwini,1.0
moon,nakshatra,,1955-11-30T09:50:37.500000+00:00,1955,Revati,4.0
moon,nakshatra,,1955-12-13T22:52:30+00:00,1955,Ashwini,1.0
moon,nakshatra,,1955-12-27T21:28:07.500000+00:00,1955,Revati,4.0
moon,nakshatra,,1956-01-10T04:35:37.500000+00:00,1956,Ashwini,1.0
moon,nakshatra,,1956-01-24T06:28:07.500000+00:00,1956,Revati,4.0
moon,nakshatra,,1956-02-06T07:52:30+00:00,1956,Ashwini,1.0
moon,nakshatra,,1956-02-20T10:01:52.500000+00:00,1956,Revati,4.0
moon,nakshatra,,1956-03-04T09:28:07.500000+00:00,1956,Ashwini,1.0
moon,nakshatra,,1956-03-18T10:18:45+00:00,1956,Revati,4.0
moon,nakshatra,,1956-03-31T12:16:52.500000+00:00,1956,Ashwini,1.0
moon,nakshatra,,1956-04-14T12:39:22.500000+00:00,1956,Revati,4.0
moon,nakshatra,,1956-04-27T17:48:45+00:00,1956,Ashwini,1.0
moon,nakshatra,,1956-05-11T19:35:37.500000+00:00,1956,Revati,4.0
moon,nakshatra,,1956-05-25T00:50:37.500000+00:00,1956,Ashwini,1.0
moon,nakshatra,,1956-06-08T05:43:07.500000+00:00,1956,Revati,4.0
moon,nakshatra,,1956-06-21T07:13:07.500000+00:00,1956,Ashwini,1.0
moon,nakshatra,,1956-07-05T15:28:07.500000+00:00,1956,Revati,4.0
moon,nakshatra,,1956-07-18T11:09:22.500000+00:00,1956,Ashwini,1.0
moon,nakshatra,,1956-08-01T21:50:37.500000+00:00,1956,Revati,4.0
moon,nakshatra,,1956-08-14T12:56:15+00:00,1956,Ashwini,1.0
moon,nakshatra,,1956-08-28T23:54:22.500000+00:00,1956,Revati,4.0
moon,nakshatra,,1956-09-10T14:54:22.500000+00:00,1956,Ashwini,1.0
moon,nakshatra,,1956-09-25T00:39:22.500000+00:00,1956,Revati,4.0
moon,nakshatra,,1956-10-07T19:35:37.500000+00:00,1956,Ashwini,1.0
moon,nakshatra,,1956-10-22T04:13:07.500000+00:00,1956,Revati,4.0
moon,nakshatra,,1956-11-04T03:11:15+00:00,1956,Ashwini,1.0
moon,nakshatra,,1956-11-18T12:11:15+00:00,1956,Revati,4.0
moon,nakshatra,,1956-12-01T11:20:37.500000+00:00,1956,Ashwini,1.0
moon,nakshatra,,1956-12-15T22:24:22.500000+00:00,1956,Revati,4.0
moon,nakshatra,,1956-12-28T16:52:30+00:00,1956,Ashwini,1.0
moon,nakshatra,,1957-01-12T06:39:22.500000+00:00,1957,Revati,4.0
moon,nakshatra,,1957-01-24T18:39:22.500000+00:00,1957,Ashwini,1.0
moon,nakshatra,,1957-02-08T10:18:45+00:00,1957,Revati,4.0
moon,nakshatra,,1957-02-20T19:30:00+00:00,1957,Ashwini,1.0
moon,nakshatra,,1957-03-07T10:52:30+00:00,1957,Revati,4.0
moon,nakshatra,,1957-03-19T23:37:30+00:00,1957,Ashwini,1.0
moon,nakshatra,,1957-04-03T13:07:30+00:00,1957,Revati,4.0
moon,nakshatra,,1957-04-16T07:41:15+00:00,1957,Ashwini,1.0
moon,nakshatra,,1957-04-30T19:01:52.500000+00:00,1957,Revati,4.0
moon,nakshatra,,1957-05-13T17:03:45+00:00,1957,Ashwini,1.0
moon,nakshatra,,1957-05-28T03:22:30+00:00,1957,Revati,4.0
moon,nakshatra,,1957-06-10T00:22:30+00:00,1957,Ashwini,1.0
moon,nakshatra,,1957-06-24T11:15:00+00:00,1957,Revati,4.0
moon,nakshatra,,1957-07-07T04:01:52.500000+00:00,1957,Ashwini,1.0
moon,nakshatra,,1957-07-21T16:24:22.500000+00:00,1957,Revati,4.0
moon,nakshatra,,1957-08-03T04:58:07.500000+00:00,1957,Ashwini,1.0
moon,nakshatra,,1957-08-17T18:28:07.500000+00:00,1957,Revati,4.0
moon,nakshatra,,1957-08-30T06:56:15+00:00,1957,Ashwini,1.0
moon,nakshatra,,1957-09-13T19:58:07.500000+00:00,1957,Revati,4.0
moon,nakshatra,,1957-09-26T13:01:52.500000+00:00,1957,Ashwini,1.0
moon,nakshatra,,1957-10-10T23:37:30+00:00,1957,Revati,4.0
moon,nakshatra,,1957-10-23T22:52:30+00:00,1957,Ashwini,1.0
moon,nakshatra,,1957-11-07T06:16:52.500000+00:00,1957,Revati,4.0
moon,nakshatra,,1957-11-20T09:00:00+00:00,1957,Ashwini,1.0
moon,nakshatra,,1957-12-04T13:58:07.500000+00:00,1957,Revati,4.0
moon,nakshatra,,1957-12-17T15:33:45+00:00,1957,Ashwini,1.0
moon,nakshatra,,1957-12-31T19:46:52.500000+00:00,1957,Revati,4.0
moon,nakshatra,,1958-01-13T17:09:22.500000+00:00,1958,Ashwini,1.0
moon,nakshatra,,1958-01-27T22:24:22.500000+00:00,1958,Revati,4.0
moon,nakshatra,,1958-02-09T17:31:52.500000+00:00,1958,Ashwini,1.0
moon,nakshatra,,1958-02-23T23:54:22.500000+00:00,1958,Revati,4.0
moon,nakshatra,,1958-03-08T22:01:52.500000+00:00,1958,Ashwini,1.0
moon,nakshatra,,1958-03-23T03:11:15+00:00,1958,Revati,4.0
moon,nakshatra,,1958-04-05T07:24:22.500000+00:00,1958,Ashwini,1.0
moon,nakshatra,,1958-04-19T08:54:22.500000+00:00,1958,Revati,4.0
moon,nakshatra,,1958-05-02T18:22:30+00:00,1958,Ashwini,1.0
moon,nakshatra,,1958-05-16T15:28:07.500000+00:00,1958,Revati,4.0
moon,nakshatra,,1958-05-30T03:05:37.500000+00:00,1958,Ashwini,1.0
moon,nakshatra,,1958-06-12T20:43:07.500000+00:00,1958,Revati,4.0
moon,nakshatra,,1958-06-26T07:13:07.500000+00:00,1958,Ashwini,1.0
moon,nakshatra,,1958-07-09T23:54:22.500000+00:00,1958,Revati,4.0
moon,nakshatra,,1958-07-23T08:03:45+00:00,1958,Ashwini,1.0
moon,nakshatra,,1958-08-06T01:58:07.500000+00:00,1958,Revati,4.0
moon,nakshatra,,1958-08-19T09:45:00+00:00,1958,Ashwini,1.0
moon,nakshatra,,1958-09-02T05:03:45+00:00,1958,Revati,4.0
moon,nakshatra,,1958-09-15T15:50:37.500000+00:00,1958,Ashwini,1.0
moon,nakshatra,,1958-09-29T10:18:45+00:00,1958,Revati,4.0
moon,nakshatra,,1958-10-13T02:03:45+00:00,1958,Ashwini,1.0
moon,nakshatra,,1958-10-26T16:35:37.500000+00:00,1958,Revati,4.0
moon,nakshatra,,1958-11-09T13:13:07.500000+00:00,1958,Ashwini,1.0
moon,nakshatra,,1958-11-22T22:07:30+00:00,1958,Revati,4.0
moon,nakshatra,,1958-12-06T20:43:07.500000+00:00,1958,Ashwini,1.0
moon,nakshatra,,1958-12-20T01:13:07.500000+00:00,1958,Revati,4.0
moon,nakshatra,,1959-01-02T22:58:07.500000+00:00,1959,Ashwini,1.0
moon,nakshatra,,1959-01-16T02:54:22.500000+00:00,1959,Revati,4.0
moon,nakshatra,,1959-01-29T23:09:22.500000+00:00,1959,Ashwini,1.0
moon,nakshatra,,1959-02-12T06:00:00+00:00,1959,Revati,4.0
moon,nakshatra,,1959-02-26T02:54:22.500000+00:00,1959,Ashwini,1.0
moon,nakshatra,,1959-03-11T11:48:45+00:00,1959,Revati,4.0
moon,nakshatra,,1959-03-25T11:43:07.500000+00:00,1959,Ashwini,1.0
moon,nakshatra,,1959-04-07T18:39:22.500000+00:00,1959,Revati,4.0
moon,nakshatra,,1959-04-21T22:35:37.500000+00:00,1959,Ashwini,1.0
moon,nakshatra,,1959-05-05T00:11:15+00:00,1959,Revati,4.0
moon,nakshatra,,1959-05-19T07:35:37.500000+00:00,1959,Ashwini,1.0
moon,nakshatra,,1959-06-01T03:22:30+00:00,1959,Revati,4.0
moon,nakshatra,,1959-06-15T12:11:15+00:00,1959,Ashwini,1.0
moon,nakshatra,,1959-06-28T04:58:07.500000+00:00,1959,Revati,4.0
moon,nakshatra,,1959-07-12T13:13:07.500000+00:00,1959,Ashwini,1.0
moon,nakshatra,,1959-07-25T07:41:15+00:00,1959,Revati,4.0
moon,nakshatra,,1959-08-08T14:43:07.500000+00:00,1959,Ashwini,1.0
moon,nakshatra,,1959-08-21T13:13:07.500000+00:00,1959,Revati,4.0
moon,nakshatra,,1959-09-04T19:58:07.500000+00:00,1959,Ashwini,1.0
moon,nakshatra,,1959-09-17T20:48:45+00:00,1959,Revati,4.0
moon,nakshatra,,1959-10-02T04:58:07.500000+00:00,1959,Ashwini,1.0
moon,nakshatra,,1959-10-15T04:07:30+00:00,1959,Revati,4.0
moon,nakshatra,,1959-10-29T15:05:37.500000+00:00,1959,Ashwini,1.0
moon,nakshatra,,1959-11-11T08:37:30+00:00,1959,Revati,4.0
moon,nakshatra,,1959-11-25T22:24:22.500000+00:00,1959,Ashwini,1.0
moon,nakshatra,,1959-12-08T10:01:52.500000+00:00,1959,Revati,4.0
moon,nakshatra,,1959-12-23T00:50:37.500000+00:00,1959,Ashwini,1.0
moon,nakshatra,,1960-01-04T11:20:37.500000+00:00,1960,Revati,4.0
moon,nakshatra,,1960-01-19T01:18:45+00:00,1960,Ashwini,1.0
moon,nakshatra,,1960-01-31T16:24:22.500000+00:00,1960,Revati,4.0
moon,nakshatra,,1960-02-15T04:30:00+00:00,1960,Ashwini,1.0
moon,nakshatra,,1960-02-28T01:01:52.500000+00:00,1960,Revati,4.0
moon,nakshatra,,1960-03-13T11:48:45+00:00,1960,Ashwini,1.0
moon,nakshatra,,1960-03-26T09:56:15+00:00,1960,Revati,4.0
moon,nakshatra,,1960-04-09T21:00:00+00:00,1960,Ashwini,1.0
moon,nakshatra,,1960-04-22T15:50:37.500000+00:00,1960,Revati,4.0
moon,nakshatra,,1960-05-07T04:35:37.500000+00:00,1960,Ashwini,1.0
moon,nakshatra,,1960-05-19T18:00:00+00:00,1960,Revati,4.0
moon,nakshatra,,1960-06-03T08:31:52.500000+00:00,1960,Ashwini,1.0
moon,nakshatra,,1960-06-15T18:56:15+00:00,1960,Revati,4.0
moon,nakshatra,,1960-06-30T09:56:15+00:00,1960,Ashwini,1.0
moon,nakshatra,,1960-07-12T22:18:45+00:00,1960,Revati,4.0
moon,nakshatra,,1960-07-27T11:48:45+00:00,1960,Ashwini,1.0
moon,nakshatra,,1960-08-09T05:48:45+00:00,1960,Revati,4.0
moon,nakshatra,,1960-08-23T16:35:37.500000+00:00,1960,Ashwini,1.0
moon,nakshatra,,1960-09-05T15:45:00+00:00,1960,Revati,4.0
moon,nakshatra,,1960-09-19T23:54:22.500000+00:00,1960,Ashwini,1.0
moon,nakshatra,,1960-10-03T00:39:22.500000+00:00,1960,Revati,4.0
moon,nakshatra,,1960-10-17T07:35:37.500000+00:00,1960,Ashwini,1.0
moon,nakshatra,,1960-10-30T05:31:52.500000+00:00,1960,Revati,4.0
moon,nakshatra,,1960-11-13T12:56:15+00:00,1960,Ashwini,1.0
moon,nakshatra,,1960-11-26T06:22:30+00:00,1960,Revati,4.0
moon,nakshatra,,1960-12-10T15:05:37.500000+00:00,1960,Ashwini,1.0
moon,nakshatra,,1960-12-23T07:30:00+00:00,1960,Revati,4.0
moon,nakshatra,,1961-01-06T16:30:00+00:00,1961,Ashwini,1.0
moon,nakshatra,,1961-01-19T13:24:22.500000+00:00,1961,Revati,4.0
moon,nakshatra,,1961-02-02T20:20:37.500000+00:00,1961,Ashwini,1.0
moon,nakshatra,,1961-02-15T23:48:45+00:00,1961,Revati,4.0
moon,nakshatra,,1961-03-02T02:43:07.500000+00:00,1961,Ashwini,1.0
moon,nakshatra,,1961-03-15T10:35:37.500000+00:00,1961,Revati,4.0
moon,nakshatra,,1961-03-29T09:28:07.500000+00:00,1961,Ashwini,1.0
moon,nakshatra,,1961-04-11T17:37:30+00:00,1961,Revati,4.0
moon,nakshatra,,1961-04-25T14:26:15+00:00,1961,Ashwini,1.0
moon,nakshatra,,1961-05-08T19:58:07.500000+00:00,1961,Revati,4.0
moon,nakshatra,,1961-05-22T17:03:45+00:00,1961,Ashwini,1.0
moon,nakshatra,,1961-06-04T20:31:52.500000+00:00,1961,Revati,4.0
moon,nakshatra,,1961-06-18T19:07:30+00:00,1961,Ashwini,1.0
moon,nakshatra,,1961-07-01T23:54:22.500000+00:00,1961,Revati,4.0
moon,nakshatra,,1961-07-15T22:41:15+00:00,1961,Ashwini,1.0
moon,nakshatra,,1961-07-29T07:52:30+00:00,1961,Revati,4.0
moon,nakshatra,,1961-08-12T04:13:07.500000+00:00,1961,Ashwini,1.0
moon,nakshatra,,1961-08-25T18:39:22.500000+00:00,1961,Revati,4.0
moon,nakshatra,,1961-09-08T10:30:00+00:00,1961,Ashwini,1.0
moon,nakshatra,,1961-09-22T04:41:15+00:00,1961,Revati,4.0
moon,nakshatra,,1961-10-05T15:33:45+00:00,1961,Ashwini,1.0
moon,nakshatra,,1961-10-19T10:30:00+00:00,1961,Revati,4.0
moon,nakshatra,,1961-11-01T18:28:07.500000+00:00,1961,Ashwini,1.0
moon,nakshatra,,1961-11-15T11:37:30+00:00,1961,Revati,4.0
moon,nakshatra,,1961-11-28T20:15:00+00:00,1961,Ashwini,1.0
moon,nakshatra,,1961-12-12T12:22:30+00:00,1961,Revati,4.0
moon,nakshatra,,1961-12-25T23:43:07.500000+00:00,1961,Ashwini,1.0
moon,nakshatra,,1962-01-08T17:43:07.500000+00:00,1962,Revati,4.0
moon,nakshatra,,1962-01-22T05:37:30+00:00,1962,Ashwini,1.0
moon,nakshatra,,1962-02-05T03:50:37.500000+00:00,1962,Revati,4.0
moon,nakshatra,,1962-02-18T12:16:52.500000+00:00,1962,Ashwini,1.0
moon,nakshatra,,1962-03-04T15:00:00+00:00,1962,Revati,4.0
moon,nakshatra,,1962-03-17T17:20:37.500000+00:00,1962,Ashwini,1.0
moon,nakshatra,,1962-03-31T22:46:52.500000+00:00,1962,Revati,4.0
moon,nakshatra,,1962-04-13T19:58:07.500000+00:00,1962,Ashwini,1.0
moon,nakshatra,,1962-04-28T01:35:37.500000+00:00,1962,Revati,4.0
moon,nakshatra,,1962-05-10T21:39:22.500000+00:00,1962,Ashwini,1.0
moon,nakshatra,,1962-05-25T02:09:22.500000+00:00,1962,Revati,4.0
moon,nakshatra,,1962-06-07T01:07:30+00:00,1962,Ashwini,1.0
moon,nakshatra,,1962-06-21T04:58:07.500000+00:00,1962,Revati,4.0
moon,nakshatra,,1962-07-04T07:13:07.500000+00:00,1962,Ashwini,1.0
moon,nakshatra,,1962-07-18T12:05:37.500000+00:00,1962,Revati,4.0
moon,nakshatra,,1962-07-31T14:31:52.500000+00:00,1962,Ashwini,1.0
moon,nakshatra,,1962-08-14T22:01:52.500000+00:00,1962,Revati,4.0
moon,nakshatra,,1962-08-27T20:48:45+00:00,1962,Ashwini,1.0
moon,nakshatra,,1962-09-11T07:35:37.500000+00:00,1962,Revati,4.0
moon,nakshatra,,1962-09-24T00:16:52.500000+00:00,1962,Ashwini,1.0
moon,nakshatra,,1962-10-08T13:30:00+00:00,1962,Revati,4.0
moon,nakshatra,,1962-10-21T01:35:37.500000+00:00,1962,Ashwini,1.0
moon,nakshatra,,1962-11-04T15:05:37.500000+00:00,1962,Revati,4.0
moon,nakshatra,,1962-11-17T03:39:22.500000+00:00,1962,Ashwini,1.0
moon,nakshatra,,1962-12-01T15:45:00+00:00,1962,Revati,4.0
moon,nakshatra,,1962-12-14T09:33:45+00:00,1962,Ashwini,1.0
moon,nakshatra,,1962-12-28T20:09:22.500000+00:00,1962,Revati,4.0
moon,nakshatra,,1963-01-10T18:16:52.500000+00:00,1963,Ashwini,1.0
moon,nakshatra,,1963-01-25T04:41:15+00:00,1963,Revati,4.0
moon,nakshatra,,1963-02-07T02:26:15+00:00,1963,Ashwini,1.0
moon,nakshatra,,1963-02-21T14:15:00+00:00,1963,Revati,4.0
moon,nakshatra,,1963-03-06T07:07:30+00:00,1963,Ashwini,1.0
moon,nakshatra,,1963-03-20T21:05:37.500000+00:00,1963,Revati,4.0
moon,nakshatra,,1963-04-02T08:20:37.500000+00:00,1963,Ashwini,1.0
moon,nakshatra,,1963-04-16T23:48:45+00:00,1963,Revati,4.0
moon,nakshatra,,1963-04-29T09:45:00+00:00,1963,Ashwini,1.0
moon,nakshatra,,1963-05-14T00:50:37.500000+00:00,1963,Revati,4.0
moon,nakshatra,,1963-05-26T14:37:30+00:00,1963,Ashwini,1.0
moon,nakshatra,,1963-06-10T03:39:22.500000+00:00,1963,Revati,4.0
moon,nakshatra,,1963-06-22T23:09:22.500000+00:00,1963,Ashwini,1.0
moon,nakshatra,,1963-07-07T09:45:00+00:00,1963,Revati,4.0
moon,nakshatra,,1963-07-20T08:37:30+00:00,1963,Ashwini,1.0
moon,nakshatra,,1963-08-03T17:48:45+00:00,1963,Revati,4.0
moon,nakshatra,,1963-08-16T15:50:37.500000+00:00,1963,Ashwini,1.0
moon,nakshatra,,1963-08-31T01:13:07.500000+00:00,1963,Revati,4.0
moon,nakshatra,,1963-09-12T19:07:30+00:00,1963,Ashwini,1.0
moon,nakshatra,,1963-09-27T05:48:45+00:00,1963,Revati,4.0
moon,nakshatra,,1963-10-09T19:46:52.500000+00:00,1963,Ashwini,1.0
moon,nakshatra,,1963-10-24T07:30:00+00:00,1963,Revati,4.0
moon,nakshatra,,1963-11-05T22:01:52.500000+00:00,1963,Ashwini,1.0
moon,nakshatra,,1963-11-20T09:05:37.500000+00:00,1963,Revati,4.0
moon,nakshatra,,1963-12-03T05:15:00+00:00,1963,Ashwini,1.0
moon,nakshatra,,1963-12-17T13:30:00+00:00,1963,Revati,4.0
moon,nakshatra,,1963-12-30T16:07:30+00:00,1963,Ashwini,1.0
moon,nakshatra,,1964-01-13T20:26:15+00:00,1964,Revati,4.0
moon,nakshatra,,1964-01-27T02:15:00+00:00,1964,Ashwini,1.0
moon,nakshatra,,1964-02-10T03:22:30+00:00,1964,Revati,4.0
moon,nakshatra,,1964-02-23T07:41:15+00:00,1964,Ashwini,1.0
moon,nakshatra,,1964-03-08T07:52:30+00:00,1964,Revati,4.0
moon,nakshatra,,1964-03-21T08:43:07.500000+00:00,1964,Ashwini,1.0
moon,nakshatra,,1964-04-04T09:56:15+00:00,1964,Revati,4.0
moon,nakshatra,,1964-04-17T09:45:00+00:00,1964,Ashwini,1.0
moon,nakshatra,,1964-05-01T12:05:37.500000+00:00,1964,Revati,4.0
moon,nakshatra,,1964-05-14T15:00:00+00:00,1964,Ashwini,1.0
moon,nakshatra,,1964-05-28T16:13:07.500000+00:00,1964,Revati,4.0
moon,nakshatra,,1964-06-11T00:28:07.500000+00:00,1964,Ashwini,1.0
moon,nakshatra,,1964-06-24T22:13:07.500000+00:00,1964,Revati,4.0
moon,nakshatra,,1964-07-08T11:15:00+00:00,1964,Ashwini,1.0
moon,nakshatra,,1964-07-22T04:24:22.500000+00:00,1964,Revati,4.0
moon,nakshatra,,1964-08-04T19:35:37.500000+00:00,1964,Ashwini,1.0
moon,nakshatra,,1964-08-18T09:11:15+00:00,1964,Revati,4.0
moon,nakshatra,,1964-08-31T23:31:52.500000+00:00,1964,Ashwini,1.0
moon,nakshatra,,1964-09-14T11:48:45+00:00,1964,Revati,4.0
moon,nakshatra,,1964-09-28T00:05:37.500000+00:00,1964,Ashwini,1.0
moon,nakshatra,,1964-10-11T13:52:30+00:00,1964,Revati,4.0
moon,nakshatra,,1964-10-25T01:58:07.500000+00:00,1964,Ashwini,1.0
moon,nakshatra,,1964-11-07T17:37:30+00:00,1964,Revati,4.0
moon,nakshatra,,1964-11-21T08:54:22.500000+00:00,1964,Ashwini,1.0
moon,nakshatra,,1964-12-04T23:31:52.500000+00:00,1964,Revati,4.0
moon,nakshatra,,1964-12-18T19:58:07.500000+00:00,1964,Ashwini,1.0
moon,nakshatra,,1965-01-01T05:54:22.500000+00:00,1965,Revati,4.0
moon,nakshatra,,1965-01-15T06:56:15+00:00,1965,Ashwini,1.0
moon,nakshatra,,1965-01-28T10:30:00+00:00,1965,Revati,4.0
moon,nakshatra,,1965-02-11T13:18:45+00:00,1965,Ashwini,1.0
moon,nakshatra,,1965-02-24T12:39:22.500000+00:00,1965,Revati,4.0
moon,nakshatra,,1965-03-10T14:43:07.500000+00:00,1965,Ashwini,1.0
moon,nakshatra,,1965-03-23T14:31:52.500000+00:00,1965,Revati,4.0
moon,nakshatra,,1965-04-06T15:28:07.500000+00:00,1965,Ashwini,1.0
moon,nakshatra,,1965-04-19T18:39:22.500000+00:00,1965,Revati,4.0
moon,nakshatra,,1965-05-03T19:58:07.500000+00:00,1965,Ashwini,1.0
moon,nakshatra,,1965-05-17T01:13:07.500000+00:00,1965,Revati,4.0
moon,nakshatra,,1965-05-31T04:41:15+00:00,1965,Ashwini,1.0
moon,nakshatra,,1965-06-13T08:15:00+00:00,1965,Revati,4.0
moon,nakshatra,,1965-06-27T15:05:37.500000+00:00,1965,Ashwini,1.0
moon,nakshatra,,1965-07-10T13:35:37.500000+00:00,1965,Revati,4.0
moon,nakshatra,,1965-07-24T23:26:15+00:00,1965,Ashwini,1.0
moon,nakshatra,,1965-08-06T16:18:45+00:00,1965,Revati,4.0
moon,nakshatra,,1965-08-21T03:39:22.500000+00:00,1965,Ashwini,1.0
moon,nakshatra,,1965-09-02T17:43:07.500000+00:00,1965,Revati,4.0
moon,nakshatra,,1965-09-17T04:35:37.500000+00:00,1965,Ashwini,1.0
moon,nakshatra,,1965-09-29T20:48:45+00:00,1965,Revati,4.0
moon,nakshatra,,1965-10-14T06:11:15+00:00,1965,Ashwini,1.0
moon,nakshatra,,1965-10-27T03:11:15+00:00,1965,Revati,4.0
moon,nakshatra,,1965-11-10T12:00:00+00:00,1965,Ashwini,1.0
moon,nakshatra,,1965-11-23T11:31:52.500000+00:00,1965,Revati,4.0
moon,nakshatra,,1965-12-07T21:28:07.500000+00:00,1965,Ashwini,1.0
moon,nakshatra,,1965-12-20T18:45:00+00:00,1965,Revati,4.0
moon,nakshatra,,1966-01-04T07:13:07.500000+00:00,1966,Ashwini,1.0
moon,nakshatra,,1966-01-16T22:18:45+00:00,1966,Revati,4.0
moon,nakshatra,,1966-01-31T13:18:45+00:00,1966,Ashwini,1.0
moon,nakshatra,,1966-02-12T23:03:45+00:00,1966,Revati,4.0
moon,nakshatra,,1966-02-27T14:54:22.500000+00:00,1966,Ashwini,1.0
moon,nakshatra,,1966-03-12T01:07:30+00:00,1966,Revati,4.0
moon,nakshatra,,1966-03-26T15:50:37.500000+00:00,1966,Ashwini,1.0
moon,nakshatra,,1966-04-08T07:24:22.500000+00:00,1966,Revati,4.0
moon,nakshatra,,1966-04-22T19:46:52.500000+00:00,1966,Ashwini,1.0
moon,nakshatra,,1966-05-05T16:35:37.500000+00:00,1966,Revati,4.0
moon,nakshatra,,1966-05-20T03:05:37.500000+00:00,1966,Ashwini,1.0
moon,nakshatra,,1966-06-02T01:18:45+00:00,1966,Revati,4.0
moon,nakshatra,,1966-06-16T11:37:30+00:00,1966,Ashwini,1.0
moon,nakshatra,,1966-06-29T06:56:15+00:00,1966,Revati,4.0
moon,nakshatra,,1966-07-13T18:22:30+00:00,1966,Ashwini,1.0
moon,nakshatra,,1966-07-26T09:00:00+00:00,1966,Revati,4.0
moon,nakshatra,,1966-08-09T21:50:37.500000+00:00,1966,Ashwini,1.0
moon,nakshatra,,1966-08-22T09:50:37.500000+00:00,1966,Revati,4.0
moon,nakshatra,,1966-09-05T23:15:00+00:00,1966,Ashwini,1.0
moon,nakshatra,,1966-09-18T13:41:15+00:00,1966,Revati,4.0
moon,nakshatra,,1966-10-03T01:30:00+00:00,1966,Ashwini,1.0
moon,nakshatra,,1966-10-15T21:56:15+00:00,1966,Revati,4.0
moon,nakshatra,,1966-10-30T06:45:00+00:00,1966,Ashwini,1.0
moon,nakshatra,,1966-11-12T08:31:52.500000+00:00,1966,Revati,4.0
moon,nakshatra,,1966-11-26T14:15:00+00:00,1966,Ashwini,1.0
moon,nakshatra,,1966-12-09T17:20:37.500000+00:00,1966,Revati,4.0
moon,nakshatra,,1966-12-23T21:16:52.500000+00:00,1966,Ashwini,1.0
moon,nakshatra,,1967-01-05T21:16:52.500000+00:00,1967,Revati,4.0
moon,nakshatra,,1967-01-20T01:24:22.500000+00:00,1967,Ashwini,1.0
moon,nakshatra,,1967-02-01T21:33:45+00:00,1967,Revati,4.0
moon,nakshatra,,1967-02-16T03:00:00+00:00,1967,Ashwini,1.0
moon,nakshatra,,1967-02-28T23:31:52.500000+00:00,1967,Revati,4.0
moon,nakshatra,,1967-03-15T05:15:00+00:00,1967,Ashwini,1.0
moon,nakshatra,,1967-03-28T06:39:22.500000+00:00,1967,Revati,4.0
moon,nakshatra,,1967-04-11T09:50:37.500000+00:00,1967,Ashwini,1.0
moon,nakshatra,,1967-04-24T17:15:00+00:00,1967,Revati,4.0
moon,nakshatra,,1967-05-08T16:13:07.500000+00:00,1967,Ashwini,1.0
moon,nakshatra,,1967-05-22T03:33:45+00:00,1967,Revati,4.0
moon,nakshatra,,1967-06-04T22:18:45+00:00,1967,Ashwini,1.0
moon,nakshatra,,1967-06-18T10:07:30+00:00,1967,Revati,4.0
moon,nakshatra,,1967-07-02T02:31:52.500000+00:00,1967,Ashwini,1.0
moon,nakshatra,,1967-07-15T12:22:30+00:00,1967,Revati,4.0
moon,nakshatra,,1967-07-29T04:52:30+00:00,1967,Ashwini,1.0
moon,nakshatra,,1967-08-11T13:01:52.500000+00:00,1967,Revati,4.0
moon,nakshatra,,1967-08-25T07:13:07.500000+00:00,1967,Ashwini,1.0
moon,nakshatra,,1967-09-07T16:35:37.500000+00:00,1967,Revati,4.0
moon,nakshatra,,1967-09-21T11:26:15+00:00,1967,Ashwini,1.0
moon,nakshatra,,1967-10-05T00:56:15+00:00,1967,Revati,4.0
moon,nakshatra,,1967-10-18T17:26:15+00:00,1967,Ashwini,1.0
moon,nakshatra,,1967-11-01T12:11:15+00:00,1967,Revati,4.0
moon,nakshatra,,1967-11-14T23:37:30+00:00,1967,Ashwini,1.0
moon,nakshatra,,1967-11-28T22:01:52.500000+00:00,1967,Revati,4.0
moon,nakshatra,,1967-12-12T03:56:15+00:00,1967,Ashwini,1.0
moon,nakshatra,,1967-12-26T02:54:22.500000+00:00,1967,Revati,4.0
moon,nakshatra,,1968-01-08T06:00:00+00:00,1968,Ashwini,1.0
moon,nakshatra,,1968-01-22T03:22:30+00:00,1968,Revati,4.0
moon,nakshatra,,1968-02-04T08:03:45+00:00,1968,Ashwini,1.0
moon,nakshatra,,1968-02-18T04:52:30+00:00,1968,Revati,4.0
moon,nakshatra,,1968-03-02T12:39:22.500000+00:00,1968,Ashwini,1.0
moon,nakshatra,,1968-03-16T11:15:00+00:00,1968,Revati,4.0
moon,nakshatra,,1968-03-29T19:13:07.500000+00:00,1968,Ashwini,1.0
moon,nakshatra,,1968-04-12T21:28:07.500000+00:00,1968,Revati,4.0
moon,nakshatra,,1968-04-26T01:46:52.500000+00:00,1968,Ashwini,1.0
moon,nakshatra,,1968-05-10T07:52:30+00:00,1968,Revati,4.0
moon,nakshatra,,1968-05-23T06:11:15+00:00,1968,Ashwini,1.0
moon,nakshatra,,1968-06-06T14:54:22.500000+00:00,1968,Revati,4.0
moon,nakshatra,,1968-06-19T08:20:37.500000+00:00,1968,Ashwini,1.0
moon,nakshatra,,1968-07-03T17:26:15+00:00,1968,Revati,4.0
moon,nakshatra,,1968-07-16T10:07:30+00:00,1968,Ashwini,1.0
moon,nakshatra,,1968-07-30T18:11:15+00:00,1968,Revati,4.0
moon,nakshatra,,1968-08-12T14:09:22.500000+00:00,1968,Ashwini,1.0
moon,nakshatra,,1968-08-26T21:11:15+00:00,1968,Revati,4.0
moon,nakshatra,,1968-09-08T21:00:00+00:00,1968,Ashwini,1.0
moon,nakshatra,,1968-09-23T04:24:22.500000+00:00,1968,Revati,4.0
moon,nakshatra,,1968-10-06T04:52:30+00:00,1968,Ashwini,1.0
moon,nakshatra,,1968-10-20T14:26:15+00:00,1968,Revati,4.0
moon,nakshatra,,1968-11-02T11:03:45+00:00,1968,Ashwini,1.0
moon,nakshatra,,1968-11-16T23:37:30+00:00,1968,Revati,4.0
moon,nakshatra,,1968-11-29T13:46:52.500000+00:00,1968,Ashwini,1.0
moon,nakshatra,,1968-12-14T04:30:00+00:00,1968,Revati,4.0
moon,nakshatra,,1968-12-26T14:31:52.500000+00:00,1968,Ashwini,1.0
moon,nakshatra,,1969-01-10T05:20:37.500000+00:00,1969,Revati,4.0
moon,nakshatra,,1969-01-22T17:31:52.500000+00:00,1969,Ashwini,1.0
moon,nakshatra,,1969-02-06T06:45:00+00:00,1969,Revati,4.0
moon,nakshatra,,1969-02-19T00:39:22.500000+00:00,1969,Ashwini,1.0
moon,nakshatra,,1969-03-05T12:00:00+00:00,1969,Revati,4.0
moon,nakshatra,,1969-03-18T09:56:15+00:00,1969,Ashwini,1.0
moon,nakshatra,,1969-04-01T20:37:30+00:00,1969,Revati,4.0
moon,nakshatra,,1969-04-14T17:37:30+00:00,1969,Ashwini,1.0
moon,nakshatra,,1969-04-29T05:20:37.500000+00:00,1969,Revati,4.0
moon,nakshatra,,1969-05-11T21:39:22.500000+00:00,1969,Ashwini,1.0
moon,nakshatra,,1969-05-26T11:15:00+00:00,1969,Revati,4.0
moon,nakshatra,,1969-06-07T22:46:52.500000+00:00,1969,Ashwini,1.0
moon,nakshatra,,1969-06-22T13:35:37.500000+00:00,1969,Revati,4.0
moon,nakshatra,,1969-07-05T00:28:07.500000+00:00,1969,Ashwini,1.0
moon,nakshatra,,1969-07-19T14:54:22.500000+00:00,1969,Revati,4.0
moon,nakshatra,,1969-08-01T05:54:22.500000+00:00,1969,Ashwini,1.0
moon,nakshatra,,1969-08-15T18:00:00+00:00,1969,Revati,4.0
moon,nakshatra,,1969-08-28T15:00:00+00:00,1969,Ashwini,1.0
moon,nakshatra,,1969-09-12T00:11:15+00:00,1969,Revati,4.0
moon,nakshatra,,1969-09-25T00:50:37.500000+00:00,1969,Ashwini,1.0
moon,nakshatra,,1969-10-09T08:03:45+00:00,1969,Revati,4.0
moon,nakshatra,,1969-10-22T08:09:22.500000+00:00,1969,Ashwini,1.0
moon,nakshatra,,1969-11-05T14:48:45+00:00,1969,Revati,4.0
moon,nakshatra,,1969-11-18T10:46:52.500000+00:00,1969,Ashwini,1.0
moon,nakshatra,,1969-12-02T18:22:30+00:00,1969,Revati,4.0
moon,nakshatra,,1969-12-15T11:03:45+00:00,1969,Ashwini,1.0
moon,nakshatra,,1969-12-29T19:46:52.500000+00:00,1969,Revati,4.0
moon,nakshatra,,1970-01-11T14:15:00+00:00,1970,Ashwini,1.0
moon,nakshatra,,1970-01-25T22:07:30+00:00,1970,Revati,4.0
moon,nakshatra,,1970-02-07T22:41:15+00:00,1970,Ashwini,1.0
moon,nakshatra,,1970-02-22T03:28:07.500000+00:00,1970,Revati,4.0
moon,nakshatra,,1970-03-07T09:50:37.500000+00:00,1970,Ashwini,1.0
moon,nakshatra,,1970-03-21T10:18:45+00:00,1970,Revati,4.0
moon,nakshatra,,1970-04-03T19:13:07.500000+00:00,1970,Ashwini,1.0
moon,nakshatra,,1970-04-17T16:18:45+00:00,1970,Revati,4.0
moon,nakshatra,,1970-04-30T23:48:45+00:00,1970,Ashwini,1.0
moon,nakshatra,,1970-05-14T20:03:45+00:00,1970,Revati,4.0
moon,nakshatra,,1970-05-28T00:45:00+00:00,1970,Ashwini,1.0
moon,nakshatra,,1970-06-10T22:07:30+00:00,1970,Revati,4.0
moon,nakshatra,,1970-06-24T02:15:00+00:00,1970,Ashwini,1.0
moon,nakshatra,,1970-07-08T00:45:00+00:00,1970,Revati,4.0
moon,nakshatra,,1970-07-21T07:46:52.500000+00:00,1970,Ashwini,1.0
moon,nakshatra,,1970-08-04T05:20:37.500000+00:00,1970,Revati,4.0
moon,nakshatra,,1970-08-17T17:31:52.500000+00:00,1970,Ashwini,1.0
moon,nakshatra,,1970-08-31T11:26:15+00:00,1970,Revati,4.0
moon,nakshatra,,1970-09-14T04:30:00+00:00,1970,Ashwini,1.0
moon,nakshatra,,1970-09-27T17:20:37.500000+00:00,1970,Revati,4.0
moon,nakshatra,,1970-10-11T12:50:37.500000+00:00,1970,Ashwini,1.0
moon,nakshatra,,1970-10-24T21:22:30+00:00,1970,Revati,4.0
moon,nakshatra,,1970-11-07T16:07:30+00:00,1970,Ashwini,1.0
moon,nakshatra,,1970-11-20T23:20:37.500000+00:00,1970,Revati,4.0
moon,nakshatra,,1970-12-04T16:18:45+00:00,1970,Ashwini,1.0
moon,nakshatra,,1970-12-18T01:41:15+00:00,1970,Revati,4.0
moon,nakshatra,,1970-12-31T18:50:37.500000+00:00,1970,Ashwini,1.0
moon,nakshatra,,1971-01-14T06:33:45+00:00,1971,Revati,4.0
moon,nakshatra,,1971-01-28T02:48:45+00:00,1971,Ashwini,1.0
moon,nakshatra,,1971-02-10T13:13:07.500000+00:00,1971,Revati,4.0
moon,nakshatra,,1971-02-24T14:03:45+00:00,1971,Ashwini,1.0
moon,nakshatra,,1971-03-09T19:18:45+00:00,1971,Revati,4.0
moon,nakshatra,,1971-03-24T00:00:00+00:00,1971,Ashwini,1.0
moon,nakshatra,,1971-04-05T23:03:45+00:00,1971,Revati,4.0
moon,nakshatra,,1971-04-20T05:15:00+00:00,1971,Ashwini,1.0
moon,nakshatra,,1971-05-03T00:50:37.500000+00:00,1971,Revati,4.0
moon,nakshatra,,1971-05-17T06:28:07.500000+00:00,1971,Ashwini,1.0
moon,nakshatra,,1971-05-30T03:11:15+00:00,1971,Revati,4.0
moon,nakshatra,,1971-06-13T07:41:15+00:00,1971,Ashwini,1.0
moon,nakshatra,,1971-06-26T07:58:07.500000+00:00,1971,Revati,4.0
moon,nakshatra,,1971-07-10T12:28:07.500000+00:00,1971,Ashwini,1.0
moon,nakshatra,,1971-07-23T15:00:00+00:00,1971,Revati,4.0
moon,nakshatra,,1971-08-06T21:11:15+00:00,1971,Ashwini,1.0
moon,nakshatra,,1971-08-19T22:07:30+00:00,1971,Revati,4.0
moon,nakshatra,,1971-09-03T07:24:22.500000+00:00,1971,Ashwini,1.0
moon,nakshatra,,1971-09-16T03:11:15+00:00,1971,Revati,4.0
moon,nakshatra,,1971-09-30T15:33:45+00:00,1971,Ashwini,1.0
moon,nakshatra,,1971-10-13T05:20:37.500000+00:00,1971,Revati,4.0
moon,nakshatra,,1971-10-27T19:13:07.500000+00:00,1971,Ashwini,1.0
moon,nakshatra,,1971-11-09T06:28:07.500000+00:00,1971,Revati,4.0
moon,nakshatra,,1971-11-23T19:41:15+00:00,1971,Ashwini,1.0
moon,nakshatra,,1971-12-06T10:18:45+00:00,1971,Revati,4.0
moon,nakshatra,,1971-12-20T21:50:37.500000+00:00,1971,Ashwini,1.0
moon,nakshatra,,1972-01-02T18:00:00+00:00,1972,Revati,4.0
moon,nakshatra,,1972-01-17T04:24:22.500000+00:00,1972,Ashwini,1.0
moon,nakshatra,,1972-01-30T03:00:00+00:00,1972,Revati,4.0
moon,nakshatra,,1972-02-13T13:52:30+00:00,1972,Ashwini,1.0
moon,nakshatra,,1972-02-26T09:39:22.500000+00:00,1972,Revati,4.0
moon,nakshatra,,1972-03-11T22:30:00+00:00,1972,Ashwini,1.0
moon,nakshatra,,1972-03-24T12:22:30+00:00,1972,Revati,4.0
moon,nakshatra,,1972-04-08T03:16:52.500000+00:00,1972,Ashwini,1.0
moon,nakshatra,,1972-04-20T13:13:07.500000+00:00,1972,Revati,4.0
moon,nakshatra,,1972-05-05T04:41:15+00:00,1972,Ashwini,1.0
moon,nakshatra,,1972-05-17T16:01:52.500000+00:00,1972,Revati,4.0
moon,nakshatra,,1972-06-01T06:11:15+00:00,1972,Ashwini,1.0
moon,nakshatra,,1972-06-13T22:52:30+00:00,1972,Revati,4.0
moon,nakshatra,,1972-06-28T10:35:37.500000+00:00,1972,Ashwini,1.0
moon,nakshatra,,1972-07-11T08:20:37.500000+00:00,1972,Revati,4.0
moon,nakshatra,,1972-07-25T17:54:22.500000+00:00,1972,Ashwini,1.0
moon,nakshatra,,1972-08-07T17:03:45+00:00,1972,Revati,4.0
moon,nakshatra,,1972-08-22T01:58:07.500000+00:00,1972,Ashwini,1.0
moon,nakshatra,,1972-09-03T22:30:00+00:00,1972,Revati,4.0
moon,nakshatra,,1972-09-18T08:09:22.500000+00:00,1972,Ashwini,1.0
moon,nakshatra,,1972-10-01T00:05:37.500000+00:00,1972,Revati,4.0
moon,nakshatra,,1972-10-15T11:03:45+00:00,1972,Ashwini,1.0
moon,nakshatra,,1972-10-28T00:50:37.500000+00:00,1972,Revati,4.0
moon,nakshatra,,1972-11-11T12:16:52.500000+00:00,1972,Ashwini,1.0
moon,nakshatra,,1972-11-24T05:26:15+00:00,1972,Revati,4.0
moon,nakshatra,,1972-12-08T15:05:37.500000+00:00,1972,Ashwini,1.0
moon,nakshatra,,1972-12-21T15:00:00+00:00,1972,Revati,4.0
moon,nakshatra,,1973-01-04T21:00:00+00:00,1973,Ashwini,1.0
moon,nakshatra,,1973-01-18T02:03:45+00:00,1973,Revati,4.0
moon,nakshatra,,1973-02-01T04:13:07.500000+00:00,1973,Ashwini,1.0
moon,nakshatra,,1973-02-14T10:13:07.500000+00:00,1973,Revati,4.0
moon,nakshatra,,1973-02-28T10:07:30+00:00,1973,Ashwini,1.0
moon,nakshatra,,1973-03-13T13:13:07.500000+00:00,1973,Revati,4.0
moon,nakshatra,,1973-03-27T13:13:07.500000+00:00,1973,Ashwini,1.0
moon,nakshatra,,1973-04-09T13:35:37.500000+00:00,1973,Revati,4.0
moon,nakshatra,,1973-04-23T15:00:00+00:00,1973,Ashwini,1.0
moon,nakshatra,,1973-05-06T16:18:45+00:00,1973,Revati,4.0
moon,nakshatra,,1973-05-20T18:00:00+00:00,1973,Ashwini,1.0
moon,nakshatra,,1973-06-02T23:48:45+00:00,1973,Revati,4.0
moon,nakshatra,,1973-06-16T23:15:00+00:00,1973,Ashwini,1.0
moon,nakshatra,,1973-06-30T10:24:22.500000+00:00,1973,Revati,4.0
moon,nakshatra,,1973-07-14T05:31:52.500000+00:00,1973,Ashwini,1.0
moon,nakshatra,,1973-07-27T20:26:15+00:00,1973,Revati,4.0
moon,nakshatra,,1973-08-10T11:09:22.500000+00:00,1973,Ashwini,1.0
moon,nakshatra,,1973-08-24T02:48:45+00:00,1973,Revati,4.0
moon,nakshatra,,1973-09-06T14:48:45+00:00,1973,Ashwini,1.0
moon,nakshatra,,1973-09-20T04:41:15+00:00,1973,Revati,4.0
moon,nakshatra,,1973-10-03T16:52:30+00:00,1973,Ashwini,1.0
moon,nakshatra,,1973-10-17T05:09:22.500000+00:00,1973,Revati,4.0
moon,nakshatra,,1973-10-30T19:35:37.500000+00:00,1973,Ashwini,1.0
moon,nakshatra,,1973-11-13T09:22:30+00:00,1973,Revati,4.0
moon,nakshatra,,1973-11-27T00:28:07.500000+00:00,1973,Ashwini,1.0
moon,nakshatra,,1973-12-10T18:39:22.500000+00:00,1973,Revati,4.0
moon,nakshatra,,1973-12-24T07:01:52.500000+00:00,1973,Ashwini,1.0
moon,nakshatra,,1974-01-07T06:16:52.500000+00:00,1974,Revati,4.0
moon,nakshatra,,1974-01-20T12:39:22.500000+00:00,1974,Ashwini,1.0
moon,nakshatra,,1974-02-03T15:22:30+00:00,1974,Revati,4.0
moon,nakshatra,,1974-02-16T15:56:15+00:00,1974,Ashwini,1.0
moon,nakshatra,,1974-03-02T19:01:52.500000+00:00,1974,Revati,4.0
moon,nakshatra,,1974-03-15T17:31:52.500000+00:00,1974,Ashwini,1.0
moon,nakshatra,,1974-03-29T19:24:22.500000+00:00,1974,Revati,4.0
moon,nakshatra,,1974-04-11T20:20:37.500000+00:00,1974,Ashwini,1.0
moon,nakshatra,,1974-04-25T21:39:22.500000+00:00,1974,Revati,4.0
moon,nakshatra,,1974-05-09T01:52:30+00:00,1974,Ashwini,1.0
moon,nakshatra,,1974-05-23T04:24:22.500000+00:00,1974,Revati,4.0
moon,nakshatra,,1974-06-05T09:00:00+00:00,1974,Ashwini,1.0
moon,nakshatra,,1974-06-19T14:20:37.500000+00:00,1974,Revati,4.0
moon,nakshatra,,1974-07-02T15:28:07.500000+00:00,1974,Ashwini,1.0
moon,nakshatra,,1974-07-17T00:05:37.500000+00:00,1974,Revati,4.0
moon,nakshatra,,1974-07-29T19:30:00+00:00,1974,Ashwini,1.0
moon,nakshatra,,1974-08-13T06:39:22.500000+00:00,1974,Revati,4.0
moon,nakshatra,,1974-08-25T21:16:52.500000+00:00,1974,Ashwini,1.0
moon,nakshatra,,1974-09-09T08:54:22.500000+00:00,1974,Revati,4.0
moon,nakshatra,,1974-09-21T23:03:45+00:00,1974,Ashwini,1.0
moon,nakshatra,,1974-10-06T09:33:45+00:00,1974,Revati,4.0
moon,nakshatra,,1974-10-19T03:45:00+00:00,1974,Ashwini,1.0
moon,nakshatra,,1974-11-02T12:56:15+00:00,1974,Revati,4.0
moon,nakshatra,,1974-11-15T11:31:52.500000+00:00,1974,Ashwini,1.0
moon,nakshatra,,1974-11-29T20:54:22.500000+00:00,1974,Revati,4.0
moon,nakshatra,,1974-12-12T19:52:30+00:00,1974,Ashwini,1.0
moon,nakshatra,,1974-12-27T07:01:52.500000+00:00,1974,Revati,4.0
moon,nakshatra,,1975-01-09T01:24:22.500000+00:00,1975,Ashwini,1.0
moon,nakshatra,,1975-01-23T15:16:52.500000+00:00,1975,Revati,4.0
moon,nakshatra,,1975-02-05T03:11:15+00:00,1975,Ashwini,1.0
moon,nakshatra,,1975-02-19T18:50:37.500000+00:00,1975,Revati,4.0
moon,nakshatra,,1975-03-04T04:01:52.500000+00:00,1975,Ashwini,1.0
moon,nakshatra,,1975-03-18T19:35:37.500000+00:00,1975,Revati,4.0
moon,nakshatra,,1975-03-31T08:03:45+00:00,1975,Ashwini,1.0
moon,nakshatra,,1975-04-14T21:45:00+00:00,1975,Revati,4.0
moon,nakshatra,,1975-04-27T16:07:30+00:00,1975,Ashwini,1.0
moon,nakshatra,,1975-05-12T03:28:07.500000+00:00,1975,Revati,4.0
moon,nakshatra,,1975-05-25T01:35:37.500000+00:00,1975,Ashwini,1.0
moon,nakshatra,,1975-06-08T11:37:30+00:00,1975,Revati,4.0
moon,nakshatra,,1975-06-21T09:05:37.500000+00:00,1975,Ashwini,1.0
moon,nakshatra,,1975-07-05T19:35:37.500000+00:00,1975,Revati,4.0
moon,nakshatra,,1975-07-18T12:50:37.500000+00:00,1975,Ashwini,1.0
moon,nakshatra,,1975-08-02T00:45:00+00:00,1975,Revati,4.0
moon,nakshatra,,1975-08-14T13:52:30+00:00,1975,Ashwini,1.0
moon,nakshatra,,1975-08-29T02:54:22.500000+00:00,1975,Revati,4.0
moon,nakshatra,,1975-09-10T15:39:22.500000+00:00,1975,Ashwini,1.0
moon,nakshatra,,1975-09-25T04:18:45+00:00,1975,Revati,4.0
moon,nakshatra,,1975-10-07T21:39:22.500000+00:00,1975,Ashwini,1.0
moon,nakshatra,,1975-10-22T07:58:07.500000+00:00,1975,Revati,4.0
moon,nakshatra,,1975-11-04T07:35:37.500000+00:00,1975,Ashwini,1.0
moon,nakshatra,,1975-11-18T14:31:52.500000+00:00,1975,Revati,4.0
moon,nakshatra,,1975-12-01T17:54:22.500000+00:00,1975,Ashwini,1.0
moon,nakshatra,,1975-12-15T22:07:30+00:00,1975,Revati,4.0
moon,nakshatra,,1975-12-29T00:28:07.500000+00:00,1975,Ashwini,1.0
moon,nakshatra,,1976-01-12T03:56:15+00:00,1976,Revati,4.0
moon,nakshatra,,1976-01-25T02:09:22.500000+00:00,1976,Ashwini,1.0
moon,nakshatra,,1976-02-08T06:28:07.500000+00:00,1976,Revati,4.0
moon,nakshatra,,1976-02-21T02:37:30+00:00,1976,Ashwini,1.0
moon,nakshatra,,1976-03-06T08:03:45+00:00,1976,Revati,4.0
moon,nakshatra,,1976-03-19T06:56:15+00:00,1976,Ashwini,1.0
moon,nakshatra,,1976-04-02T11:26:15+00:00,1976,Revati,4.0
moon,nakshatra,,1976-04-15T16:13:07.500000+00:00,1976,Ashwini,1.0
moon,nakshatra,,1976-04-29T17:03:45+00:00,1976,Revati,4.0
moon,nakshatra,,1976-05-13T03:11:15+00:00,1976,Ashwini,1.0
moon,nakshatra,,1976-05-26T23:31:52.500000+00:00,1976,Revati,4.0
moon,nakshatra,,1976-06-09T12:00:00+00:00,1976,Ashwini,1.0
moon,nakshatra,,1976-06-23T04:46:52.500000+00:00,1976,Revati,4.0
moon,nakshatra,,1976-07-06T16:18:45+00:00,1976,Ashwini,1.0
moon,nakshatra,,1976-07-20T07:58:07.500000+00:00,1976,Revati,4.0
moon,nakshatra,,1976-08-02T17:15:00+00:00,1976,Ashwini,1.0
moon,nakshatra,,1976-08-16T10:01:52.500000+00:00,1976,Revati,4.0
moon,nakshatra,,1976-08-29T18:50:37.500000+00:00,1976,Ashwini,1.0
moon,nakshatra,,1976-09-12T13:07:30+00:00,1976,Revati,4.0
moon,nakshatra,,1976-09-26T00:45:00+00:00,1976,Ashwini,1.0
moon,nakshatra,,1976-10-09T18:22:30+00:00,1976,Revati,4.0
moon,nakshatra,,1976-10-23T10:58:07.500000+00:00,1976,Ashwini,1.0
moon,nakshatra,,1976-11-06T00:45:00+00:00,1976,Revati,4.0
moon,nakshatra,,1976-11-19T22:07:30+00:00,1976,Ashwini,1.0
moon,nakshatra,,1976-12-03T06:16:52.500000+00:00,1976,Revati,4.0
moon,nakshatra,,1976-12-17T05:48:45+00:00,1976,Ashwini,1.0
moon,nakshatra,,1976-12-30T09:16:52.500000+00:00,1976,Revati,4.0
moon,nakshatra,,1977-01-13T08:03:45+00:00,1977,Ashwini,1.0
moon,nakshatra,,1977-01-26T10:52:30+00:00,1977,Revati,4.0
moon,nakshatra,,1977-02-09T08:15:00+00:00,1977,Ashwini,1.0
moon,nakshatra,,1977-02-22T14:03:45+00:00,1977,Revati,4.0
moon,nakshatra,,1977-03-08T11:54:22.500000+00:00,1977,Ashwini,1.0
moon,nakshatra,,1977-03-21T19:58:07.500000+00:00,1977,Revati,4.0
moon,nakshatra,,1977-04-04T20:31:52.500000+00:00,1977,Ashwini,1.0
moon,nakshatra,,1977-04-18T02:48:45+00:00,1977,Revati,4.0
moon,nakshatra,,1977-05-02T07:18:45+00:00,1977,Ashwini,1.0
moon,nakshatra,,1977-05-15T08:26:15+00:00,1977,Revati,4.0
moon,nakshatra,,1977-05-29T16:24:22.500000+00:00,1977,Ashwini,1.0
moon,nakshatra,,1977-06-11T11:37:30+00:00,1977,Revati,4.0
moon,nakshatra,,1977-06-25T21:11:15+00:00,1977,Ashwini,1.0
moon,nakshatra,,1977-07-08T13:18:45+00:00,1977,Revati,4.0
moon,nakshatra,,1977-07-22T22:18:45+00:00,1977,Ashwini,1.0
moon,nakshatra,,1977-08-04T15:56:15+00:00,1977,Revati,4.0
moon,nakshatra,,1977-08-18T23:43:07.500000+00:00,1977,Ashwini,1.0
moon,nakshatra,,1977-08-31T21:22:30+00:00,1977,Revati,4.0
moon,nakshatra,,1977-09-15T04:41:15+00:00,1977,Ashwini,1.0
moon,nakshatra,,1977-09-28T05:09:22.500000+00:00,1977,Revati,4.0
moon,nakshatra,,1977-10-12T13:35:37.500000+00:00,1977,Ashwini,1.0
moon,nakshatra,,1977-10-25T12:33:45+00:00,1977,Revati,4.0
moon,nakshatra,,1977-11-08T23:43:07.500000+00:00,1977,Ashwini,1.0
moon,nakshatra,,1977-11-21T17:09:22.500000+00:00,1977,Revati,4.0
moon,nakshatra,,1977-12-06T07:07:30+00:00,1977,Ashwini,1.0
moon,nakshatra,,1977-12-18T18:28:07.500000+00:00,1977,Revati,4.0
moon,nakshatra,,1978-01-02T09:39:22.500000+00:00,1978,Ashwini,1.0
moon,nakshatra,,1978-01-14T19:46:52.500000+00:00,1978,Revati,4.0
moon,nakshatra,,1978-01-29T10:01:52.500000+00:00,1978,Ashwini,1.0
moon,nakshatra,,1978-02-11T00:50:37.500000+00:00,1978,Revati,4.0
moon,nakshatra,,1978-02-25T13:13:07.500000+00:00,1978,Ashwini,1.0
moon,nakshatra,,1978-03-10T09:33:45+00:00,1978,Revati,4.0
moon,nakshatra,,1978-03-24T20:26:15+00:00,1978,Ashwini,1.0
moon,nakshatra,,1978-04-06T18:28:07.500000+00:00,1978,Revati,4.0
moon,nakshatra,,1978-04-21T05:26:15+00:00,1978,Ashwini,1.0
moon,nakshatra,,1978-05-04T00:33:45+00:00,1978,Revati,4.0
moon,nakshatra,,1978-05-18T12:56:15+00:00,1978,Ashwini,1.0
moon,nakshatra,,1978-05-31T02:48:45+00:00,1978,Revati,4.0
moon,nakshatra,,1978-06-14T17:03:45+00:00,1978,Ashwini,1.0
moon,nakshatra,,1978-06-27T03:45:00+00:00,1978,Revati,4.0
moon,nakshatra,,1978-07-11T18:28:07.500000+00:00,1978,Ashwini,1.0
moon,nakshatra,,1978-07-24T07:01:52.500000+00:00,1978,Revati,4.0
moon,nakshatra,,1978-08-07T20:20:37.500000+00:00,1978,Ashwini,1.0
moon,nakshatra,,1978-08-20T14:26:15+00:00,1978,Revati,4.0
moon,nakshatra,,1978-09-04T01:01:52.500000+00:00,1978,Ashwini,1.0
moon,nakshatra,,1978-09-17T00:22:30+00:00,1978,Revati,4.0
moon,nakshatra,,1978-10-01T08:15:00+00:00,1978,Ashwini,1.0
moon,nakshatra,,1978-10-14T09:28:07.500000+00:00,1978,Revati,4.0
moon,nakshatra,,1978-10-28T15:56:15+00:00,1978,Ashwini,1.0
moon,nakshatra,,1978-11-10T14:31:52.500000+00:00,1978,Revati,4.0
moon,nakshatra,,1978-11-24T21:11:15+00:00,1978,Ashwini,1.0
moon,nakshatra,,1978-12-07T15:22:30+00:00,1978,Revati,4.0
moon,nakshatra,,1978-12-21T23:15:00+00:00,1978,Ashwini,1.0
moon,nakshatra,,1979-01-03T16:30:00+00:00,1979,Revati,4.0
moon,nakshatra,,1979-01-18T00:45:00+00:00,1979,Ashwini,1.0
moon,nakshatra,,1979-01-30T22:18:45+00:00,1979,Revati,4.0
moon,nakshatra,,1979-02-14T04:35:37.500000+00:00,1979,Ashwini,1.0
moon,nakshatra,,1979-02-27T08:43:07.500000+00:00,1979,Revati,4.0
moon,nakshatra,,1979-03-13T10:58:07.500000+00:00,1979,Ashwini,1.0
moon,nakshatra,,1979-03-26T19:24:22.500000+00:00,1979,Revati,4.0
moon,nakshatra,,1979-04-09T17:37:30+00:00,1979,Ashwini,1.0
moon,nakshatra,,1979-04-23T02:37:30+00:00,1979,Revati,4.0
moon,nakshatra,,1979-05-06T22:35:37.500000+00:00,1979,Ashwini,1.0
moon,nakshatra,,1979-05-20T05:09:22.500000+00:00,1979,Revati,4.0
moon,nakshatra,,1979-06-03T01:13:07.500000+00:00,1979,Ashwini,1.0
moon,nakshatra,,1979-06-16T05:43:07.500000+00:00,1979,Revati,4.0
moon,nakshatra,,1979-06-30T03:16:52.500000+00:00,1979,Ashwini,1.0
moon,nakshatra,,1979-07-13T08:54:22.500000+00:00,1979,Revati,4.0
moon,nakshatra,,1979-07-27T06:50:37.500000+00:00,1979,Ashwini,1.0
moon,nakshatra,,1979-08-09T16:41:15+00:00,1979,Revati,4.0
moon,nakshatra,,1979-08-23T12:22:30+00:00,1979,Ashwini,1.0
moon,nakshatra,,1979-09-06T03:28:07.500000+00:00,1979,Revati,4.0
moon,nakshatra,,1979-09-19T18:39:22.500000+00:00,1979,Ashwini,1.0
moon,nakshatra,,1979-10-03T13:41:15+00:00,1979,Revati,4.0
moon,nakshatra,,1979-10-16T23:43:07.500000+00:00,1979,Ashwini,1.0
moon,nakshatra,,1979-10-30T19:41:15+00:00,1979,Revati,4.0
moon,nakshatra,,1979-11-13T02:31:52.500000+00:00,1979,Ashwini,1.0
moon,nakshatra,,1979-11-26T20:54:22.500000+00:00,1979,Revati,4.0
moon,nakshatra,,1979-12-10T04:18:45+00:00,1979,Ashwini,1.0
moon,nakshatra,,1979-12-23T21:33:45+00:00,1979,Revati,4.0
moon,nakshatra,,1980-01-06T07:46:52.500000+00:00,1980,Ashwini,1.0
moon,nakshatra,,1980-01-20T02:43:07.500000+00:00,1980,Revati,4.0
moon,nakshatra,,1980-02-02T13:52:30+00:00,1980,Ashwini,1.0
moon,nakshatra,,1980-02-16T12:45:00+00:00,1980,Revati,4.0
moon,nakshatra,,1980-02-29T20:31:52.500000+00:00,1980,Ashwini,1.0
moon,nakshatra,,1980-03-14T23:54:22.500000+00:00,1980,Revati,4.0
moon,nakshatra,,1980-03-28T01:35:37.500000+00:00,1980,Ashwini,1.0
moon,nakshatra,,1980-04-11T07:41:15+00:00,1980,Revati,4.0
moon,nakshatra,,1980-04-24T04:13:07.500000+00:00,1980,Ashwini,1.0
moon,nakshatra,,1980-05-08T10:41:15+00:00,1980,Revati,4.0
moon,nakshatra,,1980-05-21T05:54:22.500000+00:00,1980,Ashwini,1.0
moon,nakshatra,,1980-06-04T11:20:37.500000+00:00,1980,Revati,4.0
moon,nakshatra,,1980-06-17T09:16:52.500000+00:00,1980,Ashwini,1.0
moon,nakshatra,,1980-07-01T13:58:07.500000+00:00,1980,Revati,4.0
moon,nakshatra,,1980-07-14T15:28:07.500000+00:00,1980,Ashwini,1.0
moon,nakshatra,,1980-07-28T20:48:45+00:00,1980,Revati,4.0
moon,nakshatra,,1980-08-10T22:52:30+00:00,1980,Ashwini,1.0
moon,nakshatra,,1980-08-25T06:39:22.500000+00:00,1980,Revati,4.0
moon,nakshatra,,1980-09-07T05:15:00+00:00,1980,Ashwini,1.0
moon,nakshatra,,1980-09-21T16:18:45+00:00,1980,Revati,4.0
moon,nakshatra,,1980-10-04T08:48:45+00:00,1980,Ashwini,1.0
moon,nakshatra,,1980-10-18T22:24:22.500000+00:00,1980,Revati,4.0
moon,nakshatra,,1980-10-31T10:01:52.500000+00:00,1980,Ashwini,1.0
moon,nakshatra,,1980-11-15T00:00:00+00:00,1980,Revati,4.0
moon,nakshatra,,1980-11-27T12:05:37.500000+00:00,1980,Ashwini,1.0
moon,nakshatra,,1980-12-12T00:39:22.500000+00:00,1980,Revati,4.0
moon,nakshatra,,1980-12-24T17:54:22.500000+00:00,1980,Ashwini,1.0
moon,nakshatra,,1981-01-08T04:52:30+00:00,1981,Revati,4.0
moon,nakshatra,,1981-01-21T02:48:45+00:00,1981,Ashwini,1.0
moon,nakshatra,,1981-02-04T13:18:45+00:00,1981,Revati,4.0
moon,nakshatra,,1981-02-17T11:03:45+00:00,1981,Ashwini,1.0
moon,nakshatra,,1981-03-03T22:46:52.500000+00:00,1981,Revati,4.0
moon,nakshatra,,1981-03-16T15:50:37.500000+00:00,1981,Ashwini,1.0
moon,nakshatra,,1981-03-31T05:37:30+00:00,1981,Revati,4.0
moon,nakshatra,,1981-04-12T17:09:22.500000+00:00,1981,Ashwini,1.0
moon,nakshatra,,1981-04-27T08:26:15+00:00,1981,Revati,4.0
moon,nakshatra,,1981-05-09T18:28:07.500000+00:00,1981,Ashwini,1.0
moon,nakshatra,,1981-05-24T09:28:07.500000+00:00,1981,Revati,4.0
moon,nakshatra,,1981-06-05T23:15:00+00:00,1981,Ashwini,1.0
moon,nakshatra,,1981-06-20T12:16:52.500000+00:00,1981,Revati,4.0
moon,nakshatra,,1981-07-03T07:41:15+00:00,1981,Ashwini,1.0
moon,nakshatra,,1981-07-17T18:11:15+00:00,1981,Revati,4.0
moon,nakshatra,,1981-07-30T17:15:00+00:00,1981,Ashwini,1.0
moon,nakshatra,,1981-08-14T02:09:22.500000+00:00,1981,Revati,4.0
moon,nakshatra,,1981-08-27T00:45:00+00:00,1981,Ashwini,1.0
moon,nakshatra,,1981-09-10T09:33:45+00:00,1981,Revati,4.0
moon,nakshatra,,1981-09-23T04:13:07.500000+00:00,1981,Ashwini,1.0
moon,nakshatra,,1981-10-07T14:09:22.500000+00:00,1981,Revati,4.0
moon,nakshatra,,1981-10-20T04:46:52.500000+00:00,1981,Ashwini,1.0
moon,nakshatra,,1981-11-03T15:50:37.500000+00:00,1981,Revati,4.0
moon,nakshatra,,1981-11-16T06:56:15+00:00,1981,Ashwini,1.0
moon,nakshatra,,1981-11-30T17:31:52.500000+00:00,1981,Revati,4.0
moon,nakshatra,,1981-12-13T14:09:22.500000+00:00,1981,Ashwini,1.0
moon,nakshatra,,1981-12-27T21:50:37.500000+00:00,1981,Revati,4.0
moon,nakshatra,,1982-01-10T01:01:52.500000+00:00,1982,Ashwini,1.0
moon,nakshatra,,1982-01-24T04:41:15+00:00,1982,Revati,4.0
moon,nakshatra,,1982-02-06T11:15:00+00:00,1982,Ashwini,1.0
moon,nakshatra,,1982-02-20T11:31:52.500000+00:00,1982,Revati,4.0
moon,nakshatra,,1982-03-05T16:46:52.500000+00:00,1982,Ashwini,1.0
moon,nakshatra,,1982-03-19T16:01:52.500000+00:00,1982,Revati,4.0
moon,nakshatra,,1982-04-01T18:00:00+00:00,1982,Ashwini,1.0
moon,nakshatra,,1982-04-15T18:11:15+00:00,1982,Revati,4.0
moon,nakshatra,,1982-04-28T18:56:15+00:00,1982,Ashwini,1.0
moon,nakshatra,,1982-05-12T20:20:37.500000+00:00,1982,Revati,4.0
moon,nakshatra,,1982-05-26T00:00:00+00:00,1982,Ashwini,1.0
moon,nakshatra,,1982-06-09T00:28:07.500000+00:00,1982,Revati,4.0
moon,nakshatra,,1982-06-22T09:16:52.500000+00:00,1982,Ashwini,1.0
moon,nakshatra,,1982-07-06T06:22:30+00:00,1982,Revati,4.0
moon,nakshatra,,1982-07-19T20:03:45+00:00,1982,Ashwini,1.0
moon,nakshatra,,1982-08-02T12:33:45+00:00,1982,Revati,4.0
moon,nakshatra,,1982-08-16T04:41:15+00:00,1982,Ashwini,1.0
moon,nakshatra,,1982-08-29T17:20:37.500000+00:00,1982,Revati,4.0
moon,nakshatra,,1982-09-12T08:43:07.500000+00:00,1982,Ashwini,1.0
moon,nakshatra,,1982-09-25T19:58:07.500000+00:00,1982,Revati,4.0
moon,nakshatra,,1982-10-09T09:22:30+00:00,1982,Ashwini,1.0
moon,nakshatra,,1982-10-22T22:01:52.500000+00:00,1982,Revati,4.0
moon,nakshatra,,1982-11-05T11:09:22.500000+00:00,1982,Ashwini,1.0
moon,nakshatra,,1982-11-19T01:46:52.500000+00:00,1982,Revati,4.0
moon,nakshatra,,1982-12-02T17:54:22.500000+00:00,1982,Ashwini,1.0
moon,nakshatra,,1982-12-16T07:46:52.500000+00:00,1982,Revati,4.0
moon,nakshatra,,1982-12-30T04:58:07.500000+00:00,1982,Ashwini,1.0
moon,nakshatra,,1983-01-12T14:09:22.500000+00:00,1983,Revati,4.0
moon,nakshatra,,1983-01-26T15:56:15+00:00,1983,Ashwini,1.0
moon,nakshatra,,1983-02-08T18:39:22.500000+00:00,1983,Revati,4.0
moon,nakshatra,,1983-02-22T22:24:22.500000+00:00,1983,Ashwini,1.0
moon,nakshatra,,1983-03-07T20:48:45+00:00,1983,Revati,4.0
moon,nakshatra,,1983-03-21T23:54:22.500000+00:00,1983,Ashwini,1.0
moon,nakshatra,,1983-04-03T22:41:15+00:00,1983,Revati,4.0
moon,nakshatra,,1983-04-18T00:33:45+00:00,1983,Ashwini,1.0
moon,nakshatra,,1983-05-01T02:54:22.500000+00:00,1983,Revati,4.0
moon,nakshatra,,1983-05-15T04:58:07.500000+00:00,1983,Ashwini,1.0
moon,nakshatra,,1983-05-28T09:28:07.500000+00:00,1983,Revati,4.0
moon,nakshatra,,1983-06-11T13:30:00+00:00,1983,Ashwini,1.0
moon,nakshatra,,1983-06-24T16:30:00+00:00,1983,Revati,4.0
moon,nakshatra,,1983-07-08T23:43:07.500000+00:00,1983,Ashwini,1.0
moon,nakshatra,,1983-07-21T21:56:15+00:00,1983,Revati,4.0
moon,nakshatra,,1983-08-05T08:20:37.500000+00:00,1983,Ashwini,1.0
moon,nakshatra,,1983-08-18T00:45:00+00:00,1983,Revati,4.0
moon,nakshatra,,1983-09-01T12:39:22.500000+00:00,1983,Ashwini,1.0
moon,nakshatra,,1983-09-14T02:09:22.500000+00:00,1983,Revati,4.0
moon,nakshatra,,1983-09-28T13:35:37.500000+00:00,1983,Ashwini,1.0
moon,nakshatra,,1983-10-11T05:03:45+00:00,1983,Revati,4.0
moon,nakshatra,,1983-10-25T15:05:37.500000+00:00,1983,Ashwini,1.0
moon,nakshatra,,1983-11-07T11:31:52.500000+00:00,1983,Revati,4.0
moon,nakshatra,,1983-11-21T20:48:45+00:00,1983,Ashwini,1.0
moon,nakshatra,,1983-12-04T20:03:45+00:00,1983,Revati,4.0
moon,nakshatra,,1983-12-19T06:11:15+00:00,1983,Ashwini,1.0
moon,nakshatra,,1984-01-01T03:22:30+00:00,1984,Revati,4.0
moon,nakshatra,,1984-01-15T15:50:37.500000+00:00,1984,Ashwini,1.0
moon,nakshatra,,1984-01-28T06:56:15+00:00,1984,Revati,4.0
moon,nakshatra,,1984-02-11T21:56:15+00:00,1984,Ashwini,1.0
moon,nakshatra,,1984-02-24T07:41:15+00:00,1984,Revati,4.0
moon,nakshatra,,1984-03-09T23:37:30+00:00,1984,Ashwini,1.0
moon,nakshatra,,1984-03-22T09:45:00+00:00,1984,Revati,4.0
moon,nakshatra,,1984-04-06T00:33:45+00:00,1984,Ashwini,1.0
moon,nakshatra,,1984-04-18T15:56:15+00:00,1984,Revati,4.0
moon,nakshatra,,1984-05-03T04:24:22.500000+00:00,1984,Ashwini,1.0
moon,nakshatra,,1984-05-16T01:07:30+00:00,1984,Revati,4.0
moon,nakshatra,,1984-05-30T11:37:30+00:00,1984,Ashwini,1.0
moon,nakshatra,,1984-06-12T10:01:52.500000+00:00,1984,Revati,4.0
moon,nakshatra,,1984-06-26T19:58:07.500000+00:00,1984,Ashwini,1.0
moon,nakshatra,,1984-07-09T15:50:37.500000+00:00,1984,Revati,4.0
moon,nakshatra,,1984-07-24T02:43:07.500000+00:00,1984,Ashwini,1.0
moon,nakshatra,,1984-08-05T17:54:22.500000+00:00,1984,Revati,4.0
moon,nakshatra,,1984-08-20T06:16:52.500000+00:00,1984,Ashwini,1.0
moon,nakshatra,,1984-09-01T18:45:00+00:00,1984,Revati,4.0
moon,nakshatra,,1984-09-16T07:41:15+00:00,1984,Ashwini,1.0
moon,nakshatra,,1984-09-28T22:24:22.500000+00:00,1984,Revati,4.0
moon,nakshatra,,1984-10-13T09:56:15+00:00,1984,Ashwini,1.0
moon,nakshatra,,1984-10-26T06:39:22.500000+00:00,1984,Revati,4.0
moon,nakshatra,,1984-11-09T15:05:37.500000+00:00,1984,Ashwini,1.0
moon,nakshatra,,1984-11-22T17:20:37.500000+00:00,1984,Revati,4.0
moon,nakshatra,,1984-12-06T22:30:00+00:00,1984,Ashwini,1.0
moon,nakshatra,,1984-12-20T02:20:37.500000+00:00,1984,Revati,4.0
moon,nakshatra,,1985-01-03T05:26:15+00:00,1985,Ashwini,1.0
moon,nakshatra,,1985-01-16T06:22:30+00:00,1985,Revati,4.0
moon,nakshatra,,1985-01-30T09:33:45+00:00,1985,Ashwini,1.0
moon,nakshatra,,1985-02-12T06:39:22.500000+00:00,1985,Revati,4.0
moon,nakshatra,,1985-02-26T11:15:00+00:00,1985,Ashwini,1.0
moon,nakshatra,,1985-03-11T08:37:30+00:00,1985,Revati,4.0
moon,nakshatra,,1985-03-25T13:30:00+00:00,1985,Ashwini,1.0
moon,nakshatra,,1985-04-07T15:33:45+00:00,1985,Revati,4.0
moon,nakshatra,,1985-04-21T18:05:37.500000+00:00,1985,Ashwini,1.0
moon,nakshatra,,1985-05-05T02:03:45+00:00,1985,Revati,4.0
moon,nakshatra,,1985-05-19T00:22:30+00:00,1985,Ashwini,1.0
moon,nakshatra,,1985-06-01T12:28:07.500000+00:00,1985,Revati,4.0
moon,nakshatra,,1985-06-15T06:28:07.500000+00:00,1985,Ashwini,1.0
moon,nakshatra,,1985-06-28T19:13:07.500000+00:00,1985,Revati,4.0
moon,nakshatra,,1985-07-12T10:41:15+00:00,1985,Ashwini,1.0
moon,nakshatra,,1985-07-25T21:33:45+00:00,1985,Revati,4.0
moon,nakshatra,,1985-08-08T13:01:52.500000+00:00,1985,Ashwini,1.0
moon,nakshatra,,1985-08-21T22:13:07.500000+00:00,1985,Revati,4.0
moon,nakshatra,,1985-09-04T15:22:30+00:00,1985,Ashwini,1.0
moon,nakshatra,,1985-09-18T01:35:37.500000+00:00,1985,Revati,4.0
moon,nakshatra,,1985-10-01T19:35:37.500000+00:00,1985,Ashwini,1.0
moon,nakshatra,,1985-10-15T09:50:37.500000+00:00,1985,Revati,4.0
moon,nakshatra,,1985-10-29T01:35:37.500000+00:00,1985,Ashwini,1.0
moon,nakshatra,,1985-11-11T21:05:37.500000+00:00,1985,Revati,4.0
moon,nakshatra,,1985-11-25T07:46:52.500000+00:00,1985,Ashwini,1.0
moon,nakshatra,,1985-12-09T07:07:30+00:00,1985,Revati,4.0
moon,nakshatra,,1985-12-22T12:05:37.500000+00:00,1985,Ashwini,1.0
moon,nakshatra,,1986-01-05T12:05:37.500000+00:00,1986,Revati,4.0
moon,nakshatra,,1986-01-18T14:03:45+00:00,1986,Ashwini,1.0
moon,nakshatra,,1986-02-01T12:33:45+00:00,1986,Revati,4.0
moon,nakshatra,,1986-02-14T16:07:30+00:00,1986,Ashwini,1.0
moon,nakshatra,,1986-02-28T13:58:07.500000+00:00,1986,Revati,4.0
moon,nakshatra,,1986-03-13T20:48:45+00:00,1986,Ashwini,1.0
moon,nakshatra,,1986-03-27T20:09:22.500000+00:00,1986,Revati,4.0
moon,nakshatra,,1986-04-10T03:28:07.500000+00:00,1986,Ashwini,1.0
moon,nakshatra,,1986-04-24T06:16:52.500000+00:00,1986,Revati,4.0
moon,nakshatra,,1986-05-07T10:01:52.500000+00:00,1986,Ashwini,1.0
moon,nakshatra,,1986-05-21T16:41:15+00:00,1986,Revati,4.0
moon,nakshatra,,1986-06-03T14:31:52.500000+00:00,1986,Ashwini,1.0
moon,nakshatra,,1986-06-17T23:48:45+00:00,1986,Revati,4.0
moon,nakshatra,,1986-06-30T16:41:15+00:00,1986,Ashwini,1.0
moon,nakshatra,,1986-07-15T02:31:52.500000+00:00,1986,Revati,4.0
moon,nakshatra,,1986-07-27T18:22:30+00:00,1986,Ashwini,1.0
moon,nakshatra,,1986-08-11T03:11:15+00:00,1986,Revati,4.0
moon,nakshatra,,1986-08-23T22:18:45+00:00,1986,Ashwini,1.0
moon,nakshatra,,1986-09-07T06:00:00+00:00,1986,Revati,4.0
moon,nakshatra,,1986-09-20T05:15:00+00:00,1986,Ashwini,1.0
moon,nakshatra,,1986-10-04T13:07:30+00:00,1986,Revati,4.0
moon,nakshatra,,1986-10-17T13:18:45+00:00,1986,Ashwini,1.0
moon,nakshatra,,1986-10-31T23:03:45+00:00,1986,Revati,4.0
moon,nakshatra,,1986-11-13T19:35:37.500000+00:00,1986,Ashwini,1.0
moon,nakshatra,,1986-11-28T08:20:37.500000+00:00,1986,Revati,4.0
moon,nakshatra,,1986-12-10T22:18:45+00:00,1986,Ashwini,1.0
moon,nakshatra,,1986-12-25T13:13:07.500000+00:00,1986,Revati,4.0
moon,nakshatra,,1987-01-06T23:03:45+00:00,1987,Ashwini,1.0
moon,nakshatra,,1987-01-21T14:09:22.500000+00:00,1987,Revati,4.0
moon,nakshatra,,1987-02-03T01:58:07.500000+00:00,1987,Ashwini,1.0
moon,nakshatra,,1987-02-17T15:28:07.500000+00:00,1987,Revati,4.0
moon,nakshatra,,1987-03-02T09:11:15+00:00,1987,Ashwini,1.0
moon,nakshatra,,1987-03-16T20:43:07.500000+00:00,1987,Revati,4.0
moon,nakshatra,,1987-03-29T18:28:07.500000+00:00,1987,Ashwini,1.0
moon,nakshatra,,1987-04-13T05:03:45+00:00,1987,Revati,4.0
moon,nakshatra,,1987-04-26T02:20:37.500000+00:00,1987,Ashwini,1.0
moon,nakshatra,,1987-05-10T13:41:15+00:00,1987,Revati,4.0
moon,nakshatra,,1987-05-23T06:28:07.500000+00:00,1987,Ashwini,1.0
moon,nakshatra,,1987-06-06T19:35:37.500000+00:00,1987,Revati,4.0
moon,nakshatra,,1987-06-19T07:35:37.500000+00:00,1987,Ashwini,1.0
moon,nakshatra,,1987-07-03T22:07:30+00:00,1987,Revati,4.0
moon,nakshatra,,1987-07-16T09:11:15+00:00,1987,Ashwini,1.0
moon,nakshatra,,1987-07-30T23:26:15+00:00,1987,Revati,4.0
moon,nakshatra,,1987-08-12T14:31:52.500000+00:00,1987,Ashwini,1.0
moon,nakshatra,,1987-08-27T02:26:15+00:00,1987,Revati,4.0
moon,nakshatra,,1987-09-08T23:31:52.500000+00:00,1987,Ashwini,1.0
moon,nakshatra,,1987-09-23T08:31:52.500000+00:00,1987,Revati,4.0
moon,nakshatra,,1987-10-06T09:39:22.500000+00:00,1987,Ashwini,1.0
moon,nakshatra,,1987-10-20T16:18:45+00:00,1987,Revati,4.0
moon,nakshatra,,1987-11-02T17:03:45+00:00,1987,Ashwini,1.0
moon,nakshatra,,1987-11-16T23:03:45+00:00,1987,Revati,4.0
moon,nakshatra,,1987-11-29T19:46:52.500000+00:00,1987,Ashwini,1.0
moon,nakshatra,,1987-12-14T02:37:30+00:00,1987,Revati,4.0
moon,nakshatra,,1987-12-26T20:03:45+00:00,1987,Ashwini,1.0
moon,nakshatra,,1988-01-10T03:56:15+00:00,1988,Revati,4.0
moon,nakshatra,,1988-01-22T23:09:22.500000+00:00,1988,Ashwini,1.0
moon,nakshatra,,1988-02-06T06:22:30+00:00,1988,Revati,4.0
moon,nakshatra,,1988-02-19T07:35:37.500000+00:00,1988,Ashwini,1.0
moon,nakshatra,,1988-03-04T11:43:07.500000+00:00,1988,Revati,4.0
moon,nakshatra,,1988-03-17T18:39:22.500000+00:00,1988,Ashwini,1.0
moon,nakshatra,,1988-03-31T18:28:07.500000+00:00,1988,Revati,4.0
moon,nakshatra,,1988-04-14T04:07:30+00:00,1988,Ashwini,1.0
moon,nakshatra,,1988-04-28T00:28:07.500000+00:00,1988,Revati,4.0
moon,nakshatra,,1988-05-11T08:54:22.500000+00:00,1988,Ashwini,1.0
moon,nakshatra,,1988-05-25T04:07:30+00:00,1988,Revati,4.0
moon,nakshatra,,1988-06-07T09:56:15+00:00,1988,Ashwini,1.0
moon,nakshatra,,1988-06-21T06:16:52.500000+00:00,1988,Revati,4.0
moon,nakshatra,,1988-07-04T11:20:37.500000+00:00,1988,Ashwini,1.0
moon,nakshatra,,1988-07-18T08:54:22.500000+00:00,1988,Revati,4.0
moon,nakshatra,,1988-07-31T16:41:15+00:00,1988,Ashwini,1.0
moon,nakshatra,,1988-08-14T13:30:00+00:00,1988,Revati,4.0
moon,nakshatra,,1988-08-28T02:15:00+00:00,1988,Ashwini,1.0
moon,nakshatra,,1988-09-10T19:35:37.500000+00:00,1988,Revati,4.0
moon,nakshatra,,1988-09-24T13:18:45+00:00,1988,Ashwini,1.0
moon,nakshatra,,1988-10-08T01:30:00+00:00,1988,Revati,4.0
moon,nakshatra,,1988-10-21T21:50:37.500000+00:00,1988,Ashwini,1.0
moon,nakshatra,,1988-11-04T05:26:15+00:00,1988,Revati,4.0
moon,nakshatra,,1988-11-18T01:18:45+00:00,1988,Ashwini,1.0
moon,nakshatra,,1988-12-01T07:18:45+00:00,1988,Revati,4.0
moon,nakshatra,,1988-12-15T01:30:00+00:00,1988,Ashwini,1.0
moon,nakshatra,,1988-12-28T09:45:00+00:00,1988,Revati,4.0
moon,nakshatra,,1989-01-11T03:56:15+00:00,1989,Ashwini,1.0
moon,nakshatra,,1989-01-24T14:37:30+00:00,1989,Revati,4.0
moon,nakshatra,,1989-02-07T11:48:45+00:00,1989,Ashwini,1.0
moon,nakshatra,,1989-02-20T21:22:30+00:00,1989,Revati,4.0
moon,nakshatra,,1989-03-06T22:52:30+00:00,1989,Ashwini,1.0
moon,nakshatra,,1989-03-20T03:28:07.500000+00:00,1989,Revati,4.0
moon,nakshatra,,1989-04-03T08:48:45+00:00,1989,Ashwini,1.0
moon,nakshatra,,1989-04-16T07:13:07.500000+00:00,1989,Revati,4.0
moon,nakshatra,,1989-04-30T14:15:00+00:00,1989,Ashwini,1.0
moon,nakshatra,,1989-05-13T09:05:37.500000+00:00,1989,Revati,4.0
moon,nakshatra,,1989-05-27T15:33:45+00:00,1989,Ashwini,1.0
moon,nakshatra,,1989-06-09T11:20:37.500000+00:00,1989,Revati,4.0
moon,nakshatra,,1989-06-23T16:41:15+00:00,1989,Ashwini,1.0
moon,nakshatra,,1989-07-06T16:07:30+00:00,1989,Revati,4.0
moon,nakshatra,,1989-07-20T21:16:52.500000+00:00,1989,Ashwini,1.0
moon,nakshatra,,1989-08-02T23:15:00+00:00,1989,Revati,4.0
moon,nakshatra,,1989-08-17T05:48:45+00:00,1989,Ashwini,1.0
moon,nakshatra,,1989-08-30T06:28:07.500000+00:00,1989,Revati,4.0
moon,nakshatra,,1989-09-13T16:01:52.500000+00:00,1989,Ashwini,1.0
moon,nakshatra,,1989-09-26T11:37:30+00:00,1989,Revati,4.0
moon,nakshatra,,1989-10-11T00:16:52.500000+00:00,1989,Ashwini,1.0
moon,nakshatra,,1989-10-23T13:46:52.500000+00:00,1989,Revati,4.0
moon,nakshatra,,1989-11-07T04:01:52.500000+00:00,1989,Ashwini,1.0
moon,nakshatra,,1989-11-19T14:48:45+00:00,1989,Revati,4.0
moon,nakshatra,,1989-12-04T04:30:00+00:00,1989,Ashwini,1.0
moon,nakshatra,,1989-12-16T18:39:22.500000+00:00,1989,Revati,4.0
moon,nakshatra,,1989-12-31T06:33:45+00:00,1989,Ashwini,1.0
moon,nakshatra,,1990-01-13T02:26:15+00:00,1990,Revati,4.0
moon,nakshatra,,1990-01-27T13:01:52.500000+00:00,1990,Ashwini,1.0
moon,nakshatra,,1990-02-09T11:31:52.500000+00:00,1990,Revati,4.0
moon,nakshatra,,1990-02-23T22:24:22.500000+00:00,1990,Ashwini,1.0
moon,nakshatra,,1990-03-08T18:16:52.500000+00:00,1990,Revati,4.0
moon,nakshatra,,1990-03-23T06:56:15+00:00,1990,Ashwini,1.0
moon,nakshatra,,1990-04-04T21:05:37.500000+00:00,1990,Revati,4.0
moon,nakshatra,,1990-04-19T11:43:07.500000+00:00,1990,Ashwini,1.0
moon,nakshatra,,1990-05-01T21:56:15+00:00,1990,Revati,4.0
moon,nakshatra,,1990-05-16T13:13:07.500000+00:00,1990,Ashwini,1.0
moon,nakshatra,,1990-05-29T00:39:22.500000+00:00,1990,Revati,4.0
moon,nakshatra,,1990-06-12T14:43:07.500000+00:00,1990,Ashwini,1.0
moon,nakshatra,,1990-06-25T07:24:22.500000+00:00,1990,Revati,4.0
moon,nakshatra,,1990-07-09T19:01:52.500000+00:00,1990,Ashwini,1.0
moon,nakshatra,,1990-07-22T16:52:30+00:00,1990,Revati,4.0
moon,nakshatra,,1990-08-06T02:09:22.500000+00:00,1990,Ashwini,1.0
moon,nakshatra,,1990-08-19T01:46:52.500000+00:00,1990,Revati,4.0
moon,nakshatra,,1990-09-02T10:13:07.500000+00:00,1990,Ashwini,1.0
moon,nakshatra,,1990-09-15T07:24:22.500000+00:00,1990,Revati,4.0
moon,nakshatra,,1990-09-29T16:24:22.500000+00:00,1990,Ashwini,1.0
moon,nakshatra,,1990-10-12T09:05:37.500000+00:00,1990,Revati,4.0
moon,nakshatra,,1990-10-26T19:18:45+00:00,1990,Ashwini,1.0
moon,nakshatra,,1990-11-08T09:45:00+00:00,1990,Revati,4.0
moon,nakshatra,,1990-11-22T20:31:52.500000+00:00,1990,Ashwini,1.0
moon,nakshatra,,1990-12-05T14:15:00+00:00,1990,Revati,4.0
moon,nakshatra,,1990-12-19T23:26:15+00:00,1990,Ashwini,1.0
moon,nakshatra,,1991-01-01T23:48:45+00:00,1991,Revati,4.0
moon,nakshatra,,1991-01-16T05:15:00+00:00,1991,Ashwini,1.0
moon,nakshatra,,1991-01-29T10:58:07.500000+00:00,1991,Revati,4.0
moon,nakshatra,,1991-02-12T12:22:30+00:00,1991,Ashwini,1.0
moon,nakshatra,,1991-02-25T19:13:07.500000+00:00,1991,Revati,4.0
moon,nakshatra,,1991-03-11T18:11:15+00:00,1991,Ashwini,1.0
moon,nakshatra,,1991-03-24T22:18:45+00:00,1991,Revati,4.0
moon,nakshatra,,1991-04-07T21:16:52.500000+00:00,1991,Ashwini,1.0
moon,nakshatra,,1991-04-20T22:41:15+00:00,1991,Revati,4.0
moon,nakshatra,,1991-05-04T23:09:22.500000+00:00,1991,Ashwini,1.0
moon,nakshatra,,1991-05-18T01:18:45+00:00,1991,Revati,4.0
moon,nakshatra,,1991-06-01T02:09:22.500000+00:00,1991,Ashwini,1.0
moon,nakshatra,,1991-06-14T08:37:30+00:00,1991,Revati,4.0
moon,nakshatra,,1991-06-28T07:18:45+00:00,1991,Ashwini,1.0
moon,nakshatra,,1991-07-11T19:07:30+00:00,1991,Revati,4.0
moon,nakshatra,,1991-07-25T13:35:37.500000+00:00,1991,Ashwini,1.0
moon,nakshatra,,1991-08-08T05:15:00+00:00,1991,Revati,4.0
moon,nakshatra,,1991-08-21T19:13:07.500000+00:00,1991,Ashwini,1.0
moon,nakshatra,,1991-09-04T11:54:22.500000+00:00,1991,Revati,4.0
moon,nakshatra,,1991-09-17T22:52:30+00:00,1991,Ashwini,1.0
moon,nakshatra,,1991-10-01T13:52:30+00:00,1991,Revati,4.0
moon,nakshatra,,1991-10-15T00:50:37.500000+00:00,1991,Ashwini,1.0
moon,nakshatra,,1991-10-28T14:20:37.500000+00:00,1991,Revati,4.0
moon,nakshatra,,1991-11-11T03:33:45+00:00,1991,Ashwini,1.0
moon,nakshatra,,1991-11-24T18:16:52.500000+00:00,1991,Revati,4.0
moon,nakshatra,,1991-12-08T08:37:30+00:00,1991,Ashwini,1.0
moon,nakshatra,,1991-12-22T03:33:45+00:00,1991,Revati,4.0
moon,nakshatra,,1992-01-04T15:11:15+00:00,1992,Ashwini,1.0
moon,nakshatra,,1992-01-18T15:11:15+00:00,1992,Revati,4.0
moon,nakshatra,,1992-01-31T20:48:45+00:00,1992,Ashwini,1.0
moon,nakshatra,,1992-02-15T00:16:52.500000+00:00,1992,Revati,4.0
moon,nakshatra,,1992-02-28T00:00:00+00:00,1992,Ashwini,1.0
moon,nakshatra,,1992-03-13T04:07:30+00:00,1992,Revati,4.0
moon,nakshatra,,1992-03-26T01:35:37.500000+00:00,1992,Ashwini,1.0
moon,nakshatra,,1992-04-09T04:35:37.500000+00:00,1992,Revati,4.0
moon,nakshatra,,1992-04-22T04:30:00+00:00,1992,Ashwini,1.0
moon,nakshatra,,1992-05-06T06:39:22.500000+00:00,1992,Revati,4.0
moon,nakshatra,,1992-05-19T10:01:52.500000+00:00,1992,Ashwini,1.0
moon,nakshatra,,1992-06-02T13:07:30+00:00,1992,Revati,4.0
moon,nakshatra,,1992-06-15T17:09:22.500000+00:00,1992,Ashwini,1.0
moon,nakshatra,,1992-06-29T22:58:07.500000+00:00,1992,Revati,4.0
moon,nakshatra,,1992-07-12T23:43:07.500000+00:00,1992,Ashwini,1.0
moon,nakshatra,,1992-07-27T08:48:45+00:00,1992,Revati,4.0
moon,nakshatra,,1992-08-09T03:50:37.500000+00:00,1992,Ashwini,1.0
moon,nakshatra,,1992-08-23T15:28:07.500000+00:00,1992,Revati,4.0
moon,nakshatra,,1992-09-05T05:37:30+00:00,1992,Ashwini,1.0
moon,nakshatra,,1992-09-19T17:48:45+00:00,1992,Revati,4.0
moon,nakshatra,,1992-10-02T07:18:45+00:00,1992,Ashwini,1.0
moon,nakshatra,,1992-10-16T18:22:30+00:00,1992,Revati,4.0
moon,nakshatra,,1992-10-29T12:00:00+00:00,1992,Ashwini,1.0
moon,nakshatra,,1992-11-12T21:45:00+00:00,1992,Revati,4.0
moon,nakshatra,,1992-11-25T19:52:30+00:00,1992,Ashwini,1.0
moon,nakshatra,,1992-12-10T05:31:52.500000+00:00,1992,Revati,4.0
moon,nakshatra,,1992-12-23T04:18:45+00:00,1992,Ashwini,1.0
moon,nakshatra,,1993-01-06T15:33:45+00:00,1993,Revati,4.0
moon,nakshatra,,1993-01-19T09:56:15+00:00,1993,Ashwini,1.0
moon,nakshatra,,1993-02-02T23:43:07.500000+00:00,1993,Revati,4.0
moon,nakshatra,,1993-02-15T11:43:07.500000+00:00,1993,Ashwini,1.0
moon,nakshatra,,1993-03-02T03:22:30+00:00,1993,Revati,4.0
moon,nakshatra,,1993-03-14T12:33:45+00:00,1993,Ashwini,1.0
moon,nakshatra,,1993-03-29T04:13:07.500000+00:00,1993,Revati,4.0
moon,nakshatra,,1993-04-10T16:35:37.500000+00:00,1993,Ashwini,1.0
moon,nakshatra,,1993-04-25T06:22:30+00:00,1993,Revati,4.0
moon,nakshatra,,1993-05-08T00:39:22.500000+00:00,1993,Ashwini,1.0
moon,nakshatra,,1993-05-22T11:54:22.500000+00:00,1993,Revati,4.0
moon,nakshatra,,1993-06-04T10:07:30+00:00,1993,Ashwini,1.0
moon,nakshatra,,1993-06-18T19:58:07.500000+00:00,1993,Revati,4.0
moon,nakshatra,,1993-07-01T17:48:45+00:00,1993,Ashwini,1.0
moon,nakshatra,,1993-07-16T03:50:37.500000+00:00,1993,Revati,4.0
moon,nakshatra,,1993-07-28T21:45:00+00:00,1993,Ashwini,1.0
moon,nakshatra,,1993-08-12T09:05:37.500000+00:00,1993,Revati,4.0
moon,nakshatra,,1993-08-24T22:41:15+00:00,1993,Ashwini,1.0
moon,nakshatra,,1993-09-08T11:15:00+00:00,1993,Revati,4.0
moon,nakshatra,,1993-09-21T00:22:30+00:00,1993,Ashwini,1.0
moon,nakshatra,,1993-10-05T12:39:22.500000+00:00,1993,Revati,4.0
moon,nakshatra,,1993-10-18T06:22:30+00:00,1993,Ashwini,1.0
moon,nakshatra,,1993-11-01T16:18:45+00:00,1993,Revati,4.0
moon,nakshatra,,1993-11-14T16:18:45+00:00,1993,Ashwini,1.0
moon,nakshatra,,1993-11-28T22:46:52.500000+00:00,1993,Revati,4.0
moon,nakshatra,,1993-12-12T02:43:07.500000+00:00,1993,Ashwini,1.0
moon,nakshatra,,1993-12-26T06:22:30+00:00,1993,Revati,4.0
moon,nakshatra,,1994-01-08T09:28:07.500000+00:00,1994,Ashwini,1.0
moon,nakshatra,,1994-01-22T12:00:00+00:00,1994,Revati,4.0
moon,nakshatra,,1994-02-04T11:15:00+00:00,1994,Ashwini,1.0
moon,nakshatra,,1994-02-18T14:31:52.500000+00:00,1994,Revati,4.0
moon,nakshatra,,1994-03-03T11:37:30+00:00,1994,Ashwini,1.0
moon,nakshatra,,1994-03-17T16:07:30+00:00,1994,Revati,4.0
moon,nakshatra,,1994-03-30T15:50:37.500000+00:00,1994,Ashwini,1.0
moon,nakshatra,,1994-04-13T19:35:37.500000+00:00,1994,Revati,4.0
moon,nakshatra,,1994-04-27T00:56:15+00:00,1994,Ashwini,1.0
moon,nakshatra,,1994-05-11T01:13:07.500000+00:00,1994,Revati,4.0
moon,nakshatra,,1994-05-24T11:54:22.500000+00:00,1994,Ashwini,1.0
moon,nakshatra,,1994-06-07T07:35:37.500000+00:00,1994,Revati,4.0
moon,nakshatra,,1994-06-20T20:54:22.500000+00:00,1994,Ashwini,1.0
moon,nakshatra,,1994-07-04T12:50:37.500000+00:00,1994,Revati,4.0
moon,nakshatra,,1994-07-18T01:30:00+00:00,1994,Ashwini,1.0
moon,nakshatra,,1994-07-31T16:01:52.500000+00:00,1994,Revati,4.0
moon,nakshatra,,1994-08-14T02:26:15+00:00,1994,Ashwini,1.0
moon,nakshatra,,1994-08-27T18:05:37.500000+00:00,1994,Revati,4.0
moon,nakshatra,,1994-09-10T03:50:37.500000+00:00,1994,Ashwini,1.0
moon,nakshatra,,1994-09-23T21:11:15+00:00,1994,Revati,4.0
moon,nakshatra,,1994-10-07T09:33:45+00:00,1994,Ashwini,1.0
moon,nakshatra,,1994-10-21T02:31:52.500000+00:00,1994,Revati,4.0
moon,nakshatra,,1994-11-03T19:46:52.500000+00:00,1994,Ashwini,1.0
moon,nakshatra,,1994-11-17T08:54:22.500000+00:00,1994,Revati,4.0
moon,nakshatra,,1994-12-01T07:01:52.500000+00:00,1994,Ashwini,1.0
moon,nakshatra,,1994-12-14T14:20:37.500000+00:00,1994,Revati,4.0
moon,nakshatra,,1994-12-28T14:48:45+00:00,1994,Ashwini,1.0
moon,nakshatra,,1995-01-10T17:15:00+00:00,1995,Revati,4.0
moon,nakshatra,,1995-01-24T17:09:22.500000+00:00,1995,Ashwini,1.0
moon,nakshatra,,1995-02-06T18:56:15+00:00,1995,Revati,4.0
moon,nakshatra,,1995-02-20T17:26:15+00:00,1995,Ashwini,1.0
moon,nakshatra,,1995-03-05T22:07:30+00:00,1995,Revati,4.0
moon,nakshatra,,1995-03-19T20:54:22.500000+00:00,1995,Ashwini,1.0
moon,nakshatra,,1995-04-02T04:07:30+00:00,1995,Revati,4.0
moon,nakshatra,,1995-04-16T05:20:37.500000+00:00,1995,Ashwini,1.0
moon,nakshatra,,1995-04-29T11:03:45+00:00,1995,Revati,4.0
moon,nakshatra,,1995-05-13T16:01:52.500000+00:00,1995,Ashwini,1.0
moon,nakshatra,,1995-05-26T16:46:52.500000+00:00,1995,Revati,4.0
moon,nakshatra,,1995-06-10T01:07:30+00:00,1995,Ashwini,1.0
moon,nakshatra,,1995-06-22T19:58:07.500000+00:00,1995,Revati,4.0
moon,nakshatra,,1995-07-07T06:05:37.500000+00:00,1995,Ashwini,1.0
moon,nakshatra,,1995-07-19T21:33:45+00:00,1995,Revati,4.0
moon,nakshatra,,1995-08-03T07:18:45+00:00,1995,Ashwini,1.0
moon,nakshatra,,1995-08-16T00:05:37.500000+00:00,1995,Revati,4.0
moon,nakshatra,,1995-08-30T08:37:30+00:00,1995,Ashwini,1.0
moon,nakshatra,,1995-09-12T05:37:30+00:00,1995,Revati,4.0
moon,nakshatra,,1995-09-26T13:24:22.500000+00:00,1995,Ashwini,1.0
moon,nakshatra,,1995-10-09T13:30:00+00:00,1995,Revati,4.0
moon,nakshatra,,1995-10-23T22:18:45+00:00,1995,Ashwini,1.0
moon,nakshatra,,1995-11-05T21:00:00+00:00,1995,Revati,4.0
moon,nakshatra,,1995-11-20T08:26:15+00:00,1995,Ashwini,1.0
moon,nakshatra,,1995-12-03T01:41:15+00:00,1995,Revati,4.0
moon,nakshatra,,1995-12-17T15:45:00+00:00,1995,Ashwini,1.0
moon,nakshatra,,1995-12-30T02:54:22.500000+00:00,1995,Revati,4.0
moon,nakshatra,,1996-01-13T18:16:52.500000+00:00,1996,Ashwini,1.0
moon,nakshatra,,1996-01-26T04:13:07.500000+00:00,1996,Revati,4.0
moon,nakshatra,,1996-02-09T18:50:37.500000+00:00,1996,Ashwini,1.0
moon,nakshatra,,1996-02-22T09:22:30+00:00,1996,Revati,4.0
moon,nakshatra,,1996-03-07T21:50:37.500000+00:00,1996,Ashwini,1.0
moon,nakshatra,,1996-03-20T18:00:00+00:00,1996,Revati,4.0
moon,nakshatra,,1996-04-04T04:58:07.500000+00:00,1996,Ashwini,1.0
moon,nakshatra,,1996-04-17T03:05:37.500000+00:00,1996,Revati,4.0
moon,nakshatra,,1996-05-01T13:46:52.500000+00:00,1996,Ashwini,1.0
moon,nakshatra,,1996-05-14T09:16:52.500000+00:00,1996,Revati,4.0
moon,nakshatra,,1996-05-28T21:16:52.500000+00:00,1996,Ashwini,1.0
moon,nakshatra,,1996-06-10T11:43:07.500000+00:00,1996,Revati,4.0
moon,nakshatra,,1996-06-25T01:30:00+00:00,1996,Ashwini,1.0
moon,nakshatra,,1996-07-07T12:33:45+00:00,1996,Revati,4.0
moon,nakshatra,,1996-07-22T03:00:00+00:00,1996,Ashwini,1.0
moon,nakshatra,,1996-08-03T15:39:22.500000+00:00,1996,Revati,4.0
moon,nakshatra,,1996-08-18T04:52:30+00:00,1996,Ashwini,1.0
moon,nakshatra,,1996-08-30T22:58:07.500000+00:00,1996,Revati,4.0
moon,nakshatra,,1996-09-14T09:22:30+00:00,1996,Ashwini,1.0
moon,nakshatra,,1996-09-27T09:05:37.500000+00:00,1996,Revati,4.0
moon,nakshatra,,1996-10-11T16:30:00+00:00,1996,Ashwini,1.0
moon,nakshatra,,1996-10-24T18:22:30+00:00,1996,Revati,4.0
moon,nakshatra,,1996-11-08T00:05:37.500000+00:00,1996,Ashwini,1.0
moon,nakshatra,,1996-11-20T23:31:52.500000+00:00,1996,Revati,4.0
moon,nakshatra,,1996-12-05T05:20:37.500000+00:00,1996,Ashwini,1.0
moon,nakshatra,,1996-12-18T00:28:07.500000+00:00,1996,Revati,4.0
moon,nakshatra,,1997-01-01T07:24:22.500000+00:00,1997,Ashwini,1.0
moon,nakshatra,,1997-01-14T01:24:22.500000+00:00,1997,Revati,4.0
moon,nakshatra,,1997-01-28T09:00:00+00:00,1997,Ashwini,1.0
moon,nakshatra,,1997-02-10T07:13:07.500000+00:00,1997,Revati,4.0
moon,nakshatra,,1997-02-24T12:50:37.500000+00:00,1997,Ashwini,1.0
moon,nakshatra,,1997-03-09T17:31:52.500000+00:00,1997,Revati,4.0
moon,nakshatra,,1997-03-23T19:07:30+00:00,1997,Ashwini,1.0
moon,nakshatra,,1997-04-06T04:18:45+00:00,1997,Revati,4.0
moon,nakshatra,,1997-04-20T01:46:52.500000+00:00,1997,Ashwini,1.0
moon,nakshatra,,1997-05-03T11:37:30+00:00,1997,Revati,4.0
moon,nakshatra,,1997-05-17T06:39:22.500000+00:00,1997,Ashwini,1.0
moon,nakshatra,,1997-05-30T14:20:37.500000+00:00,1997,Revati,4.0
moon,nakshatra,,1997-06-13T09:22:30+00:00,1997,Ashwini,1.0
moon,nakshatra,,1997-06-26T14:54:22.500000+00:00,1997,Revati,4.0
moon,nakshatra,,1997-07-10T11:26:15+00:00,1997,Ashwini,1.0
moon,nakshatra,,1997-07-23T17:54:22.500000+00:00,1997,Revati,4.0
moon,nakshatra,,1997-08-06T15:00:00+00:00,1997,Ashwini,1.0
moon,nakshatra,,1997-08-20T01:30:00+00:00,1997,Revati,4.0
moon,nakshatra,,1997-09-02T20:31:52.500000+00:00,1997,Ashwini,1.0
moon,nakshatra,,1997-09-16T12:16:52.500000+00:00,1997,Revati,4.0
moon,nakshatra,,1997-09-30T02:48:45+00:00,1997,Ashwini,1.0
moon,nakshatra,,1997-10-13T22:41:15+00:00,1997,Revati,4.0
moon,nakshatra,,1997-10-27T07:52:30+00:00,1997,Ashwini,1.0
moon,nakshatra,,1997-11-10T04:52:30+00:00,1997,Revati,4.0
moon,nakshatra,,1997-11-23T10:35:37.500000+00:00,1997,Ashwini,1.0
moon,nakshatra,,1997-12-07T06:05:37.500000+00:00,1997,Revati,4.0
moon,nakshatra,,1997-12-20T12:22:30+00:00,1997,Ashwini,1.0
moon,nakshatra,,1998-01-03T06:39:22.500000+00:00,1998,Revati,4.0
moon,nakshatra,,1998-01-16T15:56:15+00:00,1998,Ashwini,1.0
moon,nakshatra,,1998-01-30T11:48:45+00:00,1998,Revati,4.0
moon,nakshatra,,1998-02-12T22:01:52.500000+00:00,1998,Ashwini,1.0
moon,nakshatra,,1998-02-26T21:39:22.500000+00:00,1998,Revati,4.0
moon,nakshatra,,1998-03-12T04:46:52.500000+00:00,1998,Ashwini,1.0
moon,nakshatra,,1998-03-26T08:43:07.500000+00:00,1998,Revati,4.0
moon,nakshatra,,1998-04-08T09:50:37.500000+00:00,1998,Ashwini,1.0
moon,nakshatra,,1998-04-22T16:35:37.500000+00:00,1998,Revati,4.0
moon,nakshatra,,1998-05-05T12:28:07.500000+00:00,1998,Ashwini,1.0
moon,nakshatra,,1998-05-19T19:46:52.500000+00:00,1998,Revati,4.0
moon,nakshatra,,1998-06-01T14:09:22.500000+00:00,1998,Ashwini,1.0
moon,nakshatra,,1998-06-15T20:26:15+00:00,1998,Revati,4.0
moon,nakshatra,,1998-06-28T17:31:52.500000+00:00,1998,Ashwini,1.0
moon,nakshatra,,1998-07-12T22:58:07.500000+00:00,1998,Revati,4.0
moon,nakshatra,,1998-07-25T23:37:30+00:00,1998,Ashwini,1.0
moon,nakshatra,,1998-08-09T05:31:52.500000+00:00,1998,Revati,4.0
moon,nakshatra,,1998-08-22T07:13:07.500000+00:00,1998,Ashwini,1.0
moon,nakshatra,,1998-09-05T15:22:30+00:00,1998,Revati,4.0
moon,nakshatra,,1998-09-18T13:41:15+00:00,1998,Ashwini,1.0
moon,nakshatra,,1998-10-03T01:01:52.500000+00:00,1998,Revati,4.0
moon,nakshatra,,1998-10-15T17:20:37.500000+00:00,1998,Ashwini,1.0
moon,nakshatra,,1998-10-30T07:13:07.500000+00:00,1998,Revati,4.0
moon,nakshatra,,1998-11-11T18:28:07.500000+00:00,1998,Ashwini,1.0
moon,nakshatra,,1998-11-26T08:48:45+00:00,1998,Revati,4.0
moon,nakshatra,,1998-12-08T20:26:15+00:00,1998,Ashwini,1.0
moon,nakshatra,,1998-12-23T09:28:07.500000+00:00,1998,Revati,4.0
moon,nakshatra,,1999-01-05T02:20:37.500000+00:00,1999,Ashwini,1.0
moon,nakshatra,,1999-01-19T13:41:15+00:00,1999,Revati,4.0
moon,nakshatra,,1999-02-01T11:20:37.500000+00:00,1999,Ashwini,1.0
moon,nakshatra,,1999-02-15T21:56:15+00:00,1999,Revati,4.0
moon,nakshatra,,1999-02-28T19:41:15+00:00,1999,Ashwini,1.0
moon,nakshatra,,1999-03-15T07:18:45+00:00,1999,Revati,4.0
moon,nakshatra,,1999-03-28T00:33:45+00:00,1999,Ashwini,1.0
moon,nakshatra,,1999-04-11T14:09:22.500000+00:00,1999,Revati,4.0
moon,nakshatra,,1999-04-24T01:58:07.500000+00:00,1999,Ashwini,1.0
moon,nakshatra,,1999-05-08T17:03:45+00:00,1999,Revati,4.0
moon,nakshatra,,1999-05-21T03:16:52.500000+00:00,1999,Ashwini,1.0
moon,nakshatra,,1999-06-04T18:05:37.500000+00:00,1999,Revati,4.0
moon,nakshatra,,1999-06-17T07:52:30+00:00,1999,Ashwini,1.0
moon,nakshatra,,1999-07-01T20:48:45+00:00,1999,Revati,4.0
moon,nakshatra,,1999-07-14T16:18:45+00:00,1999,Ashwini,1.0
moon,nakshatra,,1999-07-29T02:37:30+00:00,1999,Revati,4.0
moon,nakshatra,,1999-08-11T01:58:07.500000+00:00,1999,Ashwini,1.0
moon,nakshatra,,1999-08-25T10:24:22.500000+00:00,1999,Revati,4.0
moon,nakshatra,,1999-09-07T09:39:22.500000+00:00,1999,Ashwini,1.0
moon,nakshatra,,1999-09-21T17:54:22.500000+00:00,1999,Revati,4.0
moon,nakshatra,,1999-10-04T13:13:07.500000+00:00,1999,Ashwini,1.0
moon,nakshatra,,1999-10-18T22:30:00+00:00,1999,Revati,4.0
moon,nakshatra,,1999-10-31T13:46:52.500000+00:00,1999,Ashwini,1.0
moon,nakshatra,,1999-11-15T00:11:15+00:00,1999,Revati,4.0
moon,nakshatra,,1999-11-27T15:50:37.500000+00:00,1999,Ashwini,1.0
moon,nakshatra,,1999-12-12T01:52:30+00:00,1999,Revati,4.0
moon,nakshatra,,1999-12-24T22:58:07.500000+00:00,1999,Ashwini,1.0
moon,nakshatra,,2000-01-08T06:11:15+00:00,2000,Revati,4.0
moon,nakshatra,,2000-01-21T09:56:15+00:00,2000,Ashwini,1.0
moon,nakshatra,,2000-02-04T13:01:52.500000+00:00,2000,Revati,4.0
moon,nakshatra,,2000-02-17T20:09:22.500000+00:00,2000,Ashwini,1.0
moon,nakshatra,,2000-03-02T19:41:15+00:00,2000,Revati,4.0
moon,nakshatra,,2000-03-16T01:58:07.500000+00:00,2000,Ashwini,1.0
moon,nakshatra,,2000-03-30T00:11:15+00:00,2000,Revati,4.0
moon,nakshatra,,2000-04-12T03:11:15+00:00,2000,Ashwini,1.0
moon,nakshatra,,2000-04-26T02:20:37.500000+00:00,2000,Revati,4.0
moon,nakshatra,,2000-05-09T04:07:30+00:00,2000,Ashwini,1.0
moon,nakshatra,,2000-05-23T04:30:00+00:00,2000,Revati,4.0
moon,nakshatra,,2000-06-05T09:00:00+00:00,2000,Ashwini,1.0
moon,nakshatra,,2000-06-19T08:37:30+00:00,2000,Revati,4.0
moon,nakshatra,,2000-07-02T18:05:37.500000+00:00,2000,Ashwini,1.0
moon,nakshatra,,2000-07-16T14:31:52.500000+00:00,2000,Revati,4.0
moon,nakshatra,,2000-07-30T04:52:30+00:00,2000,Ashwini,1.0
moon,nakshatra,,2000-08-12T20:43:07.500000+00:00,2000,Revati,4.0
moon,nakshatra,,2000-08-26T13:46:52.500000+00:00,2000,Ashwini,1.0
moon,nakshatra,,2000-09-09T01:30:00+00:00,2000,Revati,4.0
moon,nakshatra,,2000-09-22T18:00:00+00:00,2000,Ashwini,1.0
moon,nakshatra,,2000-10-06T04:01:52.500000+00:00,2000,Revati,4.0
moon,nakshatra,,2000-10-19T18:33:45+00:00,2000,Ashwini,1.0
moon,nakshatra,,2000-11-02T06:05:37.500000+00:00,2000,Revati,4.0
moon,nakshatra,,2000-11-15T20:15:00+00:00,2000,Ashwini,1.0
moon,nakshatra,,2000-11-29T09:56:15+00:00,2000,Revati,4.0
moon,nakshatra,,2000-12-13T02:54:22.500000+00:00,2000,Ashwini,1.0
moon,nakshatra,,2000-12-26T16:01:52.500000+00:00,2000,Revati,4.0
moon,nakshatra,,2001-01-09T13:58:07.500000+00:00,2001,Ashwini,1.0
moon,nakshatra,,2001-01-22T22:24:22.500000+00:00,2001,Revati,4.0
moon,nakshatra,,2001-02-06T00:50:37.500000+00:00,2001,Ashwini,1.0
moon,nakshatra,,2001-02-19T02:54:22.500000+00:00,2001,Revati,4.0
moon,nakshatra,,2001-03-05T07:24:22.500000+00:00,2001,Ashwini,1.0
moon,nakshatra,,2001-03-18T05:03:45+00:00,2001,Revati,4.0
moon,nakshatra,,2001-04-01T09:05:37.500000+00:00,2001,Ashwini,1.0
moon,nakshatra,,2001-04-14T06:56:15+00:00,2001,Revati,4.0
moon,nakshatra,,2001-04-28T09:45:00+00:00,2001,Ashwini,1.0
moon,nakshatra,,2001-05-11T11:03:45+00:00,2001,Revati,4.0
moon,nakshatra,,2001-05-25T13:52:30+00:00,2001,Ashwini,1.0
moon,nakshatra,,2001-06-07T17:43:07.500000+00:00,2001,Revati,4.0
moon,nakshatra,,2001-06-21T22:13:07.500000+00:00,2001,Ashwini,1.0
moon,nakshatra,,2001-07-05T00:50:37.500000+00:00,2001,Revati,4.0
moon,nakshatra,,2001-07-19T08:26:15+00:00,2001,Ashwini,1.0
moon,nakshatra,,2001-08-01T06:22:30+00:00,2001,Revati,4.0
moon,nakshatra,,2001-08-15T17:09:22.500000+00:00,2001,Ashwini,1.0
moon,nakshatra,,2001-08-28T09:11:15+00:00,2001,Revati,4.0
moon,nakshatra,,2001-09-11T21:39:22.500000+00:00,2001,Ashwini,1.0
moon,nakshatra,,2001-09-24T10:30:00+00:00,2001,Revati,4.0
moon,nakshatra,,2001-10-08T22:35:37.500000+00:00,2001,Ashwini,1.0
moon,nakshatra,,2001-10-21T13:24:22.500000+00:00,2001,Revati,4.0
moon,nakshatra,,2001-11-05T00:00:00+00:00,2001,Ashwini,1.0
moon,nakshatra,,2001-11-17T19:52:30+00:00,2001,Revati,4.0
moon,nakshatra,,2001-12-02T05:31:52.500000+00:00,2001,Ashwini,1.0
moon,nakshatra,,2001-12-15T04:35:37.500000+00:00,2001,Revati,4.0
moon,nakshatra,,2001-12-29T14:54:22.500000+00:00,2001,Ashwini,1.0
moon,nakshatra,,2002-01-11T12:00:00+00:00,2002,Revati,4.0
moon,nakshatra,,2002-01-26T00:28:07.500000+00:00,2002,Ashwini,1.0
moon,nakshatra,,2002-02-07T15:33:45+00:00,2002,Revati,4.0
moon,nakshatra,,2002-02-22T06:28:07.500000+00:00,2002,Ashwini,1.0
moon,nakshatra,,2002-03-06T16:24:22.500000+00:00,2002,Revati,4.0
moon,nakshatra,,2002-03-21T08:15:00+00:00,2002,Ashwini,1.0
moon,nakshatra,,2002-04-02T18:22:30+00:00,2002,Revati,4.0
moon,nakshatra,,2002-04-17T09:16:52.500000+00:00,2002,Ashwini,1.0
moon,nakshatra,,2002-04-30T00:33:45+00:00,2002,Revati,4.0
moon,nakshatra,,2002-05-14T13:01:52.500000+00:00,2002,Ashwini,1.0
moon,nakshatra,,2002-05-27T09:39:22.500000+00:00,2002,Revati,4.0
moon,nakshatra,,2002-06-10T20:03:45+00:00,2002,Ashwini,1.0
moon,nakshatra,,2002-06-23T18:45:00+00:00,2002,Revati,4.0
moon,nakshatra,,2002-07-08T04:18:45+00:00,2002,Ashwini,1.0
moon,nakshatra,,2002-07-21T00:45:00+00:00,2002,Revati,4.0
moon,nakshatra,,2002-08-04T11:09:22.500000+00:00,2002,Ashwini,1.0
moon,nakshatra,,2002-08-17T02:54:22.500000+00:00,2002,Revati,4.0
moon,nakshatra,,2002-08-31T14:48:45+00:00,2002,Ashwini,1.0
moon,nakshatra,,2002-09-13T03:39:22.500000+00:00,2002,Revati,4.0
moon,nakshatra,,2002-09-27T16:07:30+00:00,2002,Ashwini,1.0
moon,nakshatra,,2002-10-10T07:13:07.500000+00:00,2002,Revati,4.0
moon,nakshatra,,2002-10-24T18:22:30+00:00,2002,Ashwini,1.0
moon,nakshatra,,2002-11-06T15:22:30+00:00,2002,Revati,4.0
moon,nakshatra,,2002-11-20T23:31:52.500000+00:00,2002,Ashwini,1.0
moon,nakshatra,,2002-12-04T02:15:00+00:00,2002,Revati,4.0
moon,nakshatra,,2002-12-18T06:50:37.500000+00:00,2002,Ashwini,1.0
moon,nakshatra,,2002-12-31T11:20:37.500000+00:00,2002,Revati,4.0
moon,nakshatra,,2003-01-14T13:41:15+00:00,2003,Ashwini,1.0
moon,nakshatra,,2003-01-27T15:28:07.500000+00:00,2003,Revati,4.0
moon,nakshatra,,2003-02-10T17:43:07.500000+00:00,2003,Ashwini,1.0
moon,nakshatra,,2003-02-23T15:50:37.500000+00:00,2003,Revati,4.0
moon,nakshatra,,2003-03-09T19:24:22.500000+00:00,2003,Ashwini,1.0
moon,nakshatra,,2003-03-22T17:43:07.500000+00:00,2003,Revati,4.0
moon,nakshatra,,2003-04-05T21:45:00+00:00,2003,Ashwini,1.0
moon,nakshatra,,2003-04-19T00:28:07.500000+00:00,2003,Revati,4.0
moon,nakshatra,,2003-05-03T02:20:37.500000+00:00,2003,Ashwini,1.0
moon,nakshatra,,2003-05-16T10:52:30+00:00,2003,Revati,4.0
moon,nakshatra,,2003-05-30T08:37:30+00:00,2003,Ashwini,1.0
moon,nakshatra,,2003-06-12T21:16:52.500000+00:00,2003,Revati,4.0
moon,nakshatra,,2003-06-26T14:37:30+00:00,2003,Ashwini,1.0
moon,nakshatra,,2003-07-10T04:18:45+00:00,2003,Revati,4.0
moon,nakshatra,,2003-07-23T18:50:37.500000+00:00,2003,Ashwini,1.0
moon,nakshatra,,2003-08-06T06:50:37.500000+00:00,2003,Revati,4.0
moon,nakshatra,,2003-08-19T21:11:15+00:00,2003,Ashwini,1.0
moon,nakshatra,,2003-09-02T07:24:22.500000+00:00,2003,Revati,4.0
moon,nakshatra,,2003-09-15T23:31:52.500000+00:00,2003,Ashwini,1.0
moon,nakshatra,,2003-09-29T10:35:37.500000+00:00,2003,Revati,4.0
moon,nakshatra,,2003-10-13T03:45:00+00:00,2003,Ashwini,1.0
moon,nakshatra,,2003-10-26T18:45:00+00:00,2003,Revati,4.0
moon,nakshatra,,2003-11-09T09:50:37.500000+00:00,2003,Ashwini,1.0
moon,nakshatra,,2003-11-23T06:05:37.500000+00:00,2003,Revati,4.0
moon,nakshatra,,2003-12-06T16:01:52.500000+00:00,2003,Ashwini,1.0
moon,nakshatra,,2003-12-20T16:07:30+00:00,2003,Revati,4.0
moon,nakshatra,,2004-01-02T20:15:00+00:00,2004,Ashwini,1.0
moon,nakshatra,,2004-01-16T21:11:15+00:00,2004,Revati,4.0
moon,nakshatra,,2004-01-29T22:07:30+00:00,2004,Ashwini,1.0
moon,nakshatra,,2004-02-12T21:45:00+00:00,2004,Revati,4.0
moon,nakshatra,,2004-02-26T00:16:52.500000+00:00,2004,Ashwini,1.0
moon,nakshatra,,2004-03-10T23:09:22.500000+00:00,2004,Revati,4.0
moon,nakshatra,,2004-03-24T04:58:07.500000+00:00,2004,Ashwini,1.0
moon,nakshatra,,2004-04-07T05:09:22.500000+00:00,2004,Revati,4.0
moon,nakshatra,,2004-04-20T11:43:07.500000+00:00,2004,Ashwini,1.0
moon,nakshatra,,2004-05-04T15:05:37.500000+00:00,2004,Revati,4.0
moon,nakshatra,,2004-05-17T18:22:30+00:00,2004,Ashwini,1.0
moon,nakshatra,,2004-06-01T01:24:22.500000+00:00,2004,Revati,4.0
moon,nakshatra,,2004-06-13T22:52:30+00:00,2004,Ashwini,1.0
moon,nakshatra,,2004-06-28T08:37:30+00:00,2004,Revati,4.0
moon,nakshatra,,2004-07-11T01:01:52.500000+00:00,2004,Ashwini,1.0
moon,nakshatra,,2004-07-25T11:31:52.500000+00:00,2004,Revati,4.0
moon,nakshatra,,2004-08-07T02:43:07.500000+00:00,2004,Ashwini,1.0
moon,nakshatra,,2004-08-21T12:16:52.500000+00:00,2004,Revati,4.0
moon,nakshatra,,2004-09-03T06:39:22.500000+00:00,2004,Ashwini,1.0
moon,nakshatra,,2004-09-17T14:54:22.500000+00:00,2004,Revati,4.0
moon,nakshatra,,2004-09-30T13:35:37.500000+00:00,2004,Ashwini,1.0
moon,nakshatra,,2004-10-14T21:50:37.500000+00:00,2004,Revati,4.0
moon,nakshatra,,2004-10-27T21:45:00+00:00,2004,Ashwini,1.0
moon,nakshatra,,2004-11-11T07:46:52.500000+00:00,2004,Revati,4.0
moon,nakshatra,,2004-11-24T04:07:30+00:00,2004,Ashwini,1.0
moon,nakshatra,,2004-12-08T16:58:07.500000+00:00,2004,Revati,4.0
moon,nakshatra,,2004-12-21T06:50:37.500000+00:00,2004,Ashwini,1.0
moon,nakshatra,,2005-01-04T21:56:15+00:00,2005,Revati,4.0
moon,nakshatra,,2005-01-17T07:35:37.500000+00:00,2005,Ashwini,1.0
moon,nakshatra,,2005-01-31T22:52:30+00:00,2005,Revati,4.0
moon,nakshatra,,2005-02-13T10:30:00+00:00,2005,Ashwini,1.0
moon,nakshatra,,2005-02-28T00:11:15+00:00,2005,Revati,4.0
moon,nakshatra,,2005-03-12T17:37:30+00:00,2005,Ashwini,1.0
moon,nakshatra,,2005-03-27T05:20:37.500000+00:00,2005,Revati,4.0
moon,nakshatra,,2005-04-09T03:00:00+00:00,2005,Ashwini,1.0
moon,nakshatra,,2005-04-23T13:35:37.500000+00:00,2005,Revati,4.0
moon,nakshatra,,2005-05-06T10:58:07.500000+00:00,2005,Ashwini,1.0
moon,nakshatra,,2005-05-20T22:07:30+00:00,2005,Revati,4.0
moon,nakshatra,,2005-06-02T15:16:52.500000+00:00,2005,Ashwini,1.0
moon,nakshatra,,2005-06-17T04:01:52.500000+00:00,2005,Revati,4.0
moon,nakshatra,,2005-06-29T16:30:00+00:00,2005,Ashwini,1.0
moon,nakshatra,,2005-07-14T06:39:22.500000+00:00,2005,Revati,4.0
moon,nakshatra,,2005-07-26T18:00:00+00:00,2005,Ashwini,1.0
moon,nakshatra,,2005-08-10T07:58:07.500000+00:00,2005,Revati,4.0
moon,nakshatra,,2005-08-22T23:09:22.500000+00:00,2005,Ashwini,1.0
moon,nakshatra,,2005-09-06T10:58:07.500000+00:00,2005,Revati,4.0
moon,nakshatra,,2005-09-19T08:09:22.500000+00:00,2005,Ashwini,1.0
moon,nakshatra,,2005-10-03T16:52:30+00:00,2005,Revati,4.0
moon,nakshatra,,2005-10-16T18:28:07.500000+00:00,2005,Ashwini,1.0
moon,nakshatra,,2005-10-31T00:33:45+00:00,2005,Revati,4.0
moon,nakshatra,,2005-11-13T02:03:45+00:00,2005,Ashwini,1.0
moon,nakshatra,,2005-11-27T07:13:07.500000+00:00,2005,Revati,4.0
moon,nakshatra,,2005-12-10T04:52:30+00:00,2005,Ashwini,1.0
moon,nakshatra,,2005-12-24T10:46:52.500000+00:00,2005,Revati,4.0
moon,nakshatra,,2006-01-06T05:03:45+00:00,2006,Ashwini,1.0
moon,nakshatra,,2006-01-20T12:11:15+00:00,2006,Revati,4.0
moon,nakshatra,,2006-02-02T08:03:45+00:00,2006,Ashwini,1.0
moon,nakshatra,,2006-02-16T14:43:07.500000+00:00,2006,Revati,4.0
moon,nakshatra,,2006-03-01T16:30:00+00:00,2006,Ashwini,1.0
moon,nakshatra,,2006-03-15T19:58:07.500000+00:00,2006,Revati,4.0
moon,nakshatra,,2006-03-29T03:33:45+00:00,2006,Ashwini,1.0
moon,nakshatra,,2006-04-12T02:37:30+00:00,2006,Revati,4.0
moon,nakshatra,,2006-04-25T13:01:52.500000+00:00,2006,Ashwini,1.0
moon,nakshatra,,2006-05-09T08:31:52.500000+00:00,2006,Revati,4.0
moon,nakshatra,,2006-05-22T18:05:37.500000+00:00,2006,Ashwini,1.0
moon,nakshatra,,2006-06-05T12:16:52.500000+00:00,2006,Revati,4.0
moon,nakshatra,,2006-06-18T19:13:07.500000+00:00,2006,Ashwini,1.0
moon,nakshatra,,2006-07-02T14:20:37.500000+00:00,2006,Revati,4.0
moon,nakshatra,,2006-07-15T20:26:15+00:00,2006,Ashwini,1.0
moon,nakshatra,,2006-07-29T17:03:45+00:00,2006,Revati,4.0
moon,nakshatra,,2006-08-12T01:35:37.500000+00:00,2006,Ashwini,1.0
moon,nakshatra,,2006-08-25T21:39:22.500000+00:00,2006,Revati,4.0
moon,nakshatra,,2006-09-08T11:03:45+00:00,2006,Ashwini,1.0
moon,nakshatra,,2006-09-22T03:45:00+00:00,2006,Revati,4.0
moon,nakshatra,,2006-10-05T22:13:07.500000+00:00,2006,Ashwini,1.0
moon,nakshatra,,2006-10-19T09:39:22.500000+00:00,2006,Revati,4.0
moon,nakshatra,,2006-11-02T06:56:15+00:00,2006,Ashwini,1.0
moon,nakshatra,,2006-11-15T13:30:00+00:00,2006,Revati,4.0
moon,nakshatra,,2006-11-29T10:30:00+00:00,2006,Ashwini,1.0
moon,nakshatra,,2006-12-12T15:22:30+00:00,2006,Revati,4.0
moon,nakshatra,,2006-12-26T10:35:37.500000+00:00,2006,Ashwini,1.0
moon,nakshatra,,2007-01-08T17:48:45+00:00,2007,Revati,4.0
moon,nakshatra,,2007-01-22T13:01:52.500000+00:00,2007,Ashwini,1.0
moon,nakshatra,,2007-02-04T22:46:52.500000+00:00,2007,Revati,4.0
moon,nakshatra,,2007-02-18T20:43:07.500000+00:00,2007,Ashwini,1.0
moon,nakshatra,,2007-03-04T05:37:30+00:00,2007,Revati,4.0
moon,nakshatra,,2007-03-18T07:41:15+00:00,2007,Ashwini,1.0
moon,nakshatra,,2007-03-31T11:43:07.500000+00:00,2007,Revati,4.0
moon,nakshatra,,2007-04-14T17:37:30+00:00,2007,Ashwini,1.0
moon,nakshatra,,2007-04-27T15:28:07.500000+00:00,2007,Revati,4.0
moon,nakshatra,,2007-05-11T23:09:22.500000+00:00,2007,Ashwini,1.0
moon,nakshatra,,2007-05-24T17:20:37.500000+00:00,2007,Revati,4.0
moon,nakshatra,,2007-06-08T00:39:22.500000+00:00,2007,Ashwini,1.0
moon,nakshatra,,2007-06-20T19:35:37.500000+00:00,2007,Revati,4.0
moon,nakshatra,,2007-07-05T01:41:15+00:00,2007,Ashwini,1.0
moon,nakshatra,,2007-07-18T00:22:30+00:00,2007,Revati,4.0
moon,nakshatra,,2007-08-01T06:05:37.500000+00:00,2007,Ashwini,1.0
moon,nakshatra,,2007-08-14T07:30:00+00:00,2007,Revati,4.0
moon,nakshatra,,2007-08-28T14:31:52.500000+00:00,2007,Ashwini,1.0
moon,nakshatra,,2007-09-10T14:48:45+00:00,2007,Revati,4.0
moon,nakshatra,,2007-09-25T00:45:00+00:00,2007,Ashwini,1.0
moon,nakshatra,,2007-10-07T20:03:45+00:00,2007,Revati,4.0
moon,nakshatra,,2007-10-22T09:00:00+00:00,2007,Ashwini,1.0
moon,nakshatra,,2007-11-03T22:13:07.500000+00:00,2007,Revati,4.0
moon,nakshatra,,2007-11-18T12:45:00+00:00,2007,Ashwini,1.0
moon,nakshatra,,2007-11-30T23:09:22.500000+00:00,2007,Revati,4.0
moon,nakshatra,,2007-12-15T13:18:45+00:00,2007,Ashwini,1.0
moon,nakshatra,,2007-12-28T03:00:00+00:00,2007,Revati,4.0
moon,nakshatra,,2008-01-11T15:16:52.500000+00:00,2008,Ashwini,1.0
moon,nakshatra,,2008-01-24T10:52:30+00:00,2008,Revati,4.0
moon,nakshatra,,2008-02-07T21:39:22.500000+00:00,2008,Ashwini,1.0
moon,nakshatra,,2008-02-20T20:03:45+00:00,2008,Revati,4.0
moon,nakshatra,,2008-03-06T06:56:15+00:00,2008,Ashwini,1.0
moon,nakshatra,,2008-03-19T02:54:22.500000+00:00,2008,Revati,4.0
moon,nakshatra,,2008-04-02T15:22:30+00:00,2008,Ashwini,1.0
moon,nakshatra,,2008-04-15T05:48:45+00:00,2008,Revati,4.0
moon,nakshatra,,2008-04-29T20:09:22.500000+00:00,2008,Ashwini,1.0
moon,nakshatra,,2008-05-12T06:39:22.500000+00:00,2008,Revati,4.0
moon,nakshatra,,2008-05-26T21:45:00+00:00,2008,Ashwini,1.0
moon,nakshatra,,2008-06-08T09:16:52.500000+00:00,2008,Revati,4.0
moon,nakshatra,,2008-06-22T23:20:37.500000+00:00,2008,Ashwini,1.0
moon,nakshatra,,2008-07-05T15:56:15+00:00,2008,Revati,4.0
moon,nakshatra,,2008-07-20T03:28:07.500000+00:00,2008,Ashwini,1.0
moon,nakshatra,,2008-08-02T01:24:22.500000+00:00,2008,Revati,4.0
moon,nakshatra,,2008-08-16T10:30:00+00:00,2008,Ashwini,1.0
moon,nakshatra,,2008-08-29T10:30:00+00:00,2008,Revati,4.0
moon,nakshatra,,2008-09-12T18:28:07.500000+00:00,2008,Ashwini,1.0
moon,nakshatra,,2008-09-25T16:24:22.500000+00:00,2008,Revati,4.0
moon,nakshatra,,2008-10-10T00:39:22.500000+00:00,2008,Ashwini,1.0
moon,nakshatra,,2008-10-22T18:00:00+00:00,2008,Revati,4.0
moon,nakshatra,,2008-11-06T03:33:45+00:00,2008,Ashwini,1.0
moon,nakshatra,,2008-11-18T18:39:22.500000+00:00,2008,Revati,4.0
moon,nakshatra,,2008-12-03T04:46:52.500000+00:00,2008,Ashwini,1.0
moon,nakshatra,,2008-12-15T23:03:45+00:00,2008,Revati,4.0
moon,nakshatra,,2008-12-30T07:41:15+00:00,2008,Ashwini,1.0
moon,nakshatra,,2009-01-12T08:37:30+00:00,2009,Revati,4.0
moon,nakshatra,,2009-01-26T13:30:00+00:00,2009,Ashwini,1.0
moon,nakshatra,,2009-02-08T19:46:52.500000+00:00,2009,Revati,4.0
moon,nakshatra,,2009-02-22T20:31:52.500000+00:00,2009,Ashwini,1.0
moon,nakshatra,,2009-03-08T04:07:30+00:00,2009,Revati,4.0
moon,nakshatra,,2009-03-22T02:15:00+00:00,2009,Ashwini,1.0
moon,nakshatra,,2009-04-04T07:24:22.500000+00:00,2009,Revati,4.0
moon,nakshatra,,2009-04-18T05:20:37.500000+00:00,2009,Ashwini,1.0
moon,nakshatra,,2009-05-01T07:52:30+00:00,2009,Revati,4.0
moon,nakshatra,,2009-05-15T07:13:07.500000+00:00,2009,Ashwini,1.0
moon,nakshatra,,2009-05-28T10:18:45+00:00,2009,Revati,4.0
moon,nakshatra,,2009-06-11T10:18:45+00:00,2009,Ashwini,1.0
moon,nakshatra,,2009-06-24T17:26:15+00:00,2009,Revati,4.0
moon,nakshatra,,2009-07-08T15:28:07.500000+00:00,2009,Ashwini,1.0
moon,nakshatra,,2009-07-22T03:50:37.500000+00:00,2009,Revati,4.0
moon,nakshatra,,2009-08-04T21:39:22.500000+00:00,2009,Ashwini,1.0
moon,nakshatra,,2009-08-18T14:09:22.500000+00:00,2009,Revati,4.0
moon,nakshatra,,2009-09-01T03:16:52.500000+00:00,2009,Ashwini,1.0
moon,nakshatra,,2009-09-14T21:00:00+00:00,2009,Revati,4.0
moon,nakshatra,,2009-09-28T06:56:15+00:00,2009,Ashwini,1.0
moon,nakshatra,,2009-10-11T23:03:45+00:00,2009,Revati,4.0
moon,nakshatra,,2009-10-25T08:54:22.500000+00:00,2009,Ashwini,1.0
moon,nakshatra,,2009-11-07T23:26:15+00:00,2009,Revati,4.0
moon,nakshatra,,2009-11-21T11:31:52.500000+00:00,2009,Ashwini,1.0
moon,nakshatra,,2009-12-05T03:16:52.500000+00:00,2009,Revati,4.0
moon,nakshatra,,2009-12-18T16:41:15+00:00,2009,Ashwini,1.0
moon,nakshatra,,2010-01-01T12:28:07.500000+00:00,2010,Revati,4.0
moon,nakshatra,,2010-01-14T23:20:37.500000+00:00,2010,Ashwini,1.0
moon,nakshatra,,2010-01-29T00:05:37.500000+00:00,2010,Revati,4.0
moon,nakshatra,,2010-02-11T04:58:07.500000+00:00,2010,Ashwini,1.0
moon,nakshatra,,2010-02-25T09:11:15+00:00,2010,Revati,4.0
moon,nakshatra,,2010-03-10T08:09:22.500000+00:00,2010,Ashwini,1.0
moon,nakshatra,,2010-03-24T13:07:30+00:00,2010,Revati,4.0
moon,nakshatra,,2010-04-06T09:45:00+00:00,2010,Ashwini,1.0
moon,nakshatra,,2010-04-20T13:41:15+00:00,2010,Revati,4.0
moon,nakshatra,,2010-05-03T12:33:45+00:00,2010,Ashwini,1.0
moon,nakshatra,,2010-05-17T15:39:22.500000+00:00,2010,Revati,4.0
moon,nakshatra,,2010-05-30T18:05:37.500000+00:00,2010,Ashwini,1.0
moon,nakshatra,,2010-06-13T21:56:15+00:00,2010,Revati,4.0
moon,nakshatra,,2010-06-27T01:18:45+00:00,2010,Ashwini,1.0
moon,nakshatra,,2010-07-11T07:30:00+00:00,2010,Revati,4.0
moon,nakshatra,,2010-07-24T07:58:07.500000+00:00,2010,Ashwini,1.0
moon,nakshatra,,2010-08-07T17:26:15+00:00,2010,Revati,4.0
moon,nakshatra,,2010-08-20T12:11:15+00:00,2010,Ashwini,1.0
moon,nakshatra,,2010-09-04T00:16:52.500000+00:00,2010,Revati,4.0
moon,nakshatra,,2010-09-16T13:58:07.500000+00:00,2010,Ashwini,1.0
moon,nakshatra,,2010-10-01T02:43:07.500000+00:00,2010,Revati,4.0
moon,nakshatra,,2010-10-13T15:33:45+00:00,2010,Ashwini,1.0
moon,nakshatra,,2010-10-28T03:16:52.500000+00:00,2010,Revati,4.0
moon,nakshatra,,2010-11-09T20:15:00+00:00,2010,Ashwini,1.0
moon,nakshatra,,2010-11-24T06:28:07.500000+00:00,2010,Revati,4.0
moon,nakshatra,,2010-12-07T04:13:07.500000+00:00,2010,Ashwini,1.0
moon,nakshatra,,2010-12-21T14:09:22.500000+00:00,2010,Revati,4.0
moon,nakshatra,,2011-01-03T12:50:37.500000+00:00,2011,Ashwini,1.0
moon,nakshatra,,2011-01-18T00:05:37.500000+00:00,2011,Revati,4.0
moon,nakshatra,,2011-01-30T18:28:07.500000+00:00,2011,Ashwini,1.0
moon,nakshatra,,2011-02-14T08:15:00+00:00,2011,Revati,4.0
moon,nakshatra,,2011-02-26T20:20:37.500000+00:00,2011,Ashwini,1.0
moon,nakshatra,,2011-03-13T11:54:22.500000+00:00,2011,Revati,4.0
moon,nakshatra,,2011-03-25T21:11:15+00:00,2011,Ashwini,1.0
moon,nakshatra,,2011-04-09T12:50:37.500000+00:00,2011,Revati,4.0
moon,nakshatra,,2011-04-22T01:07:30+00:00,2011,Ashwini,1.0
moon,nakshatra,,2011-05-06T14:54:22.500000+00:00,2011,Revati,4.0
moon,nakshatra,,2011-05-19T09:05:37.500000+00:00,2011,Ashwini,1.0
moon,nakshatra,,2011-06-02T20:20:37.500000+00:00,2011,Revati,4.0
moon,nakshatra,,2011-06-15T18:33:45+00:00,2011,Ashwini,1.0
moon,nakshatra,,2011-06-30T04:13:07.500000+00:00,2011,Revati,4.0
moon,nakshatra,,2011-07-13T02:26:15+00:00,2011,Ashwini,1.0
moon,nakshatra,,2011-07-27T12:05:37.500000+00:00,2011,Revati,4.0
moon,nakshatra,,2011-08-09T06:33:45+00:00,2011,Ashwini,1.0
moon,nakshatra,,2011-08-23T17:26:15+00:00,2011,Revati,4.0
moon,nakshatra,,2011-09-05T07:35:37.500000+00:00,2011,Ashwini,1.0
moon,nakshatra,,2011-09-19T19:35:37.500000+00:00,2011,Revati,4.0
moon,nakshatra,,2011-10-02T09:11:15+00:00,2011,Ashwini,1.0
moon,nakshatra,,2011-10-16T21:00:00+00:00,2011,Revati,4.0
moon,nakshatra,,2011-10-29T15:00:00+00:00,2011,Ashwini,1.0
moon,nakshatra,,2011-11-13T00:33:45+00:00,2011,Revati,4.0
moon,nakshatra,,2011-11-26T01:01:52.500000+00:00,2011,Ashwini,1.0
moon,nakshatra,,2011-12-10T07:01:52.500000+00:00,2011,Revati,4.0
moon,nakshatra,,2011-12-23T11:37:30+00:00,2011,Ashwini,1.0
moon,nakshatra,,2012-01-06T14:31:52.500000+00:00,2012,Revati,4.0
moon,nakshatra,,2012-01-19T18:28:07.500000+00:00,2012,Ashwini,1.0
moon,nakshatra,,2012-02-02T20:03:45+00:00,2012,Revati,4.0
moon,nakshatra,,2012-02-15T20:15:00+00:00,2012,Ashwini,1.0
moon,nakshatra,,2012-02-29T22:35:37.500000+00:00,2012,Revati,4.0
moon,nakshatra,,2012-03-13T20:43:07.500000+00:00,2012,Ashwini,1.0
moon,nakshatra,,2012-03-28T00:16:52.500000+00:00,2012,Revati,4.0
moon,nakshatra,,2012-04-10T00:50:37.500000+00:00,2012,Ashwini,1.0
moon,nakshatra,,2012-04-24T03:45:00+00:00,2012,Revati,4.0
moon,nakshatra,,2012-05-07T09:45:00+00:00,2012,Ashwini,1.0
moon,nakshatra,,2012-05-21T09:22:30+00:00,2012,Revati,4.0
moon,nakshatra,,2012-06-03T20:37:30+00:00,2012,Ashwini,1.0
moon,nakshatra,,2012-06-17T15:39:22.500000+00:00,2012,Revati,4.0
moon,nakshatra,,2012-07-01T05:48:45+00:00,2012,Ashwini,1.0
moon,nakshatra,,2012-07-14T20:54:22.500000+00:00,2012,Revati,4.0
moon,nakshatra,,2012-07-28T10:35:37.500000+00:00,2012,Ashwini,1.0
moon,nakshatra,,2012-08-11T00:05:37.500000+00:00,2012,Revati,4.0
moon,nakshatra,,2012-08-24T11:37:30+00:00,2012,Ashwini,1.0
moon,nakshatra,,2012-09-07T02:09:22.500000+00:00,2012,Revati,4.0
moon,nakshatra,,2012-09-20T12:56:15+00:00,2012,Ashwini,1.0
moon,nakshatra,,2012-10-04T05:15:00+00:00,2012,Revati,4.0
moon,nakshatra,,2012-10-17T18:28:07.500000+00:00,2012,Ashwini,1.0
moon,nakshatra,,2012-10-31T10:35:37.500000+00:00,2012,Revati,4.0
moon,nakshatra,,2012-11-14T04:41:15+00:00,2012,Ashwini,1.0
moon,nakshatra,,2012-11-27T17:03:45+00:00,2012,Revati,4.0
moon,nakshatra,,2012-12-11T15:56:15+00:00,2012,Ashwini,1.0
moon,nakshatra,,2012-12-24T22:24:22.500000+00:00,2012,Revati,4.0
moon,nakshatra,,2013-01-07T23:48:45+00:00,2013,Ashwini,1.0
moon,nakshatra,,2013-01-21T01:18:45+00:00,2013,Revati,4.0
moon,nakshatra,,2013-02-04T02:15:00+00:00,2013,Ashwini,1.0
moon,nakshatra,,2013-02-17T02:54:22.500000+00:00,2013,Revati,4.0
moon,nakshatra,,2013-03-03T02:31:52.500000+00:00,2013,Ashwini,1.0
moon,nakshatra,,2013-03-16T06:16:52.500000+00:00,2013,Revati,4.0
moon,nakshatra,,2013-03-30T05:54:22.500000+00:00,2013,Ashwini,1.0
moon,nakshatra,,2013-04-12T12:11:15+00:00,2013,Revati,4.0
moon,nakshatra,,2013-04-26T14:09:22.500000+00:00,2013,Ashwini,1.0
moon,nakshatra,,2013-05-09T19:13:07.500000+00:00,2013,Revati,4.0
moon,nakshatra,,2013-05-24T00:39:22.500000+00:00,2013,Ashwini,1.0
moon,nakshatra,,2013-06-06T01:01:52.500000+00:00,2013,Revati,4.0
moon,nakshatra,,2013-06-20T09:50:37.500000+00:00,2013,Ashwini,1.0
moon,nakshatra,,2013-07-03T04:13:07.500000+00:00,2013,Revati,4.0
moon,nakshatra,,2013-07-17T15:00:00+00:00,2013,Ashwini,1.0
moon,nakshatra,,2013-07-30T05:48:45+00:00,2013,Revati,4.0
moon,nakshatra,,2013-08-13T16:18:45+00:00,2013,Ashwini,1.0
moon,nakshatra,,2013-08-26T08:20:37.500000+00:00,2013,Revati,4.0
moon,nakshatra,,2013-09-09T17:31:52.500000+00:00,2013,Ashwini,1.0
moon,nakshatra,,2013-09-22T13:46:52.500000+00:00,2013,Revati,4.0
moon,nakshatra,,2013-10-06T22:07:30+00:00,2013,Ashwini,1.0
moon,nakshatra,,2013-10-19T21:45:00+00:00,2013,Revati,4.0
moon,nakshatra,,2013-11-03T06:56:15+00:00,2013,Ashwini,1.0
moon,nakshatra,,2013-11-16T05:31:52.500000+00:00,2013,Revati,4.0
moon,nakshatra,,2013-11-30T16:58:07.500000+00:00,2013,Ashwini,1.0
moon,nakshatra,,2013-12-13T10:13:07.500000+00:00,2013,Revati,4.0
moon,nakshatra,,2013-12-28T00:22:30+00:00,2013,Ashwini,1.0
moon,nakshatra,,2014-01-09T11:26:15+00:00,2014,Revati,4.0
moon,nakshatra,,2014-01-24T03:00:00+00:00,2014,Ashwini,1.0
moon,nakshatra,,2014-02-05T12:45:00+00:00,2014,Revati,4.0
moon,nakshatra,,2014-02-20T03:28:07.500000+00:00,2014,Ashwini,1.0
moon,nakshatra,,2014-03-04T17:48:45+00:00,2014,Revati,4.0
moon,nakshatra,,2014-03-19T06:33:45+00:00,2014,Ashwini,1.0
moon,nakshatra,,2014-04-01T02:31:52.500000+00:00,2014,Revati,4.0
moon,nakshatra,,2014-04-15T13:24:22.500000+00:00,2014,Ashwini,1.0
moon,nakshatra,,2014-04-28T11:37:30+00:00,2014,Revati,4.0
moon,nakshatra,,2014-05-12T22:07:30+00:00,2014,Ashwini,1.0
moon,nakshatra,,2014-05-25T18:00:00+00:00,2014,Revati,4.0
moon,nakshatra,,2014-06-09T05:37:30+00:00,2014,Ashwini,1.0
moon,nakshatra,,2014-06-21T20:31:52.500000+00:00,2014,Revati,4.0
moon,nakshatra,,2014-07-06T09:50:37.500000+00:00,2014,Ashwini,1.0
moon,nakshatra,,2014-07-18T21:22:30+00:00,2014,Revati,4.0
moon,nakshatra,,2014-08-02T11:26:15+00:00,2014,Ashwini,1.0
moon,nakshatra,,2014-08-15T00:16:52.500000+00:00,2014,Revati,4.0
moon,nakshatra,,2014-08-29T13:18:45+00:00,2014,Ashwini,1.0
moon,nakshatra,,2014-09-11T07:35:37.500000+00:00,2014,Revati,4.0
moon,nakshatra,,2014-09-25T17:43:07.500000+00:00,2014,Ashwini,1.0
moon,nakshatra,,2014-10-08T17:43:07.500000+00:00,2014,Revati,4.0
moon,nakshatra,,2014-10-23T00:50:37.500000+00:00,2014,Ashwini,1.0
moon,nakshatra,,2014-11-05T03:16:52.500000+00:00,2014,Revati,4.0
moon,nakshatra,,2014-11-19T08:20:37.500000+00:00,2014,Ashwini,1.0
moon,nakshatra,,2014-12-02T08:31:52.500000+00:00,2014,Revati,4.0
moon,nakshatra,,2014-12-16T13:30:00+00:00,2014,Ashwini,1.0
moon,nakshatra,,2014-12-29T09:28:07.500000+00:00,2014,Revati,4.0
moon,nakshatra,,2015-01-12T15:33:45+00:00,2015,Ashwini,1.0
moon,nakshatra,,2015-01-25T10:24:22.500000+00:00,2015,Revati,4.0
moon,nakshatra,,2015-02-08T17:09:22.500000+00:00,2015,Ashwini,1.0
moon,nakshatra,,2015-02-21T16:07:30+00:00,2015,Revati,4.0
moon,nakshatra,,2015-03-07T21:05:37.500000+00:00,2015,Ashwini,1.0
moon,nakshatra,,2015-03-21T02:20:37.500000+00:00,2015,Revati,4.0
moon,nakshatra,,2015-04-04T03:22:30+00:00,2015,Ashwini,1.0
moon,nakshatra,,2015-04-17T13:07:30+00:00,2015,Revati,4.0
moon,nakshatra,,2015-05-01T09:50:37.500000+00:00,2015,Ashwini,1.0
moon,nakshatra,,2015-05-14T20:37:30+00:00,2015,Revati,4.0
moon,nakshatra,,2015-05-28T14:43:07.500000+00:00,2015,Ashwini,1.0
moon,nakshatra,,2015-06-10T23:31:52.500000+00:00,2015,Revati,4.0
moon,nakshatra,,2015-06-24T17:26:15+00:00,2015,Ashwini,1.0
moon,nakshatra,,2015-07-08T00:11:15+00:00,2015,Revati,4.0
moon,nakshatra,,2015-07-21T19:35:37.500000+00:00,2015,Ashwini,1.0
moon,nakshatra,,2015-08-04T02:54:22.500000+00:00,2015,Revati,4.0
moon,nakshatra,,2015-08-17T23:09:22.500000+00:00,2015,Ashwini,1.0
moon,nakshatra,,2015-08-31T10:18:45+00:00,2015,Revati,4.0
moon,nakshatra,,2015-09-14T04:41:15+00:00,2015,Ashwini,1.0
moon,nakshatra,,2015-09-27T21:05:37.500000+00:00,2015,Revati,4.0
moon,nakshatra,,2015-10-11T10:58:07.500000+00:00,2015,Ashwini,1.0
moon,nakshatra,,2015-10-25T07:41:15+00:00,2015,Revati,4.0
moon,nakshatra,,2015-11-07T15:56:15+00:00,2015,Ashwini,1.0
moon,nakshatra,,2015-11-21T13:58:07.500000+00:00,2015,Revati,4.0
moon,nakshatra,,2015-12-04T18:39:22.500000+00:00,2015,Ashwini,1.0
moon,nakshatra,,2015-12-18T15:16:52.500000+00:00,2015,Revati,4.0
moon,nakshatra,,2015-12-31T20:20:37.500000+00:00,2015,Ashwini,1.0
moon,nakshatra,,2016-01-14T15:50:37.500000+00:00,2016,Revati,4.0
moon,nakshatra,,2016-01-28T00:00:00+00:00,2016,Ashwini,1.0
moon,nakshatra,,2016-02-10T20:48:45+00:00,2016,Revati,4.0
moon,nakshatra,,2016-02-24T06:16:52.500000+00:00,2016,Ashwini,1.0
moon,nakshatra,,2016-03-09T06:33:45+00:00,2016,Revati,4.0
moon,nakshatra,,2016-03-22T13:01:52.500000+00:00,2016,Ashwini,1.0
moon,nakshatra,,2016-04-05T17:26:15+00:00,2016,Revati,4.0
moon,nakshatra,,2016-04-18T18:05:37.500000+00:00,2016,Ashwini,1.0
moon,nakshatra,,2016-05-03T01:30:00+00:00,2016,Revati,4.0
moon,nakshatra,,2016-05-15T20:43:07.500000+00:00,2016,Ashwini,1.0
moon,nakshatra,,2016-05-30T04:46:52.500000+00:00,2016,Revati,4.0
moon,nakshatra,,2016-06-11T22:24:22.500000+00:00,2016,Ashwini,1.0
moon,nakshatra,,2016-06-26T05:31:52.500000+00:00,2016,Revati,4.0
moon,nakshatra,,2016-07-09T01:46:52.500000+00:00,2016,Ashwini,1.0
moon,nakshatra,,2016-07-23T07:52:30+00:00,2016,Revati,4.0
moon,nakshatra,,2016-08-05T07:52:30+00:00,2016,Ashwini,1.0
moon,nakshatra,,2016-08-19T14:15:00+00:00,2016,Revati,4.0
moon,nakshatra,,2016-09-01T15:28:07.500000+00:00,2016,Ashwini,1.0
moon,nakshatra,,2016-09-16T00:00:00+00:00,2016,Revati,4.0
moon,nakshatra,,2016-09-28T22:07:30+00:00,2016,Ashwini,1.0
moon,nakshatra,,2016-10-13T09:45:00+00:00,2016,Revati,4.0
moon,nakshatra,,2016-10-26T01:46:52.500000+00:00,2016,Ashwini,1.0
moon,nakshatra,,2016-11-09T15:56:15+00:00,2016,Revati,4.0
moon,nakshatra,,2016-11-22T02:54:22.500000+00:00,2016,Ashwini,1.0
moon,nakshatra,,2016-12-06T17:37:30+00:00,2016,Revati,4.0
moon,nakshatra,,2016-12-19T04:52:30+00:00,2016,Ashwini,1.0
moon,nakshatra,,2017-01-02T18:16:52.500000+00:00,2017,Revati,4.0
moon,nakshatra,,2017-01-15T10:46:52.500000+00:00,2017,Ashwini,1.0
moon,nakshatra,,2017-01-29T22:24:22.500000+00:00,2017,Revati,4.0
moon,nakshatra,,2017-02-11T19:52:30+00:00,2017,Ashwini,1.0
moon,nakshatra,,2017-02-26T06:33:45+00:00,2017,Revati,4.0
moon,nakshatra,,2017-03-11T04:18:45+00:00,2017,Ashwini,1.0
moon,nakshatra,,2017-03-25T15:45:00+00:00,2017,Revati,4.0
moon,nakshatra,,2017-04-07T09:16:52.500000+00:00,2017,Ashwini,1.0
moon,nakshatra,,2017-04-21T22:35:37.500000+00:00,2017,Revati,4.0
moon,nakshatra,,2017-05-04T10:46:52.500000+00:00,2017,Ashwini,1.0
moon,nakshatra,,2017-05-19T01:35:37.500000+00:00,2017,Revati,4.0
moon,nakshatra,,2017-05-31T12:00:00+00:00,2017,Ashwini,1.0
moon,nakshatra,,2017-06-15T02:43:07.500000+00:00,2017,Revati,4.0
moon,nakshatra,,2017-06-27T16:30:00+00:00,2017,Ashwini,1.0
moon,nakshatra,,2017-07-12T05:20:37.500000+00:00,2017,Revati,4.0
moon,nakshatra,,2017-07-25T00:50:37.500000+00:00,2017,Ashwini,1.0
moon,nakshatra,,2017-08-08T10:58:07.500000+00:00,2017,Revati,4.0
moon,nakshatra,,2017-08-21T10:35:37.500000+00:00,2017,Ashwini,1.0
moon,nakshatra,,2017-09-04T18:45:00+00:00,2017,Revati,4.0
moon,nakshatra,,2017-09-17T18:33:45+00:00,2017,Ashwini,1.0
moon,nakshatra,,2017-10-02T02:09:22.500000+00:00,2017,Revati,4.0
moon,nakshatra,,2017-10-14T22:13:07.500000+00:00,2017,Ashwini,1.0
moon,nakshatra,,2017-10-29T06:45:00+00:00,2017,Revati,4.0
moon,nakshatra,,2017-11-10T22:46:52.500000+00:00,2017,Ashwini,1.0
moon,nakshatra,,2017-11-25T08:26:15+00:00,2017,Revati,4.0
moon,nakshatra,,2017-12-08T00:45:00+00:00,2017,Ashwini,1.0
moon,nakshatra,,2017-12-22T10:07:30+00:00,2017,Revati,4.0
moon,nakshatra,,2018-01-04T07:52:30+00:00,2018,Ashwini,1.0
moon,nakshatra,,2018-01-18T14:31:52.500000+00:00,2018,Revati,4.0
moon,nakshatra,,2018-01-31T18:50:37.500000+00:00,2018,Ashwini,1.0
moon,nakshatra,,2018-02-14T21:16:52.500000+00:00,2018,Revati,4.0
moon,nakshatra,,2018-02-28T05:09:22.500000+00:00,2018,Ashwini,1.0
moon,nakshatra,,2018-03-14T03:50:37.500000+00:00,2018,Revati,4.0
moon,nakshatra,,2018-03-27T11:03:45+00:00,2018,Ashwini,1.0
moon,nakshatra,,2018-04-10T08:15:00+00:00,2018,Revati,4.0
moon,nakshatra,,2018-04-23T12:22:30+00:00,2018,Ashwini,1.0
moon,nakshatra,,2018-05-07T10:30:00+00:00,2018,Revati,4.0
moon,nakshatra,,2018-05-20T13:18:45+00:00,2018,Ashwini,1.0
moon,nakshatra,,2018-06-03T12:45:00+00:00,2018,Revati,4.0
moon,nakshatra,,2018-06-16T17:54:22.500000+00:00,2018,Ashwini,1.0
moon,nakshatra,,2018-06-30T16:52:30+00:00,2018,Revati,4.0
moon,nakshatra,,2018-07-14T02:54:22.500000+00:00,2018,Ashwini,1.0
moon,nakshatra,,2018-07-27T22:46:52.500000+00:00,2018,Revati,4.0
moon,nakshatra,,2018-08-10T13:46:52.500000+00:00,2018,Ashwini,1.0
moon,nakshatra,,2018-08-24T04:52:30+00:00,2018,Revati,4.0
moon,nakshatra,,2018-09-06T22:46:52.500000+00:00,2018,Ashwini,1.0
moon,nakshatra,,2018-09-20T09:33:45+00:00,2018,Revati,4.0
moon,nakshatra,,2018-10-04T03:16:52.500000+00:00,2018,Ashwini,1.0
moon,nakshatra,,2018-10-17T12:11:15+00:00,2018,Revati,4.0
moon,nakshatra,,2018-10-31T03:50:37.500000+00:00,2018,Ashwini,1.0
moon,nakshatra,,2018-11-13T14:09:22.500000+00:00,2018,Revati,4.0
moon,nakshatra,,2018-11-27T05:20:37.500000+00:00,2018,Ashwini,1.0
moon,nakshatra,,2018-12-10T18:05:37.500000+00:00,2018,Revati,4.0
moon,nakshatra,,2018-12-24T12:00:00+00:00,2018,Ashwini,1.0
moon,nakshatra,,2019-01-07T00:11:15+00:00,2019,Revati,4.0
moon,nakshatra,,2019-01-20T22:52:30+00:00,2019,Ashwini,1.0
moon,nakshatra,,2019-02-03T06:39:22.500000+00:00,2019,Revati,4.0
moon,nakshatra,,2019-02-17T09:50:37.500000+00:00,2019,Ashwini,1.0
moon,nakshatra,,2019-03-02T11:09:22.500000+00:00,2019,Revati,4.0
moon,nakshatra,,2019-03-16T16:30:00+00:00,2019,Ashwini,1.0
moon,nakshatra,,2019-03-29T13:13:07.500000+00:00,2019,Revati,4.0
moon,nakshatra,,2019-04-12T18:11:15+00:00,2019,Ashwini,1.0
moon,nakshatra,,2019-04-25T15:05:37.500000+00:00,2019,Revati,4.0
moon,nakshatra,,2019-05-09T18:56:15+00:00,2019,Ashwini,1.0
moon,nakshatra,,2019-05-22T19:18:45+00:00,2019,Revati,4.0
moon,nakshatra,,2019-06-05T22:52:30+00:00,2019,Ashwini,1.0
moon,nakshatra,,2019-06-19T01:58:07.500000+00:00,2019,Revati,4.0
moon,nakshatra,,2019-07-03T06:56:15+00:00,2019,Ashwini,1.0
moon,nakshatra,,2019-07-16T09:11:15+00:00,2019,Revati,4.0
moon,nakshatra,,2019-07-30T17:09:22.500000+00:00,2019,Ashwini,1.0
moon,nakshatra,,2019-08-12T14:48:45+00:00,2019,Revati,4.0
moon,nakshatra,,2019-08-27T01:52:30+00:00,2019,Ashwini,1.0
moon,nakshatra,,2019-09-08T17:43:07.500000+00:00,2019,Revati,4.0
moon,nakshatra,,2019-09-23T06:33:45+00:00,2019,Ashwini,1.0
moon,nakshatra,,2019-10-05T18:56:15+00:00,2019,Revati,4.0
moon,nakshatra,,2019-10-20T07:35:37.500000+00:00,2019,Ashwini,1.0
moon,nakshatra,,2019-11-01T21:45:00+00:00,2019,Revati,4.0
moon,nakshatra,,2019-11-16T08:54:22.500000+00:00,2019,Ashwini,1.0
moon,nakshatra,,2019-11-29T04:18:45+00:00,2019,Revati,4.0
moon,nakshatra,,2019-12-13T14:20:37.500000+00:00,2019,Ashwini,1.0
moon,nakshatra,,2019-12-26T13:07:30+00:00,2019,Revati,4.0
moon,nakshatra,,2020-01-09T23:31:52.500000+00:00,2020,Ashwini,1.0
moon,nakshatra,,2020-01-22T20:37:30+00:00,2020,Revati,4.0
moon,nakshatra,,2020-02-06T09:05:37.500000+00:00,2020,Ashwini,1.0
moon,nakshatra,,2020-02-19T00:16:52.500000+00:00,2020,Revati,4.0
moon,nakshatra,,2020-03-04T15:05:37.500000+00:00,2020,Ashwini,1.0
moon,nakshatra,,2020-03-17T01:07:30+00:00,2020,Revati,4.0
moon,nakshatra,,2020-03-31T16:58:07.500000+00:00,2020,Ashwini,1.0
moon,nakshatra,,2020-04-13T03:05:37.500000+00:00,2020,Revati,4.0
moon,nakshatra,,2020-04-27T18:00:00+00:00,2020,Ashwini,1.0
moon,nakshatra,,2020-05-10T09:05:37.500000+00:00,2020,Revati,4.0
moon,nakshatra,,2020-05-24T21:39:22.500000+00:00,2020,Ashwini,1.0
moon,nakshatra,,2020-06-06T18:16:52.500000+00:00,2020,Revati,4.0
moon,nakshatra,,2020-06-21T04:30:00+00:00,2020,Ashwini,1.0
moon,nakshatra,,2020-07-04T03:22:30+00:00,2020,Revati,4.0
moon,nakshatra,,2020-07-18T12:39:22.500000+00:00,2020,Ashwini,1.0
moon,nakshatra,,2020-07-31T09:39:22.500000+00:00,2020,Revati,4.0
moon,nakshatra,,2020-08-14T19:30:00+00:00,2020,Ashwini,1.0
moon,nakshatra,,2020-08-27T12:00:00+00:00,2020,Revati,4.0
moon,nakshatra,,2020-09-10T23:15:00+00:00,2020,Ashwini,1.0
moon,nakshatra,,2020-09-23T12:39:22.500000+00:00,2020,Revati,4.0
moon,nakshatra,,2020-10-08T00:33:45+00:00,2020,Ashwini,1.0
moon,nakshatra,,2020-10-20T16:01:52.500000+00:00,2020,Revati,4.0
moon,nakshatra,,2020-11-04T02:48:45+00:00,2020,Ashwini,1.0
moon,nakshatra,,2020-11-17T00:11:15+00:00,2020,Revati,4.0
moon,nakshatra,,2020-12-01T07:52:30+00:00,2020,Ashwini,1.0
moon,nakshatra,,2020-12-14T11:09:22.500000+00:00,2020,Revati,4.0
moon,nakshatra,,2020-12-28T15:11:15+00:00,2020,Ashwini,1.0
moon,nakshatra,,2021-01-10T20:20:37.500000+00:00,2021,Revati,4.0
moon,nakshatra,,2021-01-24T21:56:15+00:00,2021,Ashwini,1.0
moon,nakshatra,,2021-02-07T00:33:45+00:00,2021,Revati,4.0
moon,nakshatra,,2021-02-21T01:52:30+00:00,2021,Ashwini,1.0
moon,nakshatra,,2021-03-06T01:01:52.500000+00:00,2021,Revati,4.0
moon,nakshatra,,2021-03-20T03:39:22.500000+00:00,2021,Ashwini,1.0
moon,nakshatra,,2021-04-02T02:48:45+00:00,2021,Revati,4.0
moon,nakshatra,,2021-04-16T06:00:00+00:00,2021,Ashwini,1.0
moon,nakshatra,,2021-04-29T09:22:30+00:00,2021,Revati,4.0
moon,nakshatra,,2021-05-13T10:35:37.500000+00:00,2021,Ashwini,1.0
moon,nakshatra,,2021-05-26T19:41:15+00:00,2021,Revati,4.0
moon,nakshatra,,2021-06-09T16:46:52.500000+00:00,2021,Ashwini,1.0
moon,nakshatra,,2021-06-23T06:11:15+00:00,2021,Revati,4.0
moon,nakshatra,,2021-07-06T22:46:52.500000+00:00,2021,Ashwini,1.0
moon,nakshatra,,2021-07-20T13:30:00+00:00,2021,Revati,4.0
moon,nakshatra,,2021-08-03T03:00:00+00:00,2021,Ashwini,1.0
moon,nakshatra,,2021-08-16T16:07:30+00:00,2021,Revati,4.0
moon,nakshatra,,2021-08-30T05:20:37.500000+00:00,2021,Ashwini,1.0
moon,nakshatra,,2021-09-12T16:41:15+00:00,2021,Revati,4.0
moon,nakshatra,,2021-09-26T07:41:15+00:00,2021,Ashwini,1.0
moon,nakshatra,,2021-10-09T19:41:15+00:00,2021,Revati,4.0
moon,nakshatra,,2021-10-23T11:54:22.500000+00:00,2021,Ashwini,1.0
moon,nakshatra,,2021-11-06T03:45:00+00:00,2021,Revati,4.0
moon,nakshatra,,2021-11-19T18:05:37.500000+00:00,2021,Ashwini,1.0
moon,nakshatra,,2021-12-03T15:05:37.500000+00:00,2021,Revati,4.0
moon,nakshatra,,2021-12-17T00:16:52.500000+00:00,2021,Ashwini,1.0
moon,nakshatra,,2021-12-31T01:13:07.500000+00:00,2021,Revati,4.0
moon,nakshatra,,2022-01-13T04:24:22.500000+00:00,2022,Ashwini,1.0
moon,nakshatra,,2022-01-27T06:22:30+00:00,2022,Revati,4.0
moon,nakshatra,,2022-02-09T06:16:52.500000+00:00,2022,Ashwini,1.0
moon,nakshatra,,2022-02-23T07:01:52.500000+00:00,2022,Revati,4.0
moon,nakshatra,,2022-03-08T08:26:15+00:00,2022,Ashwini,1.0
moon,nakshatra,,2022-03-22T08:15:00+00:00,2022,Revati,4.0
moon,nakshatra,,2022-04-04T13:13:07.500000+00:00,2022,Ashwini,1.0
moon,nakshatra,,2022-04-18T14:03:45+00:00,2022,Revati,4.0
moon,nakshatra,,2022-05-01T19:58:07.500000+00:00,2022,Ashwini,1.0
moon,nakshatra,,2022-05-15T23:48:45+00:00,2022,Revati,4.0
moon,nakshatra,,2022-05-29T02:37:30+00:00,2022,Ashwini,1.0
moon,nakshatra,,2022-06-12T10:07:30+00:00,2022,Revati,4.0
moon,nakshatra,,2022-06-25T07:13:07.500000+00:00,2022,Ashwini,1.0
moon,nakshatra,,2022-07-09T17:31:52.500000+00:00,2022,Revati,4.0
moon,nakshatra,,2022-07-22T09:28:07.500000+00:00,2022,Ashwini,1.0
moon,nakshatra,,2022-08-05T20:37:30+00:00,2022,Revati,4.0
moon,nakshatra,,2022-08-18T11:03:45+00:00,2022,Ashwini,1.0
moon,nakshatra,,2022-09-01T21:16:52.500000+00:00,2022,Revati,4.0
moon,nakshatra,,2022-09-14T14:54:22.500000+00:00,2022,Ashwini,1.0
moon,nakshatra,,2022-09-28T23:48:45+00:00,2022,Revati,4.0
moon,nakshatra,,2022-10-11T21:56:15+00:00,2022,Ashwini,1.0
moon,nakshatra,,2022-10-26T06:33:45+00:00,2022,Revati,4.0
moon,nakshatra,,2022-11-08T06:11:15+00:00,2022,Ashwini,1.0
moon,nakshatra,,2022-11-22T16:30:00+00:00,2022,Revati,4.0
moon,nakshatra,,2022-12-05T12:45:00+00:00,2022,Ashwini,1.0
moon,nakshatra,,2022-12-20T01:41:15+00:00,2022,Revati,4.0
moon,nakshatra,,2023-01-01T15:28:07.500000+00:00,2023,Ashwini,1.0
moon,nakshatra,,2023-01-16T06:39:22.500000+00:00,2023,Revati,4.0
moon,nakshatra,,2023-01-28T16:07:30+00:00,2023,Ashwini,1.0
moon,nakshatra,,2023-02-12T07:35:37.500000+00:00,2023,Revati,4.0
moon,nakshatra,,2023-02-24T19:01:52.500000+00:00,2023,Ashwini,1.0
moon,nakshatra,,2023-03-11T09:00:00+00:00,2023,Revati,4.0
moon,nakshatra,,2023-03-24T02:15:00+00:00,2023,Ashwini,1.0
moon,nakshatra,,2023-04-07T13:58:07.500000+00:00,2023,Revati,4.0
moon,nakshatra,,2023-04-20T11:37:30+00:00,2023,Ashwini,1.0
moon,nakshatra,,2023-05-04T22:01:52.500000+00:00,2023,Revati,4.0
moon,nakshatra,,2023-05-17T19:41:15+00:00,2023,Ashwini,1.0
moon,nakshatra,,2023-06-01T06:28:07.500000+00:00,2023,Revati,4.0
moon,nakshatra,,2023-06-14T00:11:15+00:00,2023,Ashwini,1.0
moon,nakshatra,,2023-06-28T12:28:07.500000+00:00,2023,Revati,4.0
moon,nakshatra,,2023-07-11T01:30:00+00:00,2023,Ashwini,1.0
moon,nakshatra,,2023-07-25T15:11:15+00:00,2023,Revati,4.0
moon,nakshatra,,2023-08-07T02:48:45+00:00,2023,Ashwini,1.0
moon,nakshatra,,2023-08-21T16:30:00+00:00,2023,Revati,4.0
moon,nakshatra,,2023-09-03T07:46:52.500000+00:00,2023,Ashwini,1.0
moon,nakshatra,,2023-09-17T19:24:22.500000+00:00,2023,Revati,4.0
moon,nakshatra,,2023-09-30T16:52:30+00:00,2023,Ashwini,1.0
moon,nakshatra,,2023-10-15T01:13:07.500000+00:00,2023,Revati,4.0
moon,nakshatra,,2023-10-28T03:16:52.500000+00:00,2023,Ashwini,1.0
moon,nakshatra,,2023-11-11T08:54:22.500000+00:00,2023,Revati,4.0
moon,nakshatra,,2023-11-24T11:03:45+00:00,2023,Ashwini,1.0
moon,nakshatra,,2023-12-08T15:28:07.500000+00:00,2023,Revati,4.0
moon,nakshatra,,2023-12-21T13:58:07.500000+00:00,2023,Ashwini,1.0
moon,nakshatra,,2024-01-04T18:56:15+00:00,2024,Revati,4.0
moon,nakshatra,,2024-01-17T14:09:22.500000+00:00,2024,Ashwini,1.0
moon,nakshatra,,2024-01-31T20:20:37.500000+00:00,2024,Revati,4.0
moon,nakshatra,,2024-02-13T17:03:45+00:00,2024,Ashwini,1.0
moon,nakshatra,,2024-02-27T22:58:07.500000+00:00,2024,Revati,4.0
moon,nakshatra,,2024-03-12T01:18:45+00:00,2024,Ashwini,1.0
moon,nakshatra,,2024-03-26T04:13:07.500000+00:00,2024,Revati,4.0
moon,nakshatra,,2024-04-08T12:22:30+00:00,2024,Ashwini,1.0
moon,nakshatra,,2024-04-22T10:46:52.500000+00:00,2024,Revati,4.0
moon,nakshatra,,2024-05-05T21:56:15+00:00,2024,Ashwini,1.0
moon,nakshatra,,2024-05-19T16:41:15+00:00,2024,Revati,4.0
moon,nakshatra,,2024-06-02T03:11:15+00:00,2024,Ashwini,1.0
moon,nakshatra,,2024-06-15T20:20:37.500000+00:00,2024,Revati,4.0
moon,nakshatra,,2024-06-29T04:30:00+00:00,2024,Ashwini,1.0
moon,nakshatra,,2024-07-12T22:30:00+00:00,2024,Revati,4.0
moon,nakshatra,,2024-07-26T05:37:30+00:00,2024,Ashwini,1.0
moon,nakshatra,,2024-08-09T01:07:30+00:00,2024,Revati,4.0
moon,nakshatra,,2024-08-22T10:30:00+00:00,2024,Ashwini,1.0
moon,nakshatra,,2024-09-05T05:48:45+00:00,2024,Revati,4.0
moon,nakshatra,,2024-09-18T19:52:30+00:00,2024,Ashwini,1.0
moon,nakshatra,,2024-10-02T11:54:22.500000+00:00,2024,Revati,4.0
moon,nakshatra,,2024-10-16T07:07:30+00:00,2024,Ashwini,1.0
moon,nakshatra,,2024-10-29T17:48:45+00:00,2024,Revati,4.0
moon,nakshatra,,2024-11-12T16:01:52.500000+00:00,2024,Ashwini,1.0
moon,nakshatra,,2024-11-25T21:33:45+00:00,2024,Revati,4.0
moon,nakshatra,,2024-12-09T19:41:15+00:00,2024,Ashwini,1.0
moon,nakshatra,,2024-12-22T23:26:15+00:00,2024,Revati,4.0
moon,nakshatra,,2025-01-05T19:46:52.500000+00:00,2025,Ashwini,1.0
moon,nakshatra,,2025-01-19T01:52:30+00:00,2025,Revati,4.0
moon,nakshatra,,2025-02-01T22:07:30+00:00,2025,Ashwini,1.0
moon,nakshatra,,2025-02-15T06:56:15+00:00,2025,Revati,4.0
moon,nakshatra,,2025-03-01T05:43:07.500000+00:00,2025,Ashwini,1.0
moon,nakshatra,,2025-03-14T13:46:52.500000+00:00,2025,Revati,4.0
moon,nakshatra,,2025-03-28T16:30:00+00:00,2025,Ashwini,1.0
moon,nakshatra,,2025-04-10T19:58:07.500000+00:00,2025,Revati,4.0
moon,nakshatra,,2025-04-25T02:26:15+00:00,2025,Ashwini,1.0
moon,nakshatra,,2025-05-07T23:48:45+00:00,2025,Revati,4.0
moon,nakshatra,,2025-05-22T08:09:22.500000+00:00,2025,Ashwini,1.0
moon,nakshatra,,2025-06-04T01:35:37.500000+00:00,2025,Revati,4.0
moon,nakshatra,,2025-06-18T09:45:00+00:00,2025,Ashwini,1.0
moon,nakshatra,,2025-07-01T03:45:00+00:00,2025,Revati,4.0
moon,nakshatra,,2025-07-15T10:41:15+00:00,2025,Ashwini,1.0
moon,nakshatra,,2025-07-28T08:31:52.500000+00:00,2025,Revati,4.0
moon,nakshatra,,2025-08-11T14:54:22.500000+00:00,2025,Ashwini,1.0
moon,nakshatra,,2025-08-24T15:45:00+00:00,2025,Revati,4.0
moon,nakshatra,,2025-09-07T23:09:22.500000+00:00,2025,Ashwini,1.0
moon,nakshatra,,2025-09-20T23:15:00+00:00,2025,Revati,4.0
moon,nakshatra,,2025-10-05T09:22:30+00:00,2025,Ashwini,1.0
moon,nakshatra,,2025-10-18T04:35:37.500000+00:00,2025,Revati,4.0
moon,nakshatra,,2025-11-01T17:48:45+00:00,2025,Ashwini,1.0
moon,nakshatra,,2025-11-14T06:39:22.500000+00:00,2025,Revati,4.0
moon,nakshatra,,2025-11-28T21:33:45+00:00,2025,Ashwini,1.0
moon,nakshatra,,2025-12-11T07:35:37.500000+00:00,2025,Revati,4.0
moon,nakshatra,,2025-12-25T22:01:52.500000+00:00,2025,Ashwini,1.0
mars,rashi,Aries,1900-07-18T18:14:03.750000+00:00,1900,,
mars,rashi,Pisces,1901-08-06T05:01:38.437500+00:00,1901,,
mars,rashi,Aries,1902-06-05T15:42:11.250000+00:00,1902,,
mars,rashi,Pisces,1903-06-24T07:46:10.312500+00:00,1903,,
mars,rashi,Aries,1904-04-22T19:30:00+00:00,1904,,
mars,rashi,Pisces,1905-05-11T04:32:06.562500+00:00,1905,,
mars,rashi,Aries,1906-03-11T02:41:43.125000+00:00,1906,,
mars,rashi,Pisces,1907-03-28T21:57:39.375000+00:00,1907,,
mars,rashi,Aries,1908-01-27T07:53:54.375000+00:00,1908,,
mars,rashi,Pisces,1909-02-12T13:02:34.687500+00:00,1909,,
mars,rashi,Aries,1909-12-14T10:17:20.625000+00:00,1909,,
mars,rashi,Pisces,1910-12-31T06:52:44.062500+00:00,1910,,
mars,rashi,Aries,1911-11-01T07:20:51.562500+00:00,1911,,
mars,rashi,Pisces,1912-11-17T07:20:09.375000+00:00,1912,,
mars,rashi,Aries,1913-09-17T23:22:01.875000+00:00,1913,,
mars,rashi,Pisces,1914-10-05T12:42:53.437500+00:00,1914,,
mars,rashi,Aries,1915-08-05T15:09:08.437500+00:00,1915,,
mars,rashi,Pisces,1916-08-22T19:05:23.437500+00:00,1916,,
mars,rashi,Aries,1917-06-22T12:12:39.375000+00:00,1917,,
mars,rashi,Pisces,1918-07-10T23:38:54.375000+00:00,1918,,
mars,rashi,Aries,1919-05-10T12:54:08.437500+00:00,1919,,
mars,rashi,Pisces,1920-05-27T22:59:31.875000+00:00,1920,,
mars,rashi,Aries,1921-03-27T17:17:06.562500+00:00,1921,,
mars,rashi,Pisces,1922-04-14T17:21:19.687500+00:00,1922,,
mars,rashi,Aries,1923-02-12T23:43:07.500000+00:00,1923,,
mars,rashi,Pisces,1924-03-01T10:08:12.187500+00:00,1924,,
mars,rashi,Aries,1924-12-31T03:20:23.437500+00:00,1924,,
mars,rashi,Pisces,1926-01-17T03:37:15.937500+00:00,1926,,
mars,rashi,Aries,1926-11-18T01:16:38.437500+00:00,1926,,
mars,rashi,Pisces,1927-12-05T01:33:30.937500+00:00,1927,,
mars,rashi,Aries,1928-10-04T19:52:30+00:00,1928,,
mars,rashi,Pisces,1929-10-22T05:00:14.062500+00:00,1929,,
mars,rashi,Aries,1930-08-22T13:03:59.062500+00:00,1930,,
mars,rashi,Pisces,1931-09-09T10:40:32.812500+00:00,1931,,
mars,rashi,Aries,1932-07-09T07:29:17.812500+00:00,1932,,
mars,rashi,Pisces,1933-07-27T14:28:21.562500+00:00,1933,,
mars,rashi,Aries,1934-05-27T07:42:39.375000+00:00,1934,,
mars,rashi,Pisces,1935-06-14T14:59:17.812500+00:00,1935,,
mars,rashi,Aries,1936-04-13T11:16:24.375000+00:00,1936,,
mars,rashi,Pisces,1937-05-01T12:02:48.750000+00:00,1937,,
mars,rashi,Aries,1938-03-01T15:00:42.187500+00:00,1938,,
mars,rashi,Pisces,1939-03-19T06:14:03.750000+00:00,1939,,
mars,rashi,Aries,1940-01-17T18:23:54.375000+00:00,1940,,
mars,rashi,Pisces,1941-02-03T00:32:20.625000+00:00,1941,,
mars,rashi,Aries,1941-12-04T19:30:00+00:00,1941,,
mars,rashi,Pisces,1942-12-21T22:03:59.062500+00:00,1942,,
mars,rashi,Aries,1943-10-22T14:41:00.937500+00:00,1943,,
mars,rashi,Pisces,1944-11-07T22:56:00.937500+00:00,1944,,
mars,rashi,Aries,1945-09-08T09:20:23.437500+00:00,1945,,
mars,rashi,Pisces,1946-09-26T02:05:09.375000+00:00,1946,,
mars,rashi,Aries,1947-07-27T05:55:46.875000+00:00,1947,,
mars,rashi,Pisces,1948-08-13T05:38:54.375000+00:00,1948,,
mars,rashi,Aries,1949-06-13T03:41:29.062500+00:00,1949,,
mars,rashi,Pisces,1950-07-01T07:06:05.625000+00:00,1950,,
mars,rashi,Aries,1951-05-01T04:26:29.062500+00:00,1951,,
mars,rashi,Pisces,1952-05-18T05:12:53.437500+00:00,1952,,
mars,rashi,Aries,1953-03-18T08:07:15.937500+00:00,1953,,
mars,rashi,Pisces,1954-04-05T02:12:53.437500+00:00,1954,,
mars,rashi,Aries,1955-02-03T10:06:05.625000+00:00,1955,,
mars,rashi,Pisces,1956-02-20T21:45:00+00:00,1956,,
mars,rashi,Aries,1956-12-21T10:54:36.562500+00:00,1956,,
mars,rashi,Pisces,1958-01-07T17:34:41.250000+00:00,1958,,
mars,rashi,Aries,1958-11-08T10:01:10.312500+00:00,1958,,
mars,rashi,Pisces,1959-11-25T17:09:22.500000+00:00,1959,,
mars,rashi,Aries,1960-09-25T06:08:26.250000+00:00,1960,,
mars,rashi,Pisces,1961-10-12T18:57:39.375000+00:00,1961,,
mars,rashi,Aries,1962-08-13T01:30:00+00:00,1962,,
mars,rashi,Pisces,1963-08-30T20:56:29.062500+00:00,1963,,
mars,rashi,Aries,1964-06-30T00:04:55.312500+00:00,1964,,
mars,rashi,Pisces,1965-07-17T22:48:16.875000+00:00,1965,,
mars,rashi,Aries,1966-05-17T23:39:36.562500+00:00,1966,,
mars,rashi,Pisces,1967-06-04T22:51:05.625000+00:00,1967,,
mars,rashi,Aries,1968-04-04T00:10:32.812500+00:00,1968,,
mars,rashi,Pisces,1969-04-21T19:54:36.562500+00:00,1969,,
mars,rashi,Aries,1970-02-20T02:44:31.875000+00:00,1970,,
mars,rashi,Pisces,1971-03-09T16:47:34.687500+00:00,1971,,
mars,rashi,Aries,1972-01-08T04:15:14.062500+00:00,1972,,
mars,rashi,Pisces,1973-01-24T13:58:07.500000+00:00,1973,,
mars,rashi,Aries,1973-11-25T03:04:13.125000+00:00,1973,,
mars,rashi,Pisces,1974-12-12T12:22:30+00:00,1974,,
mars,rashi,Aries,1975-10-13T00:28:49.687500+00:00,1975,,
mars,rashi,Pisces,1976-10-29T13:07:30+00:00,1976,,
mars,rashi,Aries,1977-08-29T22:21:33.750000+00:00,1977,,
mars,rashi,Pisces,1978-09-16T14:41:43.125000+00:00,1978,,
mars,rashi,Aries,1979-07-17T19:28:35.625000+00:00,1979,,
mars,rashi,Pisces,1980-08-03T14:58:35.625000+00:00,1980,,
mars,rashi,Aries,1981-06-03T18:59:45.937500+00:00,1981,,
mars,rashi,Pisces,1982-06-21T14:22:44.062500+00:00,1982,,
mars,rashi,Aries,1983-04-21T20:02:20.625000+00:00,1983,,
mars,rashi,Pisces,1984-05-08T13:11:43.125000+00:00,1984,,
mars,rashi,Aries,1985-03-08T20:15:42.187500+00:00,1985,,
mars,rashi,Pisces,1986-03-26T11:07:58.125000+00:00,1986,,
mars,rashi,Aries,1987-01-24T20:00:56.250000+00:00,1987,,
mars,rashi,Pisces,1988-02-11T09:21:47.812500+00:00,1988,,
mars,rashi,Aries,1988-12-11T20:17:48.750000+00:00,1988,,
mars,rashi,Pisces,1989-12-29T08:45:56.250000+00:00,1989,,
mars,rashi,Aries,1990-10-29T18:10:32.812500+00:00,1990,,
mars,rashi,Pisces,1991-11-16T08:31:10.312500+00:00,1991,,
mars,rashi,Aries,1992-09-15T16:13:49.687500+00:00,1992,,
mars,rashi,Pisces,1993-10-03T07:51:47.812500+00:00,1993,,
mars,rashi,Aries,1994-08-03T16:23:40.312500+00:00,1994,,
mars,rashi,Pisces,1995-08-21T07:05:23.437500+00:00,1995,,
mars,rashi,Aries,1996-06-20T15:47:48.750000+00:00,1996,,
mars,rashi,Pisces,1997-07-08T06:29:31.875000+00:00,1997,,
mars,rashi,Aries,1998-05-08T14:33:16.875000+00:00,1998,,
mars,rashi,Pisces,1999-05-26T05:11:29.062500+00:00,1999,,
mars,rashi,Aries,2000-03-25T14:36:05.625000+00:00,2000,,
mars,rashi,Pisces,2001-04-12T04:53:12.187500+00:00,2001,,
mars,rashi,Aries,2002-02-10T13:18:02.812500+00:00,2002,,
mars,rashi,Pisces,2003-02-28T04:59:31.875000+00:00,2003,,
mars,rashi,Aries,2003-12-29T11:28:21.562500+00:00,2003,,
mars,rashi,Pisces,2005-01-15T04:16:38.437500+00:00,2005,,
mars,rashi,Aries,2005-11-15T11:38:12.187500+00:00,2005,,
mars,rashi,Pisces,2006-12-03T03:44:17.812500+00:00,2006,,
mars,rashi,Aries,2007-10-03T11:41:00.937500+00:00,2007,,
mars,rashi,Pisces,2008-10-20T02:43:49.687500+00:00,2008,,
mars,rashi,Aries,2009-08-20T11:12:11.250000+00:00,2009,,
mars,rashi,Pisces,2010-09-07T00:36:33.750000+00:00,2010,,
mars,rashi,Aries,2011-07-08T11:46:38.437500+00:00,2011,,
mars,rashi,Pisces,2012-07-24T22:46:52.500000+00:00,2012,,
mars,rashi,Aries,2013-05-25T11:17:48.750000+00:00,2013,,
mars,rashi,Pisces,2014-06-11T22:14:31.875000+00:00,2014,,
mars,rashi,Aries,2015-04-12T08:42:25.312500+00:00,2015,,
mars,rashi,Pisces,2016-04-28T21:28:07.500000+00:00,2016,,
mars,rashi,Aries,2017-02-27T07:10:18.750000+00:00,2017,,
mars,rashi,Pisces,2018-03-16T21:55:32.812500+00:00,2018,,
mars,rashi,Aries,2019-01-15T05:34:41.250000+00:00,2019,,
mars,rashi,Pisces,2020-02-01T23:15:42.187500+00:00,2020,,
mars,rashi,Aries,2020-12-02T04:13:07.500000+00:00,2020,,
mars,rashi,Pisces,2021-12-19T23:15:00+00:00,2021,,
mars,rashi,Aries,2022-10-20T04:05:23.437500+00:00,2022,,
mars,rashi,Pisces,2023-11-06T22:03:59.062500+00:00,2023,,
mars,rashi,Aries,2024-09-06T06:07:44.062500+00:00,2024,,
mars,rashi,Pisces,2025-09-23T19:42:39.375000+00:00,2025,,
mars,nakshatra,,1900-07-18T18:14:03.750000+00:00,1900,Ashwini,1.0
mars,nakshatra,,1901-08-06T05:01:38.437500+00:00,1901,Revati,4.0
mars,nakshatra,,1902-06-05T15:42:11.250000+00:00,1902,Ashwini,1.0
mars,nakshatra,,1903-06-24T07:46:10.312500+00:00,1903,Revati,4.0
mars,nakshatra,,1904-04-22T19:30:00+00:00,1904,Ashwini,1.0
mars,nakshatra,,1905-05-11T04:32:06.562500+00:00,1905,Revati,4.0
mars,nakshatra,,1906-03-11T02:41:43.125000+00:00,1906,Ashwini,1.0
mars,nakshatra,,1907-03-28T21:57:39.375000+00:00,1907,Revati,4.0
mars,nakshatra,,1908-01-27T07:53:54.375000+00:00,1908,Ashwini,1.0
mars,nakshatra,,1909-02-12T13:02:34.687500+00:00,1909,Revati,4.0
mars,nakshatra,,1909-12-14T10:17:20.625000+00:00,1909,Ashwini,1.0
mars,nakshatra,,1910-12-31T06:52:44.062500+00:00,1910,Revati,4.0
mars,nakshatra,,1911-11-01T07:20:51.562500+00:00,1911,Ashwini,1.0
mars,nakshatra,,1912-11-17T07:20:09.375000+00:00,1912,Revati,4.0
mars,nakshatra,,1913-09-17T23:22:01.875000+00:00,1913,Ashwini,1.0
mars,nakshatra,,1914-10-05T12:42:53.437500+00:00,1914,Revati,4.0
mars,nakshatra,,1915-08-05T15:09:08.437500+00:00,1915,Ashwini,1.0
mars,nakshatra,,1916-08-22T19:05:23.437500+00:00,1916,Revati,4.0
mars,nakshatra,,1917-06-22T12:12:39.375000+00:00,1917,Ashwini,1.0
mars,nakshatra,,1918-07-10T23:38:54.375000+00:00,1918,Revati,4.0
mars,nakshatra,,1919-05-10T12:54:08.437500+00:00,1919,Ashwini,1.0
mars,nakshatra,,1920-05-27T22:59:31.875000+00:00,1920,Revati,4.0
mars,nakshatra,,1921-03-27T17:17:06.562500+00:00,1921,Ashwini,1.0
mars,nakshatra,,1922-04-14T17:21:19.687500+00:00,1922,Revati,4.0
mars,nakshatra,,1923-02-12T23:43:07.500000+00:00,1923,Ashwini,1.0
mars,nakshatra,,1924-03-01T10:08:12.187500+00:00,1924,Revati,4.0
mars,nakshatra,,1924-12-31T03:20:23.437500+00:00,1924,Ashwini,1.0
mars,nakshatra,,1926-01-17T03:37:15.937500+00:00,1926,Revati,4.0
mars,nakshatra,,1926-11-18T01:16:38.437500+00:00,1926,Ashwini,1.0
mars,nakshatra,,1927-12-05T01:33:30.937500+00:00,1927,Revati,4.0
mars,nakshatra,,1928-10-04T19:52:30+00:00,1928,Ashwini,1.0
mars,nakshatra,,1929-10-22T05:00:14.062500+00:00,1929,Revati,4.0
mars,nakshatra,,1930-08-22T13:03:59.062500+00:00,1930,Ashwini,1.0
mars,nakshatra,,1931-09-09T10:40:32.812500+00:00,1931,Revati,4.0
mars,nakshatra,,1932-07-09T07:29:17.812500+00:00,1932,Ashwini,1.0
mars,nakshatra,,1933-07-27T14:28:21.562500+00:00,1933,Revati,4.0
mars,nakshatra,,1934-05-27T07:42:39.375000+00:00,1934,Ashwini,1.0
mars,nakshatra,,1935-06-14T14:59:17.812500+00:00,1935,Revati,4.0
mars,nakshatra,,1936-04-13T11:16:24.375000+00:00,1936,Ashwini,1.0
mars,nakshatra,,1937-05-01T12:02:48.750000+00:00,1937,Revati,4.0
mars,nakshatra,,1938-03-01T15:00:42.187500+00:00,1938,Ashwini,1.0
mars,nakshatra,,1939-03-19T06:14:03.750000+00:00,1939,Revati,4.0
mars,nakshatra,,1940-01-17T18:23:54.375000+00:00,1940,Ashwini,1.0
mars,nakshatra,,1941-02-03T00:32:20.625000+00:00,1941,Revati,4.0
mars,nakshatra,,1941-12-04T19:30:00+00:00,1941,Ashwini,1.0
mars,nakshatra,,1942-12-21T22:03:59.062500+00:00,1942,Revati,4.0
mars,nakshatra,,1943-10-22T14:41:00.937500+00:00,1943,Ashwini,1.0
mars,nakshatra,,1944-11-07T22:56:00.937500+00:00,1944,Revati,4.0
mars,nakshatra,,1945-09-08T09:20:23.437500+00:00,1945,Ashwini,1.0
mars,nakshatra,,1946-09-26T02:05:09.375000+00:00,1946,Revati,4.0
mars,nakshatra,,1947-07-27T05:55:46.875000+00:00,1947,Ashwini,1.0
mars,nakshatra,,1948-08-13T05:38:54.375000+00:00,1948,Revati,4.0
mars,nakshatra,,1949-06-13T03:41:29.062500+00:00,1949,Ashwini,1.0
mars,nakshatra,,1950-07-01T07:06:05.625000+00:00,1950,Revati,4.0
mars,nakshatra,,1951-05-01T04:26:29.062500+00:00,1951,Ashwini,1.0
mars,nakshatra,,1952-05-18T05:12:53.437500+00:00,1952,Revati,4.0
mars,nakshatra,,1953-03-18T08:07:15.937500+00:00,1953,Ashwini,1.0
mars,nakshatra,,1954-04-05T02:12:53.437500+00:00,1954,Revati,4.0
mars,nakshatra,,1955-02-03T10:06:05.625000+00:00,1955,Ashwini,1.0
mars,nakshatra,,1956-02-20T21:45:00+00:00,1956,Revati,4.0
mars,nakshatra,,1956-12-21T10:54:36.562500+00:00,1956,Ashwini,1.0
mars,nakshatra,,1958-01-07T17:34:41.250000+00:00,1958,Revati,4.0
mars,nakshatra,,1958-11-08T10:01:10.312500+00:00,1958,Ashwini,1.0
mars,nakshatra,,1959-11-25T17:09:22.500000+00:00,1959,Revati,4.0
mars,nakshatra,,1960-09-25T06:08:26.250000+00:00,1960,Ashwini,1.0
mars,nakshatra,,1961-10-12T18:57:39.375000+00:00,1961,Revati,4.0
mars,nakshatra,,1962-08-13T01:30:00+00:00,1962,Ashwini,1.0
mars,nakshatra,,1963-08-30T20:56:29.062500+00:00,1963,Revati,4.0
mars,nakshatra,,1964-06-30T00:04:55.312500+00:00,1964,Ashwini,1.0
mars,nakshatra,,1965-07-17T22:48:16.875000+00:00,1965,Revati,4.0
mars,nakshatra,,1966-05-17T23:39:36.562500+00:00,1966,Ashwini,1.0
mars,nakshatra,,1967-06-04T22:51:05.625000+00:00,1967,Revati,4.0
mars,nakshatra,,1968-04-04T00:10:32.812500+00:00,1968,Ashwini,1.0
mars,nakshatra,,1969-04-21T19:54:36.562500+00:00,1969,Revati,4.0
mars,nakshatra,,1970-02-20T02:44:31.875000+00:00,1970,Ashwini,1.0
mars,nakshatra,,1971-03-09T16:47:34.687500+00:00,1971,Revati,4.0
mars,nakshatra,,1972-01-08T04:15:14.062500+00:00,1972,Ashwini,1.0
mars,nakshatra,,1973-01-24T13:58:07.500000+00:00,1973,Revati,4.0
mars,nakshatra,,1973-11-25T03:04:13.125000+00:00,1973,Ashwini,1.0
mars,nakshatra,,1974-12-12T12:22:30+00:00,1974,Revati,4.0
mars,nakshatra,,1975-10-13T00:28:49.687500+00:00,1975,Ashwini,1.0
mars,nakshatra,,1976-10-29T13:07:30+00:00,1976,Revati,4.0
mars,nakshatra,,1977-08-29T22:21:33.750000+00:00,1977,Ashwini,1.0
mars,nakshatra,,1978-09-16T14:41:43.125000+00:00,1978,Revati,4.0
mars,nakshatra,,1979-07-17T19:28:35.625000+00:00,1979,Ashwini,1.0
mars,nakshatra,,1980-08-03T14:58:35.625000+00:00,1980,Revati,4.0
mars,nakshatra,,1981-06-03T18:59:45.937500+00:00,1981,Ashwini,1.0
mars,nakshatra,,1982-06-21T14:22:44.062500+00:00,1982,Revati,4.0
mars,nakshatra,,1983-04-21T20:02:20.625000+00:00,1983,Ashwini,1.0
mars,nakshatra,,1984-05-08T13:11:43.125000+00:00,1984,Revati,4.0
mars,nakshatra,,1985-03-08T20:15:42.187500+00:00,1985,Ashwini,1.0
mars,nakshatra,,1986-03-26T11:07:58.125000+00:00,1986,Revati,4.0
mars,nakshatra,,1987-01-24T20:00:56.250000+00:00,1987,Ashwini,1.0
mars,nakshatra,,1988-02-11T09:21:47.812500+00:00,1988,Revati,4.0
mars,nakshatra,,1988-12-11T20:17:48.750000+00:00,1988,Ashwini,1.0
mars,nakshatra,,1989-12-29T08:45:56.250000+00:00,1989,Revati,4.0
mars,nakshatra,,1990-10-29T18:10:32.812500+00:00,1990,Ashwini,1.0
mars,nakshatra,,1991-11-16T08:31:10.312500+00:00,1991,Revati,4.0
mars,nakshatra,,1992-09-15T16:13:49.687500+00:00,1992,Ashwini,1.0
mars,nakshatra,,1993-10-03T07:51:47.812500+00:00,1993,Revati,4.0
mars,nakshatra,,1994-08-03T16:23:40.312500+00:00,1994,Ashwini,1.0
mars,nakshatra,,1995-08-21T07:05:23.437500+00:00,1995,Revati,4.0
mars,nakshatra,,1996-06-20T15:47:48.750000+00:00,1996,Ashwini,1.0
mars,nakshatra,,1997-07-08T06:29:31.875000+00:00,1997,Revati,4.0
mars,nakshatra,,1998-05-08T14:33:16.875000+00:00,1998,Ashwini,1.0
mars,nakshatra,,1999-05-26T05:11:29.062500+00:00,1999,Revati,4.0
mars,nakshatra,,2000-03-25T14:36:05.625000+00:00,2000,Ashwini,1.0
mars,nakshatra,,2001-04-12T04:53:12.187500+00:00,2001,Revati,4.0
mars,nakshatra,,2002-02-10T13:18:02.812500+00:00,2002,Ashwini,1.0
mars,nakshatra,,2003-02-28T04:59:31.875000+00:00,2003,Revati,4.0
mars,nakshatra,,2003-12-29T11:28:21.562500+00:00,2003,Ashwini,1.0
mars,nakshatra,,2005-01-15T04:16:38.437500+00:00,2005,Revati,4.0
mars,nakshatra,,2005-11-15T11:38:12.187500+00:00,2005,Ashwini,1.0
mars,nakshatra,,2006-12-03T03:44:17.812500+00:00,2006,Revati,4.0
mars,nakshatra,,2007-10-03T11:41:00.937500+00:00,2007,Ashwini,1.0
mars,nakshatra,,2008-10-20T02:43:49.687500+00:00,2008,Revati,4.0
mars,nakshatra,,2009-08-20T11:12:11.250000+00:00,2009,Ashwini,1.0
mars,nakshatra,,2010-09-07T00:36:33.750000+00:00,2010,Revati,4.0
mars,nakshatra,,2011-07-08T11:46:38.437500+00:00,2011,Ashwini,1.0
mars,nakshatra,,2012-07-24T22:46:52.500000+00:00,2012,Revati,4.0
mars,nakshatra,,2013-05-25T11:17:48.750000+00:00,2013,Ashwini,1.0
mars,nakshatra,,2014-06-11T22:14:31.875000+00:00,2014,Revati,4.0
mars,nakshatra,,2015-04-12T08:42:25.312500+00:00,2015,Ashwini,1.0
mars,nakshatra,,2016-04-28T21:28:07.500000+00:00,2016,Revati,4.0
mars,nakshatra,,2017-02-27T07:10:18.750000+00:00,2017,Ashwini,1.0
mars,nakshatra,,2018-03-16T21:55:32.812500+00:00,2018,Revati,4.0
mars,nakshatra,,2019-01-15T05:34:41.250000+00:00,2019,Ashwini,1.0
mars,nakshatra,,2020-02-01T23:15:42.187500+00:00,2020,Revati,4.0
mars,nakshatra,,2020-12-02T04:13:07.500000+00:00,2020,Ashwini,1.0
mars,nakshatra,,2021-12-19T23:15:00+00:00,2021,Revati,4.0
mars,nakshatra,,2022-10-20T04:05:23.437500+00:00,2022,Ashwini,1.0
mars,nakshatra,,2023-11-06T22:03:59.062500+00:00,2023,Revati,4.0
mars,nakshatra,,2024-09-06T06:07:44.062500+00:00,2024,Ashwini,1.0
mars,nakshatra,,2025-09-23T19:42:39.375000+00:00,2025,Revati,4.0
mercury,rashi,Pisces,1900-01-09T04:24:22.500000+00:00,1900,,
mercury,rashi,Aries,1900-02-27T21:16:52.500000+00:00,1900,,
mercury,rashi,Pisces,1900-04-07T06:00:00+00:00,1900,,
mercury,rashi,Aries,1900-05-26T18:56:15+00:00,1900,,
mercury,rashi,Pisces,1900-07-04T06:22:30+00:00,1900,,
mercury,rashi,Aries,1900-08-22T18:56:15+00:00,1900,,
mercury,rashi,Pisces,1900-09-30T03:28:07.500000+00:00,1900,,
mercury,rashi,Aries,1900-11-18T19:52:30+00:00,1900,,
mercury,rashi,Pisces,1900-12-27T01:18:45+00:00,1900,,
mercury,rashi,Aries,1901-02-14T18:39:22.500000+00:00,1901,,
mercury,rashi,Pisces,1901-03-25T02:37:30+00:00,1901,,
mercury,rashi,Aries,1901-05-13T16:07:30+00:00,1901,,
mercury,rashi,Pisces,1901-06-21T03:28:07.500000+00:00,1901,,
mercury,rashi,Aries,1901-08-09T15:45:00+00:00,1901,,
mercury,rashi,Pisces,1901-09-17T00:50:37.500000+00:00,1901,,
mercury,rashi,Aries,1901-11-05T16:46:52.500000+00:00,1901,,
mercury,rashi,Pisces,1901-12-13T22:18:45+00:00,1901,,
mercury,rashi,Aries,1902-02-01T15:56:15+00:00,1902,,
mercury,rashi,Pisces,1902-03-11T23:15:00+00:00,1902,,
mercury,rashi,Aries,1902-04-30T13:24:22.500000+00:00,1902,,
mercury,rashi,Pisces,1902-06-08T00:28:07.500000+00:00,1902,,
mercury,rashi,Aries,1902-07-27T12:33:45+00:00,1902,,
mercury,rashi,Pisces,1902-09-03T22:18:45+00:00,1902,,
mercury,rashi,Aries,1902-10-23T13:35:37.500000+00:00,1902,,
mercury,rashi,Pisces,1902-11-30T19:24:22.500000+00:00,1902,,
mercury,rashi,Aries,1903-01-19T13:07:30+00:00,1903,,
mercury,rashi,Pisces,1903-02-26T19:52:30+00:00,1903,,
mercury,rashi,Aries,1903-04-17T10:41:15+00:00,1903,,
mercury,rashi,Pisces,1903-05-25T21:22:30+00:00,1903,,
mercury,rashi,Aries,1903-07-14T09:28:07.500000+00:00,1903,,
mercury,rashi,Pisces,1903-08-21T19:46:52.500000+00:00,1903,,
mercury,rashi,Aries,1903-10-10T10:18:45+00:00,1903,,
mercury,rashi,Pisces,1903-11-17T16:41:15+00:00,1903,,
mercury,rashi,Aries,1904-01-06T10:18:45+00:00,1904,,
mercury,rashi,Pisces,1904-02-13T16:30:00+00:00,1904,,
mercury,rashi,Aries,1904-04-03T08:03:45+00:00,1904,,
mercury,rashi,Pisces,1904-05-11T18:11:15+00:00,1904,,
mercury,rashi,Aries,1904-06-30T06:28:07.500000+00:00,1904,,
mercury,rashi,Pisces,1904-08-07T17:09:22.500000+00:00,1904,,
mercury,rashi,Aries,1904-09-26T07:07:30+00:00,1904,,
mercury,rashi,Pisces,1904-11-03T13:58:07.500000+00:00,1904,,
mercury,rashi,Aries,1904-12-23T07:24:22.500000+00:00,1904,,
mercury,rashi,Pisces,1905-01-30T13:18:45+00:00,1905,,
mercury,rashi,Aries,1905-03-21T05:20:37.500000+00:00,1905,,
mercury,rashi,Pisces,1905-04-28T15:00:00+00:00,1905,,
mercury,rashi,Aries,1905-06-17T03:28:07.500000+00:00,1905,,
mercury,rashi,Pisces,1905-07-25T14:26:15+00:00,1905,,
mercury,rashi,Aries,1905-09-13T03:56:15+00:00,1905,,
mercury,rashi,Pisces,1905-10-21T11:15:00+00:00,1905,,
mercury,rashi,Aries,1905-12-10T04:30:00+00:00,1905,,
mercury,rashi,Pisces,1906-01-17T10:01:52.500000+00:00,1906,,
mercury,rashi,Aries,1906-03-08T02:43:07.500000+00:00,1906,,
mercury,rashi,Pisces,1906-04-15T11:37:30+00:00,1906,,
mercury,rashi,Aries,1906-06-04T00:33:45+00:00,1906,,
mercury,rashi,Pisces,1906-07-12T11:37:30+00:00,1906,,
mercury,rashi,Aries,1906-08-31T00:39:22.500000+00:00,1906,,
mercury,rashi,Pisces,1906-10-08T08:43:07.500000+00:00,1906,,
mercury,rashi,Aries,1906-11-27T01:24:22.500000+00:00,1906,,
mercury,rashi,Pisces,1907-01-04T06:56:15+00:00,1907,,
mercury,rashi,Aries,1907-02-23T00:00:00+00:00,1907,,
mercury,rashi,Pisces,1907-04-02T08:20:37.500000+00:00,1907,,
mercury,rashi,Aries,1907-05-21T21:39:22.500000+00:00,1907,,
mercury,rashi,Pisces,1907-06-29T08:48:45+00:00,1907,,
mercury,rashi,Aries,1907-08-17T21:28:07.500000+00:00,1907,,
mercury,rashi,Pisces,1907-09-25T06:05:37.500000+00:00,1907,,
mercury,rashi,Aries,1907-11-13T22:18:45+00:00,1907,,
mercury,rashi,Pisces,1907-12-22T03:50:37.500000+00:00,1907,,
mercury,rashi,Aries,1908-02-09T21:16:52.500000+00:00,1908,,
mercury,rashi,Pisces,1908-03-19T04:58:07.500000+00:00,1908,,
mercury,rashi,Aries,1908-05-07T18:56:15+00:00,1908,,
mercury,rashi,Pisces,1908-06-15T05:48:45+00:00,1908,,
mercury,rashi,Aries,1908-08-03T18:16:52.500000+00:00,1908,,
mercury,rashi,Pisces,1908-09-11T03:33:45+00:00,1908,,
mercury,rashi,Aries,1908-10-30T19:07:30+00:00,1908,,
mercury,rashi,Pisces,1908-12-08T00:56:15+00:00,1908,,
mercury,rashi,Aries,1909-01-26T18:33:45+00:00,1909,,
mercury,rashi,Pisces,1909-03-06T01:35:37.500000+00:00,1909,,
mercury,rashi,Aries,1909-04-24T16:07:30+00:00,1909,,
mercury,rashi,Pisces,1909-06-02T02:48:45+00:00,1909,,
mercury,rashi,Aries,1909-07-21T15:05:37.500000+00:00,1909,,
mercury,rashi,Pisces,1909-08-29T00:56:15+00:00,1909,,
mercury,rashi,Aries,1909-10-17T16:01:52.500000+00:00,1909,,
mercury,rashi,Pisces,1909-11-24T22:07:30+00:00,1909,,
mercury,rashi,Aries,1910-01-13T15:45:00+00:00,1910,,
mercury,rashi,Pisces,1910-02-20T22:13:07.500000+00:00,1910,,
mercury,rashi,Aries,1910-04-11T13:30:00+00:00,1910,,
mercury,rashi,Pisces,1910-05-19T23:43:07.500000+00:00,1910,,
mercury,rashi,Aries,1910-07-08T12:05:37.500000+00:00,1910,,
mercury,rashi,Pisces,1910-08-15T22:24:22.500000+00:00,1910,,
mercury,rashi,Aries,1910-10-04T12:45:00+00:00,1910,,
mercury,rashi,Pisces,1910-11-11T19:18:45+00:00,1910,,
mercury,rashi,Aries,1910-12-31T12:50:37.500000+00:00,1910,,
mercury,rashi,Pisces,1911-02-07T18:56:15+00:00,1911,,
mercury,rashi,Aries,1911-03-29T10:46:52.500000+00:00,1911,,
mercury,rashi,Pisces,1911-05-06T20:31:52.500000+00:00,1911,,
mercury,rashi,Aries,1911-06-25T09:05:37.500000+00:00,1911,,
mercury,rashi,Pisces,1911-08-02T19:41:15+00:00,1911,,
mercury,rashi,Aries,1911-09-21T09:33:45+00:00,1911,,
mercury,rashi,Pisces,1911-10-29T16:41:15+00:00,1911,,
mercury,rashi,Aries,1911-12-18T09:56:15+00:00,1911,,
mercury,rashi,Pisces,1912-01-25T15:45:00+00:00,1912,,
mercury,rashi,Aries,1912-03-15T08:03:45+00:00,1912,,
mercury,rashi,Pisces,1912-04-22T17:15:00+00:00,1912,,
mercury,rashi,Aries,1912-06-11T06:11:15+00:00,1912,,
mercury,rashi,Pisces,1912-07-19T16:52:30+00:00,1912,,
mercury,rashi,Aries,1912-09-07T06:22:30+00:00,1912,,
mercury,rashi,Pisces,1912-10-15T13:58:07.500000+00:00,1912,,
mercury,rashi,Aries,1912-12-04T06:56:15+00:00,1912,,
mercury,rashi,Pisces,1913-01-11T12:33:45+00:00,1913,,
mercury,rashi,Aries,1913-03-02T05:20:37.500000+00:00,1913,,
mercury,rashi,Pisces,1913-04-09T13:58:07.500000+00:00,1913,,
mercury,rashi,Aries,1913-05-29T03:16:52.500000+00:00,1913,,
mercury,rashi,Pisces,1913-07-06T14:03:45+00:00,1913,,
mercury,rashi,Aries,1913-08-25T03:11:15+00:00,1913,,
mercury,rashi,Pisces,1913-10-02T11:20:37.500000+00:00,1913,,
mercury,rashi,Aries,1913-11-21T03:50:37.500000+00:00,1913,,
mercury,rashi,Pisces,1913-12-29T09:28:07.500000+00:00,1913,,
mercury,rashi,Aries,1914-02-17T02:37:30+00:00,1914,,
mercury,rashi,Pisces,1914-03-27T10:35:37.500000+00:00,1914,,
mercury,rashi,Aries,1914-05-16T00:28:07.500000+00:00,1914,,
mercury,rashi,Pisces,1914-06-23T11:15:00+00:00,1914,,
mercury,rashi,Aries,1914-08-12T00:00:00+00:00,1914,,
mercury,rashi,Pisces,1914-09-19T08:48:45+00:00,1914,,
mercury,rashi,Aries,1914-11-08T00:45:00+00:00,1914,,
mercury,rashi,Pisces,1914-12-16T06:28:07.500000+00:00,1914,,
mercury,rashi,Aries,1915-02-03T23:54:22.500000+00:00,1915,,
mercury,rashi,Pisces,1915-03-14T07:18:45+00:00,1915,,
mercury,rashi,Aries,1915-05-02T21:39:22.500000+00:00,1915,,
mercury,rashi,Pisces,1915-06-10T08:15:00+00:00,1915,,
mercury,rashi,Aries,1915-07-29T20:54:22.500000+00:00,1915,,
mercury,rashi,Pisces,1915-09-06T06:11:15+00:00,1915,,
mercury,rashi,Aries,1915-10-25T21:33:45+00:00,1915,,
mercury,rashi,Pisces,1915-12-03T03:33:45+00:00,1915,,
mercury,rashi,Aries,1916-01-21T21:05:37.500000+00:00,1916,,
mercury,rashi,Pisces,1916-02-29T03:56:15+00:00,1916,,
mercury,rashi,Aries,1916-04-18T18:56:15+00:00,1916,,
mercury,rashi,Pisces,1916-05-27T05:09:22.500000+00:00,1916,,
mercury,rashi,Aries,1916-07-15T17:48:45+00:00,1916,,
mercury,rashi,Pisces,1916-08-23T03:39:22.500000+00:00,1916,,
mercury,rashi,Aries,1916-10-11T18:28:07.500000+00:00,1916,,
mercury,rashi,Pisces,1916-11-19T00:45:00+00:00,1916,,
mercury,rashi,Aries,1917-01-07T18:16:52.500000+00:00,1917,,
mercury,rashi,Pisces,1917-02-15T00:39:22.500000+00:00,1917,,
mercury,rashi,Aries,1917-04-05T16:13:07.500000+00:00,1917,,
mercury,rashi,Pisces,1917-05-14T01:58:07.500000+00:00,1917,,
mercury,rashi,Aries,1917-07-02T14:48:45+00:00,1917,,
mercury,rashi,Pisces,1917-08-10T00:56:15+00:00,1917,,
mercury,rashi,Aries,1917-09-28T15:16:52.500000+00:00,1917,,
mercury,rashi,Pisces,1917-11-05T22:01:52.500000+00:00,1917,,
mercury,rashi,Aries,1917-12-25T15:22:30+00:00,1917,,
mercury,rashi,Pisces,1918-02-01T21:22:30+00:00,1918,,
mercury,rashi,Aries,1918-03-23T13:30:00+00:00,1918,,
mercury,rashi,Pisces,1918-04-30T22:46:52.500000+00:00,1918,,
mercury,rashi,Aries,1918-06-19T11:48:45+00:00,1918,,
mercury,rashi,Pisces,1918-07-27T22:13:07.500000+00:00,1918,,
mercury,rashi,Aries,1918-09-15T12:00:00+00:00,1918,,
mercury,rashi,Pisces,1918-10-23T19:18:45+00:00,1918,,
mercury,rashi,Aries,1918-12-12T12:22:30+00:00,1918,,
mercury,rashi,Pisces,1919-01-19T18:11:15+00:00,1919,,
mercury,rashi,Aries,1919-03-10T10:46:52.500000+00:00,1919,,
mercury,rashi,Pisces,1919-04-17T19:30:00+00:00,1919,,
mercury,rashi,Aries,1919-06-06T08:48:45+00:00,1919,,
mercury,rashi,Pisces,1919-07-14T19:24:22.500000+00:00,1919,,
mercury,rashi,Aries,1919-09-02T08:48:45+00:00,1919,,
mercury,rashi,Pisces,1919-10-10T16:41:15+00:00,1919,,
mercury,rashi,Aries,1919-11-29T09:22:30+00:00,1919,,
mercury,rashi,Pisces,1920-01-06T15:05:37.500000+00:00,1920,,
mercury,rashi,Aries,1920-02-25T08:03:45+00:00,1920,,
mercury,rashi,Pisces,1920-04-03T16:13:07.500000+00:00,1920,,
mercury,rashi,Aries,1920-05-23T06:00:00+00:00,1920,,
mercury,rashi,Pisces,1920-06-30T16:30:00+00:00,1920,,
mercury,rashi,Aries,1920-08-19T05:43:07.500000+00:00,1920,,
mercury,rashi,Pisces,1920-09-26T14:09:22.500000+00:00,1920,,
mercury,rashi,Aries,1920-11-15T06:16:52.500000+00:00,1920,,
mercury,rashi,Pisces,1920-12-23T12:05:37.500000+00:00,1920,,
mercury,rashi,Aries,1921-02-11T05:20:37.500000+00:00,1921,,
mercury,rashi,Pisces,1921-03-21T12:56:15+00:00,1921,,
mercury,rashi,Aries,1921-05-10T03:11:15+00:00,1921,,
mercury,rashi,Pisces,1921-06-17T13:35:37.500000+00:00,1921,,
mercury,rashi,Aries,1921-08-06T02:31:52.500000+00:00,1921,,
mercury,rashi,Pisces,1921-09-13T11:31:52.500000+00:00,1921,,
mercury,rashi,Aries,1921-11-02T03:11:15+00:00,1921,,
mercury,rashi,Pisces,1921-12-10T09:11:15+00:00,1921,,
mercury,rashi,Aries,1922-01-29T02:31:52.500000+00:00,1922,,
mercury,rashi,Pisces,1922-03-08T09:39:22.500000+00:00,1922,,
mercury,rashi,Aries,1922-04-27T00:22:30+00:00,1922,,
mercury,rashi,Pisces,1922-06-04T10:30:00+00:00,1922,,
mercury,rashi,Aries,1922-07-23T23:26:15+00:00,1922,,
mercury,rashi,Pisces,1922-08-31T08:54:22.500000+00:00,1922,,
mercury,rashi,Aries,1922-10-20T00:05:37.500000+00:00,1922,,
mercury,rashi,Pisces,1922-11-27T06:16:52.500000+00:00,1922,,
mercury,rashi,Aries,1923-01-15T23:37:30+00:00,1923,,
mercury,rashi,Pisces,1923-02-23T06:22:30+00:00,1923,,
mercury,rashi,Aries,1923-04-13T21:39:22.500000+00:00,1923,,
mercury,rashi,Pisces,1923-05-22T07:24:22.500000+00:00,1923,,
mercury,rashi,Aries,1923-07-10T20:26:15+00:00,1923,,
mercury,rashi,Pisces,1923-08-18T06:11:15+00:00,1923,,
mercury,rashi,Aries,1923-10-06T20:54:22.500000+00:00,1923,,
mercury,rashi,Pisces,1923-11-14T03:28:07.500000+00:00,1923,,
mercury,rashi,Aries,1924-01-02T20:48:45+00:00,1924,,
mercury,rashi,Pisces,1924-02-10T03:05:37.500000+00:00,1924,,
mercury,rashi,Aries,1924-03-30T18:50:37.500000+00:00,1924,,
mercury,rashi,Pisces,1924-05-08T04:18:45+00:00,1924,,
mercury,rashi,Aries,1924-06-26T17:26:15+00:00,1924,,
mercury,rashi,Pisces,1924-08-04T03:28:07.500000+00:00,1924,,
mercury,rashi,Aries,1924-09-22T17:43:07.500000+00:00,1924,,
mercury,rashi,Pisces,1924-10-31T00:45:00+00:00,1924,,
mercury,rashi,Aries,1924-12-19T17:48:45+00:00,1924,,
mercury,rashi,Pisces,1925-01-26T23:54:22.500000+00:00,1925,,
mercury,rashi,Aries,1925-03-17T16:07:30+00:00,1925,,
mercury,rashi,Pisces,1925-04-25T01:01:52.500000+00:00,1925,,
mercury,rashi,Aries,1925-06-13T14:26:15+00:00,1925,,
mercury,rashi,Pisces,1925-07-22T00:39:22.500000+00:00,1925,,
mercury,rashi,Aries,1925-09-09T14:31:52.500000+00:00,1925,,
mercury,rashi,Pisces,1925-10-17T22:01:52.500000+00:00,1925,,
mercury,rashi,Aries,1925-12-06T14:54:22.500000+00:00,1925,,
mercury,rashi,Pisces,1926-01-13T20:43:07.500000+00:00,1926,,
mercury,rashi,Aries,1926-03-04T13:24:22.500000+00:00,1926,,
mercury,rashi,Pisces,1926-04-11T21:50:37.500000+00:00,1926,,
mercury,rashi,Aries,1926-05-31T11:31:52.500000+00:00,1926,,
mercury,rashi,Pisces,1926-07-08T21:50:37.500000+00:00,1926,,
mercury,rashi,Aries,1926-08-27T11:26:15+00:00,1926,,
mercury,rashi,Pisces,1926-10-04T19:24:22.500000+00:00,1926,,
mercury,rashi,Aries,1926-11-23T11:48:45+00:00,1926,,
mercury,rashi,Pisces,1926-12-31T17:43:07.500000+00:00,1926,,
mercury,rashi,Aries,1927-02-19T10:41:15+00:00,1927,,
mercury,rashi,Pisces,1927-03-29T18:33:45+00:00,1927,,
mercury,rashi,Aries,1927-05-18T08:43:07.500000+00:00,1927,,
mercury,rashi,Pisces,1927-06-25T18:56:15+00:00,1927,,
mercury,rashi,Aries,1927-08-14T08:15:00+00:00,1927,,
mercury,rashi,Pisces,1927-09-21T16:46:52.500000+00:00,1927,,
mercury,rashi,Aries,1927-11-10T08:48:45+00:00,1927,,
mercury,rashi,Pisces,1927-12-18T14:48:45+00:00,1927,,
mercury,rashi,Aries,1928-02-06T07:52:30+00:00,1928,,
mercury,rashi,Pisces,1928-03-15T15:16:52.500000+00:00,1928,,
mercury,rashi,Aries,1928-05-04T05:54:22.500000+00:00,1928,,
mercury,rashi,Pisces,1928-06-11T15:56:15+00:00,1928,,
mercury,rashi,Aries,1928-07-31T05:09:22.500000+00:00,1928,,
mercury,rashi,Pisces,1928-09-07T14:09:22.500000+00:00,1928,,
mercury,rashi,Aries,1928-10-27T05:43:07.500000+00:00,1928,,
mercury,rashi,Pisces,1928-12-04T11:54:22.500000+00:00,1928,,
mercury,rashi,Aries,1929-01-23T05:03:45+00:00,1929,,
mercury,rashi,Pisces,1929-03-02T12:00:00+00:00,1929,,
mercury,rashi,Aries,1929-04-21T03:05:37.500000+00:00,1929,,
mercury,rashi,Pisces,1929-05-29T12:50:37.500000+00:00,1929,,
mercury,rashi,Aries,1929-07-18T02:03:45+00:00,1929,,
mercury,rashi,Pisces,1929-08-25T11:26:15+00:00,1929,,
mercury,rashi,Aries,1929-10-14T02:31:52.500000+00:00,1929,,
mercury,rashi,Pisces,1929-11-21T09:00:00+00:00,1929,,
mercury,rashi,Aries,1930-01-10T02:15:00+00:00,1930,,
mercury,rashi,Pisces,1930-02-17T08:48:45+00:00,1930,,
mercury,rashi,Aries,1930-04-08T00:16:52.500000+00:00,1930,,
mercury,rashi,Pisces,1930-05-16T09:45:00+00:00,1930,,
mercury,rashi,Aries,1930-07-04T23:03:45+00:00,1930,,
mercury,rashi,Pisces,1930-08-12T08:37:30+00:00,1930,,
mercury,rashi,Aries,1930-09-30T23:26:15+00:00,1930,,
mercury,rashi,Pisces,1930-11-08T06:11:15+00:00,1930,,
mercury,rashi,Aries,1930-12-27T23:20:37.500000+00:00,1930,,
mercury,rashi,Pisces,1931-02-04T05:37:30+00:00,1931,,
mercury,rashi,Aries,1931-03-25T21:33:45+00:00,1931,,
mercury,rashi,Pisces,1931-05-03T06:33:45+00:00,1931,,
mercury,rashi,Aries,1931-06-21T20:03:45+00:00,1931,,
mercury,rashi,Pisces,1931-07-30T05:54:22.500000+00:00,1931,,
mercury,rashi,Aries,1931-09-17T20:15:00+00:00,1931,,
mercury,rashi,Pisces,1931-10-26T03:28:07.500000+00:00,1931,,
mercury,rashi,Aries,1931-12-14T20:26:15+00:00,1931,,
mercury,rashi,Pisces,1932-01-22T02:26:15+00:00,1932,,
mercury,rashi,Aries,1932-03-11T18:50:37.500000+00:00,1932,,
mercury,rashi,Pisces,1932-04-19T03:22:30+00:00,1932,,
mercury,rashi,Aries,1932-06-07T17:09:22.500000+00:00,1932,,
mercury,rashi,Pisces,1932-07-16T03:05:37.500000+00:00,1932,,
mercury,rashi,Aries,1932-09-03T17:03:45+00:00,1932,,
mercury,rashi,Pisces,1932-10-12T00:45:00+00:00,1932,,
mercury,rashi,Aries,1932-11-30T17:20:37.500000+00:00,1932,,
mercury,rashi,Pisces,1933-01-07T23:20:37.500000+00:00,1933,,
mercury,rashi,Aries,1933-02-26T16:07:30+00:00,1933,,
mercury,rashi,Pisces,1933-04-06T00:11:15+00:00,1933,,
mercury,rashi,Aries,1933-05-25T14:15:00+00:00,1933,,
mercury,rashi,Pisces,1933-07-03T00:11:15+00:00,1933,,
mercury,rashi,Aries,1933-08-21T13:58:07.500000+00:00,1933,,
mercury,rashi,Pisces,1933-09-28T22:01:52.500000+00:00,1933,,
mercury,rashi,Aries,1933-11-17T14:20:37.500000+00:00,1933,,
mercury,rashi,Pisces,1933-12-25T20:20:37.500000+00:00,1933,,
mercury,rashi,Aries,1934-02-13T13:18:45+00:00,1934,,
mercury,rashi,Pisces,1934-03-23T20:54:22.500000+00:00,1934,,
mercury,rashi,Aries,1934-05-12T11:26:15+00:00,1934,,
mercury,rashi,Pisces,1934-06-19T21:16:52.500000+00:00,1934,,
mercury,rashi,Aries,1934-08-08T10:46:52.500000+00:00,1934,,
mercury,rashi,Pisces,1934-09-15T19:24:22.500000+00:00,1934,,
mercury,rashi,Aries,1934-11-04T11:15:00+00:00,1934,,
mercury,rashi,Pisces,1934-12-12T17:20:37.500000+00:00,1934,,
mercury,rashi,Aries,1935-01-31T10:30:00+00:00,1935,,
mercury,rashi,Pisces,1935-03-10T17:43:07.500000+00:00,1935,,
mercury,rashi,Aries,1935-04-29T08:37:30+00:00,1935,,
mercury,rashi,Pisces,1935-06-06T18:16:52.500000+00:00,1935,,
mercury,rashi,Aries,1935-07-26T07:46:52.500000+00:00,1935,,
mercury,rashi,Pisces,1935-09-02T16:41:15+00:00,1935,,
mercury,rashi,Aries,1935-10-22T08:09:22.500000+00:00,1935,,
mercury,rashi,Pisces,1935-11-29T14:31:52.500000+00:00,1935,,
mercury,rashi,Aries,1936-01-18T07:41:15+00:00,1936,,
mercury,rashi,Pisces,1936-02-25T14:26:15+00:00,1936,,
mercury,rashi,Aries,1936-04-15T05:48:45+00:00,1936,,
mercury,rashi,Pisces,1936-05-23T15:11:15+00:00,1936,,
mercury,rashi,Aries,1936-07-12T04:41:15+00:00,1936,,
mercury,rashi,Pisces,1936-08-19T13:58:07.500000+00:00,1936,,
mercury,rashi,Aries,1936-10-08T04:58:07.500000+00:00,1936,,
mercury,rashi,Pisces,1936-11-15T11:37:30+00:00,1936,,
mercury,rashi,Aries,1937-01-04T04:46:52.500000+00:00,1937,,
mercury,rashi,Pisces,1937-02-11T11:15:00+00:00,1937,,
mercury,rashi,Aries,1937-04-02T03:00:00+00:00,1937,,
mercury,rashi,Pisces,1937-05-10T12:05:37.500000+00:00,1937,,
mercury,rashi,Aries,1937-06-29T01:41:15+00:00,1937,,
mercury,rashi,Pisces,1937-08-06T11:09:22.500000+00:00,1937,,
mercury,rashi,Aries,1937-09-25T01:52:30+00:00,1937,,
mercury,rashi,Pisces,1937-11-02T08:48:45+00:00,1937,,
mercury,rashi,Aries,1937-12-22T01:52:30+00:00,1937,,
mercury,rashi,Pisces,1938-01-29T08:09:22.500000+00:00,1938,,
mercury,rashi,Aries,1938-03-20T00:16:52.500000+00:00,1938,,
mercury,rashi,Pisces,1938-04-27T09:00:00+00:00,1938,,
mercury,rashi,Aries,1938-06-15T22:46:52.500000+00:00,1938,,
mercury,rashi,Pisces,1938-07-24T08:26:15+00:00,1938,,
mercury,rashi,Aries,1938-09-11T22:46:52.500000+00:00,1938,,
mercury,rashi,Pisces,1938-10-20T06:05:37.500000+00:00,1938,,
mercury,rashi,Aries,1938-12-08T22:52:30+00:00,1938,,
mercury,rashi,Pisces,1939-01-16T04:58:07.500000+00:00,1939,,
mercury,rashi,Aries,1939-03-06T21:33:45+00:00,1939,,
mercury,rashi,Pisces,1939-04-14T05:48:45+00:00,1939,,
mercury,rashi,Aries,1939-06-02T19:52:30+00:00,1939,,
mercury,rashi,Pisces,1939-07-11T05:31:52.500000+00:00,1939,,
mercury,rashi,Aries,1939-08-29T19:35:37.500000+00:00,1939,,
mercury,rashi,Pisces,1939-10-07T03:22:30+00:00,1939,,
mercury,rashi,Aries,1939-11-25T19:52:30+00:00,1939,,
mercury,rashi,Pisces,1940-01-03T01:58:07.500000+00:00,1940,,
mercury,rashi,Aries,1940-02-21T18:45:00+00:00,1940,,
mercury,rashi,Pisces,1940-03-31T02:31:52.500000+00:00,1940,,
mercury,rashi,Aries,1940-05-19T16:58:07.500000+00:00,1940,,
mercury,rashi,Pisces,1940-06-27T02:37:30+00:00,1940,,
mercury,rashi,Aries,1940-08-15T16:30:00+00:00,1940,,
mercury,rashi,Pisces,1940-09-23T00:39:22.500000+00:00,1940,,
mercury,rashi,Aries,1940-11-11T16:46:52.500000+00:00,1940,,
mercury,rashi,Pisces,1940-12-19T22:58:07.500000+00:00,1940,,
mercury,rashi,Aries,1941-02-07T15:56:15+00:00,1941,,
mercury,rashi,Pisces,1941-03-17T23:20:37.500000+00:00,1941,,
mercury,rashi,Aries,1941-05-06T14:09:22.500000+00:00,1941,,
mercury,rashi,Pisces,1941-06-13T23:37:30+00:00,1941,,
mercury,rashi,Aries,1941-08-02T13:24:22.500000+00:00,1941,,
mercury,rashi,Pisces,1941-09-09T21:56:15+00:00,1941,,
mercury,rashi,Aries,1941-10-29T13:41:15+00:00,1941,,
mercury,rashi,Pisces,1941-12-06T19:58:07.500000+00:00,1941,,
mercury,rashi,Aries,1942-01-25T13:07:30+00:00,1942,,
mercury,rashi,Pisces,1942-03-04T20:03:45+00:00,1942,,
mercury,rashi,Aries,1942-04-23T11:20:37.500000+00:00,1942,,
mercury,rashi,Pisces,1942-05-31T20:37:30+00:00,1942,,
mercury,rashi,Aries,1942-07-20T10:24:22.500000+00:00,1942,,
mercury,rashi,Pisces,1942-08-27T19:13:07.500000+00:00,1942,,
mercury,rashi,Aries,1942-10-16T10:35:37.500000+00:00,1942,,
mercury,rashi,Pisces,1942-11-23T17:09:22.500000+00:00,1942,,
mercury,rashi,Aries,1943-01-12T10:13:07.500000+00:00,1943,,
mercury,rashi,Pisces,1943-02-19T16:52:30+00:00,1943,,
mercury,rashi,Aries,1943-04-10T08:31:52.500000+00:00,1943,,
mercury,rashi,Pisces,1943-05-18T17:31:52.500000+00:00,1943,,
mercury,rashi,Aries,1943-07-07T07:24:22.500000+00:00,1943,,
mercury,rashi,Pisces,1943-08-14T16:30:00+00:00,1943,,
mercury,rashi,Aries,1943-10-03T07:30:00+00:00,1943,,
mercury,rashi,Pisces,1943-11-10T14:20:37.500000+00:00,1943,,
mercury,rashi,Aries,1943-12-30T07:18:45+00:00,1943,,
mercury,rashi,Pisces,1944-02-06T13:46:52.500000+00:00,1944,,
mercury,rashi,Aries,1944-03-27T05:48:45+00:00,1944,,
mercury,rashi,Pisces,1944-05-04T14:26:15+00:00,1944,,
mercury,rashi,Aries,1944-06-23T04:24:22.500000+00:00,1944,,
mercury,rashi,Pisces,1944-07-31T13:41:15+00:00,1944,,
mercury,rashi,Aries,1944-09-19T04:24:22.500000+00:00,1944,,
mercury,rashi,Pisces,1944-10-27T11:31:52.500000+00:00,1944,,
mercury,rashi,Aries,1944-12-16T04:18:45+00:00,1944,,
mercury,rashi,Pisces,1945-01-23T10:35:37.500000+00:00,1945,,
mercury,rashi,Aries,1945-03-14T03:00:00+00:00,1945,,
mercury,rashi,Pisces,1945-04-21T11:15:00+00:00,1945,,
mercury,rashi,Aries,1945-06-10T01:30:00+00:00,1945,,
mercury,rashi,Pisces,1945-07-18T10:52:30+00:00,1945,,
mercury,rashi,Aries,1945-09-06T01:13:07.500000+00:00,1945,,
mercury,rashi,Pisces,1945-10-14T08:48:45+00:00,1945,,
mercury,rashi,Aries,1945-12-03T01:18:45+00:00,1945,,
mercury,rashi,Pisces,1946-01-10T07:35:37.500000+00:00,1946,,
mercury,rashi,Aries,1946-03-01T00:11:15+00:00,1946,,
mercury,rashi,Pisces,1946-04-08T08:03:45+00:00,1946,,
mercury,rashi,Aries,1946-05-27T22:35:37.500000+00:00,1946,,
mercury,rashi,Pisces,1946-07-05T07:58:07.500000+00:00,1946,,
mercury,rashi,Aries,1946-08-23T22:07:30+00:00,1946,,
mercury,rashi,Pisces,1946-10-01T06:05:37.500000+00:00,1946,,
mercury,rashi,Aries,1946-11-19T22:18:45+00:00,1946,,
mercury,rashi,Pisces,1946-12-28T04:30:00+00:00,1946,,
mercury,rashi,Aries,1947-02-15T21:16:52.500000+00:00,1947,,
mercury,rashi,Pisces,1947-03-26T04:52:30+00:00,1947,,
mercury,rashi,Aries,1947-05-14T19:41:15+00:00,1947,,
mercury,rashi,Pisces,1947-06-22T04:58:07.500000+00:00,1947,,
mercury,rashi,Aries,1947-08-10T19:07:30+00:00,1947,,
mercury,rashi,Pisces,1947-09-18T03:16:52.500000+00:00,1947,,
mercury,rashi,Aries,1947-11-06T19:13:07.500000+00:00,1947,,
mercury,rashi,Pisces,1947-12-15T01:35:37.500000+00:00,1947,,
mercury,rashi,Aries,1948-02-02T18:28:07.500000+00:00,1948,,
mercury,rashi,Pisces,1948-03-12T01:41:15+00:00,1948,,
mercury,rashi,Aries,1948-04-30T16:52:30+00:00,1948,,
mercury,rashi,Pisces,1948-06-08T02:03:45+00:00,1948,,
mercury,rashi,Aries,1948-07-27T16:01:52.500000+00:00,1948,,
mercury,rashi,Pisces,1948-09-04T00:33:45+00:00,1948,,
mercury,rashi,Aries,1948-10-23T16:13:07.500000+00:00,1948,,
mercury,rashi,Pisces,1948-11-30T22:41:15+00:00,1948,,
mercury,rashi,Aries,1949-01-19T15:39:22.500000+00:00,1949,,
mercury,rashi,Pisces,1949-02-26T22:30:00+00:00,1949,,
mercury,rashi,Aries,1949-04-17T14:03:45+00:00,1949,,
mercury,rashi,Pisces,1949-05-25T22:58:07.500000+00:00,1949,,
mercury,rashi,Aries,1949-07-14T13:01:52.500000+00:00,1949,,
mercury,rashi,Pisces,1949-08-21T21:50:37.500000+00:00,1949,,
mercury,rashi,Aries,1949-10-10T13:07:30+00:00,1949,,
mercury,rashi,Pisces,1949-11-17T19:46:52.500000+00:00,1949,,
mercury,rashi,Aries,1950-01-06T12:45:00+00:00,1950,,
mercury,rashi,Pisces,1950-02-13T19:18:45+00:00,1950,,
mercury,rashi,Aries,1950-04-04T11:15:00+00:00,1950,,
mercury,rashi,Pisces,1950-05-12T19:52:30+00:00,1950,,
mercury,rashi,Aries,1950-07-01T10:01:52.500000+00:00,1950,,
mercury,rashi,Pisces,1950-08-08T19:01:52.500000+00:00,1950,,
mercury,rashi,Aries,1950-09-27T10:01:52.500000+00:00,1950,,
mercury,rashi,Pisces,1950-11-04T17:03:45+00:00,1950,,
mercury,rashi,Aries,1950-12-24T09:50:37.500000+00:00,1950,,
mercury,rashi,Pisces,1951-01-31T16:13:07.500000+00:00,1951,,
mercury,rashi,Aries,1951-03-22T08:26:15+00:00,1951,,
mercury,rashi,Pisces,1951-04-29T16:46:52.500000+00:00,1951,,
mercury,rashi,Aries,1951-06-18T07:07:30+00:00,1951,,
mercury,rashi,Pisces,1951-07-26T16:13:07.500000+00:00,1951,,
mercury,rashi,Aries,1951-09-14T06:50:37.500000+00:00,1951,,
mercury,rashi,Pisces,1951-10-22T14:15:00+00:00,1951,,
mercury,rashi,Aries,1951-12-11T06:45:00+00:00,1951,,
mercury,rashi,Pisces,1952-01-18T13:13:07.500000+00:00,1952,,
mercury,rashi,Aries,1952-03-08T05:37:30+00:00,1952,,
mercury,rashi,Pisces,1952-04-15T13:35:37.500000+00:00,1952,,
mercury,rashi,Aries,1952-06-04T04:07:30+00:00,1952,,
mercury,rashi,Pisces,1952-07-12T13:18:45+00:00,1952,,
mercury,rashi,Aries,1952-08-31T03:50:37.500000+00:00,1952,,
mercury,rashi,Pisces,1952-10-08T11:26:15+00:00,1952,,
mercury,rashi,Aries,1952-11-27T03:45:00+00:00,1952,,
mercury,rashi,Pisces,1953-01-04T10:07:30+00:00,1953,,
mercury,rashi,Aries,1953-02-23T02:43:07.500000+00:00,1953,,
mercury,rashi,Pisces,1953-04-02T10:24:22.500000+00:00,1953,,
mercury,rashi,Aries,1953-05-22T01:18:45+00:00,1953,,
mercury,rashi,Pisces,1953-06-29T10:18:45+00:00,1953,,
mercury,rashi,Aries,1953-08-18T00:45:00+00:00,1953,,
mercury,rashi,Pisces,1953-09-25T08:43:07.500000+00:00,1953,,
mercury,rashi,Aries,1953-11-14T00:45:00+00:00,1953,,
mercury,rashi,Pisces,1953-12-22T07:13:07.500000+00:00,1953,,
mercury,rashi,Aries,1954-02-09T23:54:22.500000+00:00,1954,,
mercury,rashi,Pisces,1954-03-20T07:18:45+00:00,1954,,
mercury,rashi,Aries,1954-05-08T22:24:22.500000+00:00,1954,,
mercury,rashi,Pisces,1954-06-16T07:18:45+00:00,1954,,
mercury,rashi,Aries,1954-08-04T21:45:00+00:00,1954,,
mercury,rashi,Pisces,1954-09-12T05:54:22.500000+00:00,1954,,
mercury,rashi,Aries,1954-10-31T21:45:00+00:00,1954,,
mercury,rashi,Pisces,1954-12-09T04:13:07.500000+00:00,1954,,
mercury,rashi,Aries,1955-01-27T21:00:00+00:00,1955,,
mercury,rashi,Pisces,1955-03-07T04:07:30+00:00,1955,,
mercury,rashi,Aries,1955-04-25T19:35:37.500000+00:00,1955,,
mercury,rashi,Pisces,1955-06-03T04:18:45+00:00,1955,,
mercury,rashi,Aries,1955-07-22T18:45:00+00:00,1955,,
mercury,rashi,Pisces,1955-08-30T03:05:37.500000+00:00,1955,,
mercury,rashi,Aries,1955-10-18T18:39:22.500000+00:00,1955,,
mercury,rashi,Pisces,1955-11-26T01:24:22.500000+00:00,1955,,
mercury,rashi,Aries,1956-01-14T18:11:15+00:00,1956,,
mercury,rashi,Pisces,1956-02-22T01:01:52.500000+00:00,1956,,
mercury,rashi,Aries,1956-04-11T16:41:15+00:00,1956,,
mercury,rashi,Pisces,1956-05-20T01:18:45+00:00,1956,,
mercury,rashi,Aries,1956-07-08T15:45:00+00:00,1956,,
mercury,rashi,Pisces,1956-08-16T00:16:52.500000+00:00,1956,,
mercury,rashi,Aries,1956-10-04T15:39:22.500000+00:00,1956,,
mercury,rashi,Pisces,1956-11-11T22:30:00+00:00,1956,,
mercury,rashi,Aries,1956-12-31T15:16:52.500000+00:00,1956,,
mercury,rashi,Pisces,1957-02-07T21:56:15+00:00,1957,,
mercury,rashi,Aries,1957-03-29T13:52:30+00:00,1957,,
mercury,rashi,Pisces,1957-05-06T22:13:07.500000+00:00,1957,,
mercury,rashi,Aries,1957-06-25T12:45:00+00:00,1957,,
mercury,rashi,Pisces,1957-08-02T21:28:07.500000+00:00,1957,,
mercury,rashi,Aries,1957-09-21T12:33:45+00:00,1957,,
mercury,rashi,Pisces,1957-10-29T19:41:15+00:00,1957,,
mercury,rashi,Aries,1957-12-18T12:16:52.500000+00:00,1957,,
mercury,rashi,Pisces,1958-01-25T18:50:37.500000+00:00,1958,,
mercury,rashi,Aries,1958-03-16T11:03:45+00:00,1958,,
mercury,rashi,Pisces,1958-04-23T19:01:52.500000+00:00,1958,,
mercury,rashi,Aries,1958-06-12T09:45:00+00:00,1958,,
mercury,rashi,Pisces,1958-07-20T18:33:45+00:00,1958,,
mercury,rashi,Aries,1958-09-08T09:28:07.500000+00:00,1958,,
mercury,rashi,Pisces,1958-10-16T16:52:30+00:00,1958,,
mercury,rashi,Aries,1958-12-05T09:16:52.500000+00:00,1958,,
mercury,rashi,Pisces,1959-01-12T15:45:00+00:00,1959,,
mercury,rashi,Aries,1959-03-03T08:09:22.500000+00:00,1959,,
mercury,rashi,Pisces,1959-04-10T15:56:15+00:00,1959,,
mercury,rashi,Aries,1959-05-30T06:50:37.500000+00:00,1959,,
mercury,rashi,Pisces,1959-07-07T15:39:22.500000+00:00,1959,,
mercury,rashi,Aries,1959-08-26T06:22:30+00:00,1959,,
mercury,rashi,Pisces,1959-10-03T14:03:45+00:00,1959,,
mercury,rashi,Aries,1959-11-22T06:16:52.500000+00:00,1959,,
mercury,rashi,Pisces,1959-12-30T12:50:37.500000+00:00,1959,,
mercury,rashi,Aries,1960-02-18T05:20:37.500000+00:00,1960,,
mercury,rashi,Pisces,1960-03-27T12:50:37.500000+00:00,1960,,
mercury,rashi,Aries,1960-05-16T03:56:15+00:00,1960,,
mercury,rashi,Pisces,1960-06-23T12:39:22.500000+00:00,1960,,
mercury,rashi,Aries,1960-08-12T03:22:30+00:00,1960,,
mercury,rashi,Pisces,1960-09-19T11:15:00+00:00,1960,,
mercury,rashi,Aries,1960-11-08T03:16:52.500000+00:00,1960,,
mercury,rashi,Pisces,1960-12-16T09:50:37.500000+00:00,1960,,
mercury,rashi,Aries,1961-02-04T02:31:52.500000+00:00,1961,,
mercury,rashi,Pisces,1961-03-14T09:45:00+00:00,1961,,
mercury,rashi,Aries,1961-05-03T01:07:30+00:00,1961,,
mercury,rashi,Pisces,1961-06-10T09:39:22.500000+00:00,1961,,
mercury,rashi,Aries,1961-07-30T00:22:30+00:00,1961,,
mercury,rashi,Pisces,1961-09-06T08:26:15+00:00,1961,,
mercury,rashi,Aries,1961-10-26T00:16:52.500000+00:00,1961,,
mercury,rashi,Pisces,1961-12-03T06:56:15+00:00,1961,,
mercury,rashi,Aries,1962-01-21T23:37:30+00:00,1962,,
mercury,rashi,Pisces,1962-03-01T06:39:22.500000+00:00,1962,,
mercury,rashi,Aries,1962-04-19T22:13:07.500000+00:00,1962,,
mercury,rashi,Pisces,1962-05-28T06:39:22.500000+00:00,1962,,
mercury,rashi,Aries,1962-07-16T21:16:52.500000+00:00,1962,,
mercury,rashi,Pisces,1962-08-24T05:37:30+00:00,1962,,
mercury,rashi,Aries,1962-10-12T21:11:15+00:00,1962,,
mercury,rashi,Pisces,1962-11-20T04:01:52.500000+00:00,1962,,
mercury,rashi,Aries,1963-01-08T20:43:07.500000+00:00,1963,,
mercury,rashi,Pisces,1963-02-16T03:33:45+00:00,1963,,
mercury,rashi,Aries,1963-04-06T19:24:22.500000+00:00,1963,,
mercury,rashi,Pisces,1963-05-15T03:39:22.500000+00:00,1963,,
mercury,rashi,Aries,1963-07-03T18:16:52.500000+00:00,1963,,
mercury,rashi,Pisces,1963-08-11T02:43:07.500000+00:00,1963,,
mercury,rashi,Aries,1963-09-29T18:05:37.500000+00:00,1963,,
mercury,rashi,Pisces,1963-11-07T01:07:30+00:00,1963,,
mercury,rashi,Aries,1963-12-26T17:43:07.500000+00:00,1963,,
mercury,rashi,Pisces,1964-02-03T00:28:07.500000+00:00,1964,,
mercury,rashi,Aries,1964-03-23T16:30:00+00:00,1964,,
mercury,rashi,Pisces,1964-05-01T00:33:45+00:00,1964,,
mercury,rashi,Aries,1964-06-19T15:22:30+00:00,1964,,
mercury,rashi,Pisces,1964-07-27T23:54:22.500000+00:00,1964,,
mercury,rashi,Aries,1964-09-15T15:05:37.500000+00:00,1964,,
mercury,rashi,Pisces,1964-10-23T22:18:45+00:00,1964,,
mercury,rashi,Aries,1964-12-12T14:48:45+00:00,1964,,
mercury,rashi,Pisces,1965-01-19T21:22:30+00:00,1965,,
mercury,rashi,Aries,1965-03-10T13:41:15+00:00,1965,,
mercury,rashi,Pisces,1965-04-17T21:28:07.500000+00:00,1965,,
mercury,rashi,Aries,1965-06-06T12:28:07.500000+00:00,1965,,
mercury,rashi,Pisces,1965-07-14T21:00:00+00:00,1965,,
mercury,rashi,Aries,1965-09-02T12:00:00+00:00,1965,,
mercury,rashi,Pisces,1965-10-10T19:24:22.500000+00:00,1965,,
mercury,rashi,Aries,1965-11-29T11:48:45+00:00,1965,,
mercury,rashi,Pisces,1966-01-06T18:22:30+00:00,1966,,
mercury,rashi,Aries,1966-02-25T10:52:30+00:00,1966,,
mercury,rashi,Pisces,1966-04-04T18:22:30+00:00,1966,,
mercury,rashi,Aries,1966-05-24T09:33:45+00:00,1966,,
mercury,rashi,Pisces,1966-07-01T18:05:37.500000+00:00,1966,,
mercury,rashi,Aries,1966-08-20T09:00:00+00:00,1966,,
mercury,rashi,Pisces,1966-09-27T16:35:37.500000+00:00,1966,,
mercury,rashi,Aries,1966-11-16T08:48:45+00:00,1966,,
mercury,rashi,Pisces,1966-12-24T15:22:30+00:00,1966,,
mercury,rashi,Aries,1967-02-12T07:58:07.500000+00:00,1967,,
mercury,rashi,Pisces,1967-03-22T15:16:52.500000+00:00,1967,,
mercury,rashi,Aries,1967-05-11T06:39:22.500000+00:00,1967,,
mercury,rashi,Pisces,1967-06-18T15:05:37.500000+00:00,1967,,
mercury,rashi,Aries,1967-08-07T06:00:00+00:00,1967,,
mercury,rashi,Pisces,1967-09-14T13:46:52.500000+00:00,1967,,
mercury,rashi,Aries,1967-11-03T05:48:45+00:00,1967,,
mercury,rashi,Pisces,1967-12-11T12:28:07.500000+00:00,1967,,
mercury,rashi,Aries,1968-01-30T05:03:45+00:00,1968,,
mercury,rashi,Pisces,1968-03-08T12:11:15+00:00,1968,,
mercury,rashi,Aries,1968-04-27T03:45:00+00:00,1968,,
mercury,rashi,Pisces,1968-06-04T12:05:37.500000+00:00,1968,,
mercury,rashi,Aries,1968-07-24T02:54:22.500000+00:00,1968,,
mercury,rashi,Pisces,1968-08-31T10:58:07.500000+00:00,1968,,
mercury,rashi,Aries,1968-10-20T02:43:07.500000+00:00,1968,,
mercury,rashi,Pisces,1968-11-27T09:33:45+00:00,1968,,
mercury,rashi,Aries,1969-01-16T02:09:22.500000+00:00,1969,,
mercury,rashi,Pisces,1969-02-23T09:05:37.500000+00:00,1969,,
mercury,rashi,Aries,1969-04-14T00:56:15+00:00,1969,,
mercury,rashi,Pisces,1969-05-22T09:00:00+00:00,1969,,
mercury,rashi,Aries,1969-07-10T23:54:22.500000+00:00,1969,,
mercury,rashi,Pisces,1969-08-18T08:09:22.500000+00:00,1969,,
mercury,rashi,Aries,1969-10-06T23:37:30+00:00,1969,,
mercury,rashi,Pisces,1969-11-14T06:39:22.500000+00:00,1969,,
mercury,rashi,Aries,1970-01-02T23:09:22.500000+00:00,1970,,
mercury,rashi,Pisces,1970-02-10T06:00:00+00:00,1970,,
mercury,rashi,Aries,1970-03-31T22:01:52.500000+00:00,1970,,
mercury,rashi,Pisces,1970-05-09T06:00:00+00:00,1970,,
mercury,rashi,Aries,1970-06-27T21:00:00+00:00,1970,,
mercury,rashi,Pisces,1970-08-05T05:15:00+00:00,1970,,
mercury,rashi,Aries,1970-09-23T20:37:30+00:00,1970,,
mercury,rashi,Pisces,1970-11-01T03:45:00+00:00,1970,,
mercury,rashi,Aries,1970-12-20T20:15:00+00:00,1970,,
mercury,rashi,Pisces,1971-01-28T03:00:00+00:00,1971,,
mercury,rashi,Aries,1971-03-18T19:13:07.500000+00:00,1971,,
mercury,rashi,Pisces,1971-04-26T03:00:00+00:00,1971,,
mercury,rashi,Aries,1971-06-14T18:05:37.500000+00:00,1971,,
mercury,rashi,Pisces,1971-07-23T02:20:37.500000+00:00,1971,,
mercury,rashi,Aries,1971-09-10T17:37:30+00:00,1971,,
mercury,rashi,Pisces,1971-10-19T00:56:15+00:00,1971,,
mercury,rashi,Aries,1971-12-07T17:15:00+00:00,1971,,
mercury,rashi,Pisces,1972-01-15T00:00:00+00:00,1972,,
mercury,rashi,Aries,1972-03-04T16:18:45+00:00,1972,,
mercury,rashi,Pisces,1972-04-11T23:54:22.500000+00:00,1972,,
mercury,rashi,Aries,1972-05-31T15:11:15+00:00,1972,,
mercury,rashi,Pisces,1972-07-08T23:26:15+00:00,1972,,
mercury,rashi,Aries,1972-08-27T14:37:30+00:00,1972,,
mercury,rashi,Pisces,1972-10-04T22:01:52.500000+00:00,1972,,
mercury,rashi,Aries,1972-11-23T14:20:37.500000+00:00,1972,,
mercury,rashi,Pisces,1972-12-31T21:00:00+00:00,1972,,
mercury,rashi,Aries,1973-02-19T13:24:22.500000+00:00,1973,,
mercury,rashi,Pisces,1973-03-29T20:48:45+00:00,1973,,
mercury,rashi,Aries,1973-05-18T12:16:52.500000+00:00,1973,,
mercury,rashi,Pisces,1973-06-25T20:26:15+00:00,1973,,
mercury,rashi,Aries,1973-08-14T11:37:30+00:00,1973,,
mercury,rashi,Pisces,1973-09-21T19:13:07.500000+00:00,1973,,
mercury,rashi,Aries,1973-11-10T11:15:00+00:00,1973,,
mercury,rashi,Pisces,1973-12-18T18:00:00+00:00,1973,,
mercury,rashi,Aries,1974-02-06T10:30:00+00:00,1974,,
mercury,rashi,Pisces,1974-03-16T17:43:07.500000+00:00,1974,,
mercury,rashi,Aries,1974-05-05T09:22:30+00:00,1974,,
mercury,rashi,Pisces,1974-06-12T17:26:15+00:00,1974,,
mercury,rashi,Aries,1974-08-01T08:31:52.500000+00:00,1974,,
mercury,rashi,Pisces,1974-09-08T16:24:22.500000+00:00,1974,,
mercury,rashi,Aries,1974-10-28T08:15:00+00:00,1974,,
mercury,rashi,Pisces,1974-12-05T15:05:37.500000+00:00,1974,,
mercury,rashi,Aries,1975-01-24T07:35:37.500000+00:00,1975,,
mercury,rashi,Pisces,1975-03-03T14:37:30+00:00,1975,,
mercury,rashi,Aries,1975-04-22T06:28:07.500000+00:00,1975,,
mercury,rashi,Pisces,1975-05-30T14:26:15+00:00,1975,,
mercury,rashi,Aries,1975-07-19T05:37:30+00:00,1975,,
mercury,rashi,Pisces,1975-08-26T13:30:00+00:00,1975,,
mercury,rashi,Aries,1975-10-15T05:09:22.500000+00:00,1975,,
mercury,rashi,Pisces,1975-11-22T12:11:15+00:00,1975,,
mercury,rashi,Aries,1976-01-11T04:35:37.500000+00:00,1976,,
mercury,rashi,Pisces,1976-02-18T11:37:30+00:00,1976,,
mercury,rashi,Aries,1976-04-08T03:33:45+00:00,1976,,
mercury,rashi,Pisces,1976-05-16T11:26:15+00:00,1976,,
mercury,rashi,Aries,1976-07-05T02:37:30+00:00,1976,,
mercury,rashi,Pisces,1976-08-12T10:35:37.500000+00:00,1976,,
mercury,rashi,Aries,1976-10-01T02:09:22.500000+00:00,1976,,
mercury,rashi,Pisces,1976-11-08T09:16:52.500000+00:00,1976,,
mercury,rashi,Aries,1976-12-28T01:41:15+00:00,1976,,
mercury,rashi,Pisces,1977-02-04T08:31:52.500000+00:00,1977,,
mercury,rashi,Aries,1977-03-26T00:39:22.500000+00:00,1977,,
mercury,rashi,Pisces,1977-05-03T08:20:37.500000+00:00,1977,,
mercury,rashi,Aries,1977-06-21T23:43:07.500000+00:00,1977,,
mercury,rashi,Pisces,1977-07-30T07:41:15+00:00,1977,,
mercury,rashi,Aries,1977-09-17T23:15:00+00:00,1977,,
mercury,rashi,Pisces,1977-10-26T06:22:30+00:00,1977,,
mercury,rashi,Aries,1977-12-14T22:46:52.500000+00:00,1977,,
mercury,rashi,Pisces,1978-01-22T05:31:52.500000+00:00,1978,,
mercury,rashi,Aries,1978-03-12T21:50:37.500000+00:00,1978,,
mercury,rashi,Pisces,1978-04-20T05:20:37.500000+00:00,1978,,
mercury,rashi,Aries,1978-06-08T20:48:45+00:00,1978,,
mercury,rashi,Pisces,1978-07-17T04:46:52.500000+00:00,1978,,
mercury,rashi,Aries,1978-09-04T20:15:00+00:00,1978,,
mercury,rashi,Pisces,1978-10-13T03:33:45+00:00,1978,,
mercury,rashi,Aries,1978-12-01T19:46:52.500000+00:00,1978,,
mercury,rashi,Pisces,1979-01-09T02:31:52.500000+00:00,1979,,
mercury,rashi,Aries,1979-02-27T18:56:15+00:00,1979,,
mercury,rashi,Pisces,1979-04-07T02:15:00+00:00,1979,,
mercury,rashi,Aries,1979-05-26T17:48:45+00:00,1979,,
mercury,rashi,Pisces,1979-07-04T01:46:52.500000+00:00,1979,,
mercury,rashi,Aries,1979-08-22T17:15:00+00:00,1979,,
mercury,rashi,Pisces,1979-09-30T00:39:22.500000+00:00,1979,,
mercury,rashi,Aries,1979-11-18T16:46:52.500000+00:00,1979,,
mercury,rashi,Pisces,1979-12-26T23:37:30+00:00,1979,,
mercury,rashi,Aries,1980-02-14T15:56:15+00:00,1980,,
mercury,rashi,Pisces,1980-03-23T23:15:00+00:00,1980,,
mercury,rashi,Aries,1980-05-12T14:54:22.500000+00:00,1980,,
mercury,rashi,Pisces,1980-06-19T22:46:52.500000+00:00,1980,,
mercury,rashi,Aries,1980-08-08T14:15:00+00:00,1980,,
mercury,rashi,Pisces,1980-09-15T21:45:00+00:00,1980,,
mercury,rashi,Aries,1980-11-04T13:46:52.500000+00:00,1980,,
mercury,rashi,Pisces,1980-12-12T20:37:30+00:00,1980,,
mercury,rashi,Aries,1981-01-31T13:01:52.500000+00:00,1981,,
mercury,rashi,Pisces,1981-03-10T20:09:22.500000+00:00,1981,,
mercury,rashi,Aries,1981-04-29T12:00:00+00:00,1981,,
mercury,rashi,Pisces,1981-06-06T19:46:52.500000+00:00,1981,,
mercury,rashi,Aries,1981-07-26T11:15:00+00:00,1981,,
mercury,rashi,Pisces,1981-09-02T18:56:15+00:00,1981,,
mercury,rashi,Aries,1981-10-22T10:46:52.500000+00:00,1981,,
mercury,rashi,Pisces,1981-11-29T17:43:07.500000+00:00,1981,,
mercury,rashi,Aries,1982-01-18T10:07:30+00:00,1982,,
mercury,rashi,Pisces,1982-02-25T17:09:22.500000+00:00,1982,,
mercury,rashi,Aries,1982-04-16T09:05:37.500000+00:00,1982,,
mercury,rashi,Pisces,1982-05-24T16:46:52.500000+00:00,1982,,
mercury,rashi,Aries,1982-07-13T08:15:00+00:00,1982,,
mercury,rashi,Pisces,1982-08-20T16:01:52.500000+00:00,1982,,
mercury,rashi,Aries,1982-10-09T07:46:52.500000+00:00,1982,,
mercury,rashi,Pisces,1982-11-16T14:48:45+00:00,1982,,
mercury,rashi,Aries,1983-01-05T07:07:30+00:00,1983,,
mercury,rashi,Pisces,1983-02-12T14:09:22.500000+00:00,1983,,
mercury,rashi,Aries,1983-04-03T06:11:15+00:00,1983,,
mercury,rashi,Pisces,1983-05-11T13:46:52.500000+00:00,1983,,
mercury,rashi,Aries,1983-06-30T05:20:37.500000+00:00,1983,,
mercury,rashi,Pisces,1983-08-07T13:01:52.500000+00:00,1983,,
mercury,rashi,Aries,1983-09-26T04:46:52.500000+00:00,1983,,
mercury,rashi,Pisces,1983-11-03T12:00:00+00:00,1983,,
mercury,rashi,Aries,1983-12-23T04:13:07.500000+00:00,1983,,
mercury,rashi,Pisces,1984-01-30T11:09:22.500000+00:00,1984,,
mercury,rashi,Aries,1984-03-20T03:16:52.500000+00:00,1984,,
mercury,rashi,Pisces,1984-04-27T10:41:15+00:00,1984,,
mercury,rashi,Aries,1984-06-16T02:26:15+00:00,1984,,
mercury,rashi,Pisces,1984-07-24T10:07:30+00:00,1984,,
mercury,rashi,Aries,1984-09-12T01:46:52.500000+00:00,1984,,
mercury,rashi,Pisces,1984-10-20T09:00:00+00:00,1984,,
mercury,rashi,Aries,1984-12-09T01:13:07.500000+00:00,1984,,
mercury,rashi,Pisces,1985-01-16T08:09:22.500000+00:00,1985,,
mercury,rashi,Aries,1985-03-07T00:22:30+00:00,1985,,
mercury,rashi,Pisces,1985-04-14T07:41:15+00:00,1985,,
mercury,rashi,Aries,1985-06-02T23:26:15+00:00,1985,,
mercury,rashi,Pisces,1985-07-11T07:07:30+00:00,1985,,
mercury,rashi,Aries,1985-08-29T22:46:52.500000+00:00,1985,,
mercury,rashi,Pisces,1985-10-07T06:05:37.500000+00:00,1985,,
mercury,rashi,Aries,1985-11-25T22:13:07.500000+00:00,1985,,
mercury,rashi,Pisces,1986-01-03T05:15:00+00:00,1986,,
mercury,rashi,Aries,1986-02-21T21:28:07.500000+00:00,1986,,
mercury,rashi,Pisces,1986-04-01T04:41:15+00:00,1986,,
mercury,rashi,Aries,1986-05-20T20:31:52.500000+00:00,1986,,
mercury,rashi,Pisces,1986-06-28T04:07:30+00:00,1986,,
mercury,rashi,Aries,1986-08-16T19:46:52.500000+00:00,1986,,
mercury,rashi,Pisces,1986-09-24T03:11:15+00:00,1986,,
mercury,rashi,Aries,1986-11-12T19:13:07.500000+00:00,1986,,
mercury,rashi,Pisces,1986-12-21T02:15:00+00:00,1986,,
mercury,rashi,Aries,1987-02-08T18:28:07.500000+00:00,1987,,
mercury,rashi,Pisces,1987-03-19T01:41:15+00:00,1987,,
mercury,rashi,Aries,1987-05-07T17:31:52.500000+00:00,1987,,
mercury,rashi,Pisces,1987-06-15T01:07:30+00:00,1987,,
mercury,rashi,Aries,1987-08-03T16:52:30+00:00,1987,,
mercury,rashi,Pisces,1987-09-11T00:16:52.500000+00:00,1987,,
mercury,rashi,Aries,1987-10-30T16:18:45+00:00,1987,,
mercury,rashi,Pisces,1987-12-07T23:20:37.500000+00:00,1987,,
mercury,rashi,Aries,1988-01-26T15:33:45+00:00,1988,,
mercury,rashi,Pisces,1988-03-04T22:41:15+00:00,1988,,
mercury,rashi,Aries,1988-04-23T14:37:30+00:00,1988,,
mercury,rashi,Pisces,1988-05-31T22:07:30+00:00,1988,,
mercury,rashi,Aries,1988-07-20T13:52:30+00:00,1988,,
mercury,rashi,Pisces,1988-08-27T21:22:30+00:00,1988,,
mercury,rashi,Aries,1988-10-16T13:18:45+00:00,1988,,
mercury,rashi,Pisces,1988-11-23T20:26:15+00:00,1988,,
mercury,rashi,Aries,1989-01-12T12:39:22.500000+00:00,1989,,
mercury,rashi,Pisces,1989-02-19T19:41:15+00:00,1989,,
mercury,rashi,Aries,1989-04-10T11:43:07.500000+00:00,1989,,
mercury,rashi,Pisces,1989-05-18T19:07:30+00:00,1989,,
mercury,rashi,Aries,1989-07-07T10:58:07.500000+00:00,1989,,
mercury,rashi,Pisces,1989-08-14T18:22:30+00:00,1989,,
mercury,rashi,Aries,1989-10-03T10:24:22.500000+00:00,1989,,
mercury,rashi,Pisces,1989-11-10T17:26:15+00:00,1989,,
mercury,rashi,Aries,1989-12-30T09:45:00+00:00,1989,,
mercury,rashi,Pisces,1990-02-06T16:41:15+00:00,1990,,
mercury,rashi,Aries,1990-03-28T08:48:45+00:00,1990,,
mercury,rashi,Pisces,1990-05-05T16:07:30+00:00,1990,,
mercury,rashi,Aries,1990-06-24T07:58:07.500000+00:00,1990,,
mercury,rashi,Pisces,1990-08-01T15:28:07.500000+00:00,1990,,
mercury,rashi,Aries,1990-09-20T07:24:22.500000+00:00,1990,,
mercury,rashi,Pisces,1990-10-28T14:31:52.500000+00:00,1990,,
mercury,rashi,Aries,1990-12-17T06:45:00+00:00,1990,,
mercury,rashi,Pisces,1991-01-24T13:46:52.500000+00:00,1991,,
mercury,rashi,Aries,1991-03-15T05:54:22.500000+00:00,1991,,
mercury,rashi,Pisces,1991-04-22T13:07:30+00:00,1991,,
mercury,rashi,Aries,1991-06-11T05:03:45+00:00,1991,,
mercury,rashi,Pisces,1991-07-19T12:28:07.500000+00:00,1991,,
mercury,rashi,Aries,1991-09-07T04:24:22.500000+00:00,1991,,
mercury,rashi,Pisces,1991-10-15T11:37:30+00:00,1991,,
mercury,rashi,Aries,1991-12-04T03:45:00+00:00,1991,,
mercury,rashi,Pisces,1992-01-11T10:46:52.500000+00:00,1992,,
mercury,rashi,Aries,1992-03-01T03:00:00+00:00,1992,,
mercury,rashi,Pisces,1992-04-08T10:07:30+00:00,1992,,
mercury,rashi,Aries,1992-05-28T02:03:45+00:00,1992,,
mercury,rashi,Pisces,1992-07-05T09:28:07.500000+00:00,1992,,
mercury,rashi,Aries,1992-08-24T01:24:22.500000+00:00,1992,,
mercury,rashi,Pisces,1992-10-01T08:43:07.500000+00:00,1992,,
mercury,rashi,Aries,1992-11-20T00:45:00+00:00,1992,,
mercury,rashi,Pisces,1992-12-28T07:52:30+00:00,1992,,
mercury,rashi,Aries,1993-02-16T00:00:00+00:00,1993,,
mercury,rashi,Pisces,1993-03-26T07:07:30+00:00,1993,,
mercury,rashi,Aries,1993-05-14T23:09:22.500000+00:00,1993,,
mercury,rashi,Pisces,1993-06-22T06:28:07.500000+00:00,1993,,
mercury,rashi,Aries,1993-08-10T22:24:22.500000+00:00,1993,,
mercury,rashi,Pisces,1993-09-18T05:43:07.500000+00:00,1993,,
mercury,rashi,Aries,1993-11-06T21:45:00+00:00,1993,,
mercury,rashi,Pisces,1993-12-15T04:52:30+00:00,1993,,
mercury,rashi,Aries,1994-02-02T21:05:37.500000+00:00,1994,,
mercury,rashi,Pisces,1994-03-13T04:13:07.500000+00:00,1994,,
mercury,rashi,Aries,1994-05-01T20:15:00+00:00,1994,,
mercury,rashi,Pisces,1994-06-09T03:28:07.500000+00:00,1994,,
mercury,rashi,Aries,1994-07-28T19:30:00+00:00,1994,,
mercury,rashi,Pisces,1994-09-05T02:48:45+00:00,1994,,
mercury,rashi,Aries,1994-10-24T18:50:37.500000+00:00,1994,,
mercury,rashi,Pisces,1994-12-02T01:58:07.500000+00:00,1994,,
mercury,rashi,Aries,1995-01-20T18:05:37.500000+00:00,1995,,
mercury,rashi,Pisces,1995-02-28T01:13:07.500000+00:00,1995,,
mercury,rashi,Aries,1995-04-18T17:20:37.500000+00:00,1995,,
mercury,rashi,Pisces,1995-05-27T00:33:45+00:00,1995,,
mercury,rashi,Aries,1995-07-15T16:35:37.500000+00:00,1995,,
mercury,rashi,Pisces,1995-08-22T23:48:45+00:00,1995,,
mercury,rashi,Aries,1995-10-11T15:50:37.500000+00:00,1995,,
mercury,rashi,Pisces,1995-11-18T22:58:07.500000+00:00,1995,,
mercury,rashi,Aries,1996-01-07T15:11:15+00:00,1996,,
mercury,rashi,Pisces,1996-02-14T22:18:45+00:00,1996,,
mercury,rashi,Aries,1996-04-04T14:26:15+00:00,1996,,
mercury,rashi,Pisces,1996-05-12T21:33:45+00:00,1996,,
mercury,rashi,Aries,1996-07-01T13:35:37.500000+00:00,1996,,
mercury,rashi,Pisces,1996-08-08T20:48:45+00:00,1996,,
mercury,rashi,Aries,1996-09-27T12:56:15+00:00,1996,,
mercury,rashi,Pisces,1996-11-04T20:03:45+00:00,1996,,
mercury,rashi,Aries,1996-12-24T12:11:15+00:00,1996,,
mercury,rashi,Pisces,1997-01-31T19:18:45+00:00,1997,,
mercury,rashi,Aries,1997-03-22T11:26:15+00:00,1997,,
mercury,rashi,Pisces,1997-04-29T18:33:45+00:00,1997,,
mercury,rashi,Aries,1997-06-18T10:41:15+00:00,1997,,
mercury,rashi,Pisces,1997-07-26T17:54:22.500000+00:00,1997,,
mercury,rashi,Aries,1997-09-14T09:56:15+00:00,1997,,
mercury,rashi,Pisces,1997-10-22T17:03:45+00:00,1997,,
mercury,rashi,Aries,1997-12-11T09:11:15+00:00,1997,,
mercury,rashi,Pisces,1998-01-18T16:18:45+00:00,1998,,
mercury,rashi,Aries,1998-03-09T08:31:52.500000+00:00,1998,,
mercury,rashi,Pisces,1998-04-16T15:33:45+00:00,1998,,
mercury,rashi,Aries,1998-06-05T07:41:15+00:00,1998,,
mercury,rashi,Pisces,1998-07-13T14:54:22.500000+00:00,1998,,
mercury,rashi,Aries,1998-09-01T06:56:15+00:00,1998,,
mercury,rashi,Pisces,1998-10-09T14:09:22.500000+00:00,1998,,
mercury,rashi,Aries,1998-11-28T06:11:15+00:00,1998,,
mercury,rashi,Pisces,1999-01-05T13:24:22.500000+00:00,1999,,
mercury,rashi,Aries,1999-02-24T05:31:52.500000+00:00,1999,,
mercury,rashi,Pisces,1999-04-03T12:39:22.500000+00:00,1999,,
mercury,rashi,Aries,1999-05-23T04:46:52.500000+00:00,1999,,
mercury,rashi,Pisces,1999-06-30T11:54:22.500000+00:00,1999,,
mercury,rashi,Aries,1999-08-19T04:01:52.500000+00:00,1999,,
mercury,rashi,Pisces,1999-09-26T11:15:00+00:00,1999,,
mercury,rashi,Aries,1999-11-15T03:16:52.500000+00:00,1999,,
mercury,rashi,Pisces,1999-12-23T10:30:00+00:00,1999,,
mercury,rashi,Aries,2000-02-11T02:31:52.500000+00:00,2000,,
mercury,rashi,Pisces,2000-03-20T09:39:22.500000+00:00,2000,,
mercury,rashi,Aries,2000-05-09T01:52:30+00:00,2000,,
mercury,rashi,Pisces,2000-06-16T08:54:22.500000+00:00,2000,,
mercury,rashi,Aries,2000-08-05T01:07:30+00:00,2000,,
mercury,rashi,Pisces,2000-09-12T08:15:00+00:00,2000,,
mercury,rashi,Aries,2000-11-01T00:16:52.500000+00:00,2000,,
mercury,rashi,Pisces,2000-12-09T07:30:00+00:00,2000,,
mercury,rashi,Aries,2001-01-27T23:37:30+00:00,2001,,
mercury,rashi,Pisces,2001-03-07T06:45:00+00:00,2001,,
mercury,rashi,Aries,2001-04-25T22:58:07.500000+00:00,2001,,
mercury,rashi,Pisces,2001-06-03T05:54:22.500000+00:00,2001,,
mercury,rashi,Aries,2001-07-22T22:13:07.500000+00:00,2001,,
mercury,rashi,Pisces,2001-08-30T05:15:00+00:00,2001,,
mercury,rashi,Aries,2001-10-18T21:22:30+00:00,2001,,
mercury,rashi,Pisces,2001-11-26T04:35:37.500000+00:00,2001,,
mercury,rashi,Aries,2002-01-14T20:37:30+00:00,2002,,
mercury,rashi,Pisces,2002-02-22T03:45:00+00:00,2002,,
mercury,rashi,Aries,2002-04-12T19:58:07.500000+00:00,2002,,
mercury,rashi,Pisces,2002-05-21T02:54:22.500000+00:00,2002,,
mercury,rashi,Aries,2002-07-09T19:13:07.500000+00:00,2002,,
mercury,rashi,Pisces,2002-08-17T02:15:00+00:00,2002,,
mercury,rashi,Aries,2002-10-05T18:22:30+00:00,2002,,
mercury,rashi,Pisces,2002-11-13T01:35:37.500000+00:00,2002,,
mercury,rashi,Aries,2003-01-01T17:37:30+00:00,2003,,
mercury,rashi,Pisces,2003-02-09T00:50:37.500000+00:00,2003,,
mercury,rashi,Aries,2003-03-30T17:03:45+00:00,2003,,
mercury,rashi,Pisces,2003-05-07T23:54:22.500000+00:00,2003,,
mercury,rashi,Aries,2003-06-26T16:18:45+00:00,2003,,
mercury,rashi,Pisces,2003-08-03T23:15:00+00:00,2003,,
mercury,rashi,Aries,2003-09-22T15:28:07.500000+00:00,2003,,
mercury,rashi,Pisces,2003-10-30T22:35:37.500000+00:00,2003,,
mercury,rashi,Aries,2003-12-19T14:37:30+00:00,2003,,
mercury,rashi,Pisces,2004-01-26T21:50:37.500000+00:00,2004,,
mercury,rashi,Aries,2004-03-16T14:03:45+00:00,2004,,
mercury,rashi,Pisces,2004-04-23T21:00:00+00:00,2004,,
mercury,rashi,Aries,2004-06-12T13:24:22.500000+00:00,2004,,
mercury,rashi,Pisces,2004-07-20T20:15:00+00:00,2004,,
mercury,rashi,Aries,2004-09-08T12:28:07.500000+00:00,2004,,
mercury,rashi,Pisces,2004-10-16T19:41:15+00:00,2004,,
mercury,rashi,Aries,2004-12-05T11:37:30+00:00,2004,,
mercury,rashi,Pisces,2005-01-12T18:56:15+00:00,2005,,
mercury,rashi,Aries,2005-03-03T11:03:45+00:00,2005,,
mercury,rashi,Pisces,2005-04-10T18:00:00+00:00,2005,,
mercury,rashi,Aries,2005-05-30T10:24:22.500000+00:00,2005,,
mercury,rashi,Pisces,2005-07-07T17:15:00+00:00,2005,,
mercury,rashi,Aries,2005-08-26T09:33:45+00:00,2005,,
mercury,rashi,Pisces,2005-10-03T16:41:15+00:00,2005,,
mercury,rashi,Aries,2005-11-22T08:43:07.500000+00:00,2005,,
mercury,rashi,Pisces,2005-12-30T16:01:52.500000+00:00,2005,,
mercury,rashi,Aries,2006-02-18T08:03:45+00:00,2006,,
mercury,rashi,Pisces,2006-03-28T15:05:37.500000+00:00,2006,,
mercury,rashi,Aries,2006-05-17T07:30:00+00:00,2006,,
mercury,rashi,Pisces,2006-06-24T14:15:00+00:00,2006,,
mercury,rashi,Aries,2006-08-13T06:39:22.500000+00:00,2006,,
mercury,rashi,Pisces,2006-09-20T13:41:15+00:00,2006,,
mercury,rashi,Aries,2006-11-09T05:43:07.500000+00:00,2006,,
mercury,rashi,Pisces,2006-12-17T13:07:30+00:00,2006,,
mercury,rashi,Aries,2007-02-05T05:03:45+00:00,2007,,
mercury,rashi,Pisces,2007-03-15T12:11:15+00:00,2007,,
mercury,rashi,Aries,2007-05-04T04:35:37.500000+00:00,2007,,
mercury,rashi,Pisces,2007-06-11T11:15:00+00:00,2007,,
mercury,rashi,Aries,2007-07-31T03:45:00+00:00,2007,,
mercury,rashi,Pisces,2007-09-07T10:46:52.500000+00:00,2007,,
mercury,rashi,Aries,2007-10-27T02:48:45+00:00,2007,,
mercury,rashi,Pisces,2007-12-04T10:07:30+00:00,2007,,
mercury,rashi,Aries,2008-01-23T02:03:45+00:00,2008,,
mercury,rashi,Pisces,2008-03-01T09:11:15+00:00,2008,,
mercury,rashi,Aries,2008-04-20T01:35:37.500000+00:00,2008,,
mercury,rashi,Pisces,2008-05-28T08:15:00+00:00,2008,,
mercury,rashi,Aries,2008-07-17T00:50:37.500000+00:00,2008,,
mercury,rashi,Pisces,2008-08-24T07:41:15+00:00,2008,,
mercury,rashi,Aries,2008-10-12T23:54:22.500000+00:00,2008,,
mercury,rashi,Pisces,2008-11-20T07:13:07.500000+00:00,2008,,
mercury,rashi,Aries,2009-01-08T23:09:22.500000+00:00,2009,,
mercury,rashi,Pisces,2009-02-16T06:16:52.500000+00:00,2009,,
mercury,rashi,Aries,2009-04-06T22:35:37.500000+00:00,2009,,
mercury,rashi,Pisces,2009-05-15T05:15:00+00:00,2009,,
mercury,rashi,Aries,2009-07-03T21:56:15+00:00,2009,,
mercury,rashi,Pisces,2009-08-11T04:41:15+00:00,2009,,
mercury,rashi,Aries,2009-09-29T21:00:00+00:00,2009,,
mercury,rashi,Pisces,2009-11-07T04:13:07.500000+00:00,2009,,
mercury,rashi,Aries,2009-12-26T20:03:45+00:00,2009,,
mercury,rashi,Pisces,2010-02-03T03:22:30+00:00,2010,,
mercury,rashi,Aries,2010-03-24T19:35:37.500000+00:00,2010,,
mercury,rashi,Pisces,2010-05-02T02:20:37.500000+00:00,2010,,
mercury,rashi,Aries,2010-06-20T19:01:52.500000+00:00,2010,,
mercury,rashi,Pisces,2010-07-29T01:41:15+00:00,2010,,
mercury,rashi,Aries,2010-09-16T18:00:00+00:00,2010,,
mercury,rashi,Pisces,2010-10-25T01:18:45+00:00,2010,,
mercury,rashi,Aries,2010-12-13T17:09:22.500000+00:00,2010,,
mercury,rashi,Pisces,2011-01-21T00:33:45+00:00,2011,,
mercury,rashi,Aries,2011-03-11T16:35:37.500000+00:00,2011,,
mercury,rashi,Pisces,2011-04-18T23:20:37.500000+00:00,2011,,
mercury,rashi,Aries,2011-06-07T16:01:52.500000+00:00,2011,,
mercury,rashi,Pisces,2011-07-15T22:35:37.500000+00:00,2011,,
mercury,rashi,Aries,2011-09-03T15:11:15+00:00,2011,,
mercury,rashi,Pisces,2011-10-11T22:18:45+00:00,2011,,
mercury,rashi,Aries,2011-11-30T14:09:22.500000+00:00,2011,,
mercury,rashi,Pisces,2012-01-07T21:39:22.500000+00:00,2012,,
mercury,rashi,Aries,2012-02-26T13:35:37.500000+00:00,2012,,
mercury,rashi,Pisces,2012-04-04T20:26:15+00:00,2012,,
mercury,rashi,Aries,2012-05-24T13:07:30+00:00,2012,,
mercury,rashi,Pisces,2012-07-01T19:35:37.500000+00:00,2012,,
mercury,rashi,Aries,2012-08-20T12:16:52.500000+00:00,2012,,
mercury,rashi,Pisces,2012-09-27T19:13:07.500000+00:00,2012,,
mercury,rashi,Aries,2012-11-16T11:15:00+00:00,2012,,
mercury,rashi,Pisces,2012-12-24T18:45:00+00:00,2012,,
mercury,rashi,Aries,2013-02-12T10:35:37.500000+00:00,2013,,
mercury,rashi,Pisces,2013-03-22T17:37:30+00:00,2013,,
mercury,rashi,Aries,2013-05-11T10:07:30+00:00,2013,,
mercury,rashi,Pisces,2013-06-18T16:35:37.500000+00:00,2013,,
mercury,rashi,Aries,2013-08-07T09:22:30+00:00,2013,,
mercury,rashi,Pisces,2013-09-14T16:13:07.500000+00:00,2013,,
mercury,rashi,Aries,2013-11-03T08:20:37.500000+00:00,2013,,
mercury,rashi,Pisces,2013-12-11T15:45:00+00:00,2013,,
mercury,rashi,Aries,2014-01-30T07:35:37.500000+00:00,2014,,
mercury,rashi,Pisces,2014-03-09T14:43:07.500000+00:00,2014,,
mercury,rashi,Aries,2014-04-28T07:13:07.500000+00:00,2014,,
mercury,rashi,Pisces,2014-06-05T13:35:37.500000+00:00,2014,,
mercury,rashi,Aries,2014-07-25T06:28:07.500000+00:00,2014,,
mercury,rashi,Pisces,2014-09-01T13:07:30+00:00,2014,,
mercury,rashi,Aries,2014-10-21T05:20:37.500000+00:00,2014,,
mercury,rashi,Pisces,2014-11-28T12:45:00+00:00,2014,,
mercury,rashi,Aries,2015-01-17T04:35:37.500000+00:00,2015,,
mercury,rashi,Pisces,2015-02-24T11:48:45+00:00,2015,,
mercury,rashi,Aries,2015-04-15T04:07:30+00:00,2015,,
mercury,rashi,Pisces,2015-05-23T10:35:37.500000+00:00,2015,,
mercury,rashi,Aries,2015-07-12T03:33:45+00:00,2015,,
mercury,rashi,Pisces,2015-08-19T10:07:30+00:00,2015,,
mercury,rashi,Aries,2015-10-08T02:26:15+00:00,2015,,
mercury,rashi,Pisces,2015-11-15T09:50:37.500000+00:00,2015,,
mercury,rashi,Aries,2016-01-04T01:35:37.500000+00:00,2016,,
mercury,rashi,Pisces,2016-02-11T08:54:22.500000+00:00,2016,,
mercury,rashi,Aries,2016-04-01T01:07:30+00:00,2016,,
mercury,rashi,Pisces,2016-05-09T07:41:15+00:00,2016,,
mercury,rashi,Aries,2016-06-28T00:33:45+00:00,2016,,
mercury,rashi,Pisces,2016-08-05T07:01:52.500000+00:00,2016,,
mercury,rashi,Aries,2016-09-23T23:31:52.500000+00:00,2016,,
mercury,rashi,Pisces,2016-11-01T06:50:37.500000+00:00,2016,,
mercury,rashi,Aries,2016-12-20T22:35:37.500000+00:00,2016,,
mercury,rashi,Pisces,2017-01-28T06:05:37.500000+00:00,2017,,
mercury,rashi,Aries,2017-03-18T22:07:30+00:00,2017,,
mercury,rashi,Pisces,2017-04-26T04:46:52.500000+00:00,2017,,
mercury,rashi,Aries,2017-06-14T21:39:22.500000+00:00,2017,,
mercury,rashi,Pisces,2017-07-23T04:01:52.500000+00:00,2017,,
mercury,rashi,Aries,2017-09-10T20:43:07.500000+00:00,2017,,
mercury,rashi,Pisces,2017-10-19T03:50:37.500000+00:00,2017,,
mercury,rashi,Aries,2017-12-07T19:41:15+00:00,2017,,
mercury,rashi,Pisces,2018-01-15T03:11:15+00:00,2018,,
mercury,rashi,Aries,2018-03-05T19:07:30+00:00,2018,,
mercury,rashi,Pisces,2018-04-13T01:52:30+00:00,2018,,
mercury,rashi,Aries,2018-06-01T18:45:00+00:00,2018,,
mercury,rashi,Pisces,2018-07-10T00:56:15+00:00,2018,,
mercury,rashi,Aries,2018-08-28T17:48:45+00:00,2018,,
mercury,rashi,Pisces,2018-10-06T00:45:00+00:00,2018,,
mercury,rashi,Aries,2018-11-24T16:41:15+00:00,2018,,
mercury,rashi,Pisces,2019-01-02T00:16:52.500000+00:00,2019,,
mercury,rashi,Aries,2019-02-20T16:07:30+00:00,2019,,
mercury,rashi,Pisces,2019-03-30T22:58:07.500000+00:00,2019,,
mercury,rashi,Aries,2019-05-19T15:45:00+00:00,2019,,
mercury,rashi,Pisces,2019-06-26T21:56:15+00:00,2019,,
mercury,rashi,Aries,2019-08-15T14:54:22.500000+00:00,2019,,
mercury,rashi,Pisces,2019-09-22T21:45:00+00:00,2019,,
mercury,rashi,Aries,2019-11-11T13:46:52.500000+00:00,2019,,
mercury,rashi,Pisces,2019-12-19T21:22:30+00:00,2019,,
mercury,rashi,Aries,2020-02-07T13:07:30+00:00,2020,,
mercury,rashi,Pisces,2020-03-16T20:09:22.500000+00:00,2020,,
mercury,rashi,Aries,2020-05-05T12:45:00+00:00,2020,,
mercury,rashi,Pisces,2020-06-12T18:56:15+00:00,2020,,
mercury,rashi,Aries,2020-08-01T12:00:00+00:00,2020,,
mercury,rashi,Pisces,2020-09-08T18:39:22.500000+00:00,2020,,
mercury,rashi,Aries,2020-10-28T10:52:30+00:00,2020,,
mercury,rashi,Pisces,2020-12-05T18:22:30+00:00,2020,,
mercury,rashi,Aries,2021-01-24T10:07:30+00:00,2021,,
mercury,rashi,Pisces,2021-03-03T17:15:00+00:00,2021,,
mercury,rashi,Aries,2021-04-22T09:45:00+00:00,2021,,
mercury,rashi,Pisces,2021-05-30T15:56:15+00:00,2021,,
mercury,rashi,Aries,2021-07-19T09:05:37.500000+00:00,2021,,
mercury,rashi,Pisces,2021-08-26T15:33:45+00:00,2021,,
mercury,rashi,Aries,2021-10-15T07:58:07.500000+00:00,2021,,
mercury,rashi,Pisces,2021-11-22T15:22:30+00:00,2021,,
mercury,rashi,Aries,2022-01-11T07:07:30+00:00,2022,,
mercury,rashi,Pisces,2022-02-18T14:26:15+00:00,2022,,
mercury,rashi,Aries,2022-04-09T06:45:00+00:00,2022,,
mercury,rashi,Pisces,2022-05-17T13:01:52.500000+00:00,2022,,
mercury,rashi,Aries,2022-07-06T06:11:15+00:00,2022,,
mercury,rashi,Pisces,2022-08-13T12:28:07.500000+00:00,2022,,
mercury,rashi,Aries,2022-10-02T05:03:45+00:00,2022,,
mercury,rashi,Pisces,2022-11-09T12:28:07.500000+00:00,2022,,
mercury,rashi,Aries,2022-12-29T04:07:30+00:00,2022,,
mercury,rashi,Pisces,2023-02-05T11:31:52.500000+00:00,2023,,
mercury,rashi,Aries,2023-03-27T03:45:00+00:00,2023,,
mercury,rashi,Pisces,2023-05-04T10:07:30+00:00,2023,,
mercury,rashi,Aries,2023-06-23T03:16:52.500000+00:00,2023,,
mercury,rashi,Pisces,2023-07-31T09:28:07.500000+00:00,2023,,
mercury,rashi,Aries,2023-09-19T02:09:22.500000+00:00,2023,,
mercury,rashi,Pisces,2023-10-27T09:22:30+00:00,2023,,
mercury,rashi,Aries,2023-12-16T01:07:30+00:00,2023,,
mercury,rashi,Pisces,2024-01-23T08:43:07.500000+00:00,2024,,
mercury,rashi,Aries,2024-03-13T00:45:00+00:00,2024,,
mercury,rashi,Pisces,2024-04-20T07:13:07.500000+00:00,2024,,
mercury,rashi,Aries,2024-06-09T00:22:30+00:00,2024,,
mercury,rashi,Pisces,2024-07-17T06:22:30+00:00,2024,,
mercury,rashi,Aries,2024-09-04T23:20:37.500000+00:00,2024,,
mercury,rashi,Pisces,2024-10-13T06:16:52.500000+00:00,2024,,
mercury,rashi,Aries,2024-12-01T22:13:07.500000+00:00,2024,,
mercury,rashi,Pisces,2025-01-09T05:48:45+00:00,2025,,
mercury,rashi,Aries,2025-02-27T21:45:00+00:00,2025,,
mercury,rashi,Pisces,2025-04-07T04:24:22.500000+00:00,2025,,
mercury,rashi,Aries,2025-05-26T21:22:30+00:00,2025,,
mercury,rashi,Pisces,2025-07-04T03:16:52.500000+00:00,2025,,
mercury,rashi,Aries,2025-08-22T20:26:15+00:00,2025,,
mercury,rashi,Pisces,2025-09-30T03:11:15+00:00,2025,,
mercury,rashi,Aries,2025-11-18T19:13:07.500000+00:00,2025,,
mercury,rashi,Pisces,2025-12-27T02:54:22.500000+00:00,2025,,
mercury,nakshatra,,1900-01-09T04:24:22.500000+00:00,1900,Revati,4.0
mercury,nakshatra,,1900-02-27T21:16:52.500000+00:00,1900,Ashwini,1.0
mercury,nakshatra,,1900-04-07T06:00:00+00:00,1900,Revati,4.0
mercury,nakshatra,,1900-05-26T18:56:15+00:00,1900,Ashwini,1.0
mercury,nakshatra,,1900-07-04T06:22:30+00:00,1900,Revati,4.0
mercury,nakshatra,,1900-08-22T18:56:15+00:00,1900,Ashwini,1.0
mercury,nakshatra,,1900-09-30T03:28:07.500000+00:00,1900,Revati,4.0
mercury,nakshatra,,1900-11-18T19:52:30+00:00,1900,Ashwini,1.0
mercury,nakshatra,,1900-12-27T01:18:45+00:00,1900,Revati,4.0
mercury,nakshatra,,1901-02-14T18:39:22.500000+00:00,1901,Ashwini,1.0
mercury,nakshatra,,1901-03-25T02:37:30+00:00,1901,Revati,4.0
mercury,nakshatra,,1901-05-13T16:07:30+00:00,1901,Ashwini,1.0
mercury,nakshatra,,1901-06-21T03:28:07.500000+00:00,1901,Revati,4.0
mercury,nakshatra,,1901-08-09T15:45:00+00:00,1901,Ashwini,1.0
mercury,nakshatra,,1901-09-17T00:50:37.500000+00:00,1901,Revati,4.0
mercury,nakshatra,,1901-11-05T16:46:52.500000+00:00,1901,Ashwini,1.0
mercury,nakshatra,,1901-12-13T22:18:45+00:00,1901,Revati,4.0
mercury,nakshatra,,1902-02-01T15:56:15+00:00,1902,Ashwini,1.0
mercury,nakshatra,,1902-03-11T23:15:00+00:00,1902,Revati,4.0
mercury,nakshatra,,1902-04-30T13:24:22.500000+00:00,1902,Ashwini,1.0
mercury,nakshatra,,1902-06-08T00:28:07.500000+00:00,1902,Revati,4.0
mercury,nakshatra,,1902-07-27T12:33:45+00:00,1902,Ashwini,1.0
mercury,nakshatra,,1902-09-03T22:18:45+00:00,1902,Revati,4.0
mercury,nakshatra,,1902-10-23T13:35:37.500000+00:00,1902,Ashwini,1.0
mercury,nakshatra,,1902-11-30T19:24:22.500000+00:00,1902,Revati,4.0
mercury,nakshatra,,1903-01-19T13:07:30+00:00,1903,Ashwini,1.0
mercury,nakshatra,,1903-02-26T19:52:30+00:00,1903,Revati,4.0
mercury,nakshatra,,1903-04-17T10:41:15+00:00,1903,Ashwini,1.0
mercury,nakshatra,,1903-05-25T21:22:30+00:00,1903,Revati,4.0
mercury,nakshatra,,1903-07-14T09:28:07.500000+00:00,1903,Ashwini,1.0
mercury,nakshatra,,1903-08-21T19:46:52.500000+00:00,1903,Revati,4.0
mercury,nakshatra,,1903-10-10T10:18:45+00:00,1903,Ashwini,1.0
mercury,nakshatra,,1903-11-17T16:41:15+00:00,1903,Revati,4.0
mercury,nakshatra,,1904-01-06T10:18:45+00:00,1904,Ashwini,1.0
mercury,nakshatra,,1904-02-13T16:30:00+00:00,1904,Revati,4.0
mercury,nakshatra,,1904-04-03T08:03:45+00:00,1904,Ashwini,1.0
mercury,nakshatra,,1904-05-11T18:11:15+00:00,1904,Revati,4.0
mercury,nakshatra,,1904-06-30T06:28:07.500000+00:00,1904,Ashwini,1.0
mercury,nakshatra,,1904-08-07T17:09:22.500000+00:00,1904,Revati,4.0
mercury,nakshatra,,1904-09-26T07:07:30+00:00,1904,Ashwini,1.0
mercury,nakshatra,,1904-11-03T13:58:07.500000+00:00,1904,Revati,4.0
mercury,nakshatra,,1904-12-23T07:24:22.500000+00:00,1904,Ashwini,1.0
mercury,nakshatra,,1905-01-30T13:18:45+00:00,1905,Revati,4.0
mercury,nakshatra,,1905-03-21T05:20:37.500000+00:00,1905,Ashwini,1.0
mercury,nakshatra,,1905-04-28T15:00:00+00:00,1905,Revati,4.0
mercury,nakshatra,,1905-06-17T03:28:07.500000+00:00,1905,Ashwini,1.0
mercury,nakshatra,,1905-07-25T14:26:15+00:00,1905,Revati,4.0
mercury,nakshatra,,1905-09-13T03:56:15+00:00,1905,Ashwini,1.0
mercury,nakshatra,,1905-10-21T11:15:00+00:00,1905,Revati,4.0
mercury,nakshatra,,1905-12-10T04:30:00+00:00,1905,Ashwini,1.0
mercury,nakshatra,,1906-01-17T10:01:52.500000+00:00,1906,Revati,4.0
mercury,nakshatra,,1906-03-08T02:43:07.500000+00:00,1906,Ashwini,1.0
mercury,nakshatra,,1906-04-15T11:37:30+00:00,1906,Revati,4.0
mercury,nakshatra,,1906-06-04T00:33:45+00:00,1906,Ashwini,1.0
mercury,nakshatra,,1906-07-12T11:37:30+00:00,1906,Revati,4.0
mercury,nakshatra,,1906-08-31T00:39:22.500000+00:00,1906,Ashwini,1.0
mercury,nakshatra,,1906-10-08T08:43:07.500000+00:00,1906,Revati,4.0
mercury,nakshatra,,1906-11-27T01:24:22.500000+00:00,1906,Ashwini,1.0
mercury,nakshatra,,1907-01-04T06:56:15+00:00,1907,Revati,4.0
mercury,nakshatra,,1907-02-23T00:00:00+00:00,1907,Ashwini,1.0
mercury,nakshatra,,1907-04-02T08:20:37.500000+00:00,1907,Revati,4.0
mercury,nakshatra,,1907-05-21T21:39:22.500000+00:00,1907,Ashwini,1.0
mercury,nakshatra,,1907-06-29T08:48:45+00:00,1907,Revati,4.0
mercury,nakshatra,,1907-08-17T21:28:07.500000+00:00,1907,Ashwini,1.0
mercury,nakshatra,,1907-09-25T06:05:37.500000+00:00,1907,Revati,4.0
mercury,nakshatra,,1907-11-13T22:18:45+00:00,1907,Ashwini,1.0
mercury,nakshatra,,1907-12-22T03:50:37.500000+00:00,1907,Revati,4.0
mercury,nakshatra,,1908-02-09T21:16:52.500000+00:00,1908,Ashwini,1.0
mercury,nakshatra,,1908-03-19T04:58:07.500000+00:00,1908,Revati,4.0
mercury,nakshatra,,1908-05-07T18:56:15+00:00,1908,Ashwini,1.0
mercury,nakshatra,,1908-06-15T05:48:45+00:00,1908,Revati,4.0
mercury,nakshatra,,1908-08-03T18:16:52.500000+00:00,1908,Ashwini,1.0
mercury,nakshatra,,1908-09-11T03:33:45+00:00,1908,Revati,4.0
mercury,nakshatra,,1908-10-30T19:07:30+00:00,1908,Ashwini,1.0
mercury,nakshatra,,1908-12-08T00:56:15+00:00,1908,Revati,4.0
mercury,nakshatra,,1909-01-26T18:33:45+00:00,1909,Ashwini,1.0
mercury,nakshatra,,1909-03-06T01:35:37.500000+00:00,1909,Revati,4.0
mercury,nakshatra,,1909-04-24T16:07:30+00:00,1909,Ashwini,1.0
mercury,nakshatra,,1909-06-02T02:48:45+00:00,1909,Revati,4.0
mercury,nakshatra,,1909-07-21T15:05:37.500000+00:00,1909,Ashwini,1.0
mercury,nakshatra,,1909-08-29T00:56:15+00:00,1909,Revati,4.0
mercury,nakshatra,,1909-10-17T16:01:52.500000+00:00,1909,Ashwini,1.0
mercury,nakshatra,,1909-11-24T22:07:30+00:00,1909,Revati,4.0
mercury,nakshatra,,1910-01-13T15:45:00+00:00,1910,Ashwini,1.0
mercury,nakshatra,,1910-02-20T22:13:07.500000+00:00,1910,Revati,4.0
mercury,nakshatra,,1910-04-11T13:30:00+00:00,1910,Ashwini,1.0
mercury,nakshatra,,1910-05-19T23:43:07.500000+00:00,1910,Revati,4.0
mercury,nakshatra,,1910-07-08T12:05:37.500000+00:00,1910,Ashwini,1.0
mercury,nakshatra,,1910-08-15T22:24:22.500000+00:00,1910,Revati,4.0
mercury,nakshatra,,1910-10-04T12:45:00+00:00,1910,Ashwini,1.0
mercury,nakshatra,,1910-11-11T19:18:45+00:00,1910,Revati,4.0
mercury,nakshatra,,1910-12-31T12:50:37.500000+00:00,1910,Ashwini,1.0
mercury,nakshatra,,1911-02-07T18:56:15+00:00,1911,Revati,4.0
mercury,nakshatra,,1911-03-29T10:46:52.500000+00:00,1911,Ashwini,1.0
mercury,nakshatra,,1911-05-06T20:31:52.500000+00:00,1911,Revati,4.0
mercury,nakshatra,,1911-06-25T09:05:37.500000+00:00,1911,Ashwini,1.0
mercury,nakshatra,,1911-08-02T19:41:15+00:00,1911,Revati,4.0
mercury,nakshatra,,1911-09-21T09:33:45+00:00,1911,Ashwini,1.0
mercury,nakshatra,,1911-10-29T16:41:15+00:00,1911,Revati,4.0
mercury,nakshatra,,1911-12-18T09:56:15+00:00,1911,Ashwini,1.0
mercury,nakshatra,,1912-01-25T15:45:00+00:00,1912,Revati,4.0
mercury,nakshatra,,1912-03-15T08:03:45+00:00,1912,Ashwini,1.0
mercury,nakshatra,,1912-04-22T17:15:00+00:00,1912,Revati,4.0
mercury,nakshatra,,1912-06-11T06:11:15+00:00,1912,Ashwini,1.0
mercury,nakshatra,,1912-07-19T16:52:30+00:00,1912,Revati,4.0
mercury,nakshatra,,1912-09-07T06:22:30+00:00,1912,Ashwini,1.0
mercury,nakshatra,,1912-10-15T13:58:07.500000+00:00,1912,Revati,4.0
mercury,nakshatra,,1912-12-04T06:56:15+00:00,1912,Ashwini,1.0
mercury,nakshatra,,1913-01-11T12:33:45+00:00,1913,Revati,4.0
mercury,nakshatra,,1913-03-02T05:20:37.500000+00:00,1913,Ashwini,1.0
mercury,nakshatra,,1913-04-09T13:58:07.500000+00:00,1913,Revati,4.0
mercury,nakshatra,,1913-05-29T03:16:52.500000+00:00,1913,Ashwini,1.0
mercury,nakshatra,,1913-07-06T14:03:45+00:00,1913,Revati,4.0
mercury,nakshatra,,1913-08-25T03:11:15+00:00,1913,Ashwini,1.0
mercury,nakshatra,,1913-10-02T11:20:37.500000+00:00,1913,Revati,4.0
mercury,nakshatra,,1913-11-21T03:50:37.500000+00:00,1913,Ashwini,1.0
mercury,nakshatra,,1913-12-29T09:28:07.500000+00:00,1913,Revati,4.0
mercury,nakshatra,,1914-02-17T02:37:30+00:00,1914,Ashwini,1.0
mercury,nakshatra,,1914-03-27T10:35:37.500000+00:00,1914,Revati,4.0
mercury,nakshatra,,1914-05-16T00:28:07.500000+00:00,1914,Ashwini,1.0
mercury,nakshatra,,1914-06-23T11:15:00+00:00,1914,Revati,4.0
mercury,nakshatra,,1914-08-12T00:00:00+00:00,1914,Ashwini,1.0
mercury,nakshatra,,1914-09-19T08:48:45+00:00,1914,Revati,4.0
mercury,nakshatra,,1914-11-08T00:45:00+00:00,1914,Ashwini,1.0
mercury,nakshatra,,1914-12-16T06:28:07.500000+00:00,1914,Revati,4.0
mercury,nakshatra,,1915-02-03T23:54:22.500000+00:00,1915,Ashwini,1.0
mercury,nakshatra,,1915-03-14T07:18:45+00:00,1915,Revati,4.0
mercury,nakshatra,,1915-05-02T21:39:22.500000+00:00,1915,Ashwini,1.0
mercury,nakshatra,,1915-06-10T08:15:00+00:00,1915,Revati,4.0
mercury,nakshatra,,1915-07-29T20:54:22.500000+00:00,1915,Ashwini,1.0
mercury,nakshatra,,1915-09-06T06:11:15+00:00,1915,Revati,4.0
mercury,nakshatra,,1915-10-25T21:33:45+00:00,1915,Ashwini,1.0
mercury,nakshatra,,1915-12-03T03:33:45+00:00,1915,Revati,4.0
mercury,nakshatra,,1916-01-21T21:05:37.500000+00:00,1916,Ashwini,1.0
mercury,nakshatra,,1916-02-29T03:56:15+00:00,1916,Revati,4.0
mercury,nakshatra,,1916-04-18T18:56:15+00:00,1916,Ashwini,1.0
mercury,nakshatra,,1916-05-27T05:09:22.500000+00:00,1916,Revati,4.0
mercury,nakshatra,,1916-07-15T17:48:45+00:00,1916,Ashwini,1.0
mercury,nakshatra,,1916-08-23T03:39:22.500000+00:00,1916,Revati,4.0
mercury,nakshatra,,1916-10-11T18:28:07.500000+00:00,1916,Ashwini,1.0
mercury,nakshatra,,1916-11-19T00:45:00+00:00,1916,Revati,4.0
mercury,nakshatra,,1917-01-07T18:16:52.500000+00:00,1917,Ashwini,1.0
mercury,nakshatra,,1917-02-15T00:39:22.500000+00:00,1917,Revati,4.0
mercury,nakshatra,,1917-04-05T16:13:07.500000+00:00,1917,Ashwini,1.0
mercury,nakshatra,,1917-05-14T01:58:07.500000+00:00,1917,Revati,4.0
mercury,nakshatra,,1917-07-02T14:48:45+00:00,1917,Ashwini,1.0
mercury,nakshatra,,1917-08-10T00:56:15+00:00,1917,Revati,4.0
mercury,nakshatra,,1917-09-28T15:16:52.500000+00:00,1917,Ashwini,1.0
mercury,nakshatra,,1917-11-05T22:01:52.500000+00:00,1917,Revati,4.0
mercury,nakshatra,,1917-12-25T15:22:30+00:00,1917,Ashwini,1.0
mercury,nakshatra,,1918-02-01T21:22:30+00:00,1918,Revati,4.0
mercury,nakshatra,,1918-03-23T13:30:00+00:00,1918,Ashwini,1.0
mercury,nakshatra,,1918-04-30T22:46:52.500000+00:00,1918,Revati,4.0
mercury,nakshatra,,1918-06-19T11:48:45+00:00,1918,Ashwini,1.0
mercury,nakshatra,,1918-07-27T22:13:07.500000+00:00,1918,Revati,4.0
mercury,nakshatra,,1918-09-15T12:00:00+00:00,1918,Ashwini,1.0
mercury,nakshatra,,1918-10-23T19:18:45+00:00,1918,Revati,4.0
mercury,nakshatra,,1918-12-12T12:22:30+00:00,1918,Ashwini,1.0
mercury,nakshatra,,1919-01-19T18:11:15+00:00,1919,Revati,4.0
mercury,nakshatra,,1919-03-10T10:46:52.500000+00:00,1919,Ashwini,1.0
mercury,nakshatra,,1919-04-17T19:30:00+00:00,1919,Revati,4.0
mercury,nakshatra,,1919-06-06T08:48:45+00:00,1919,Ashwini,1.0
mercury,nakshatra,,1919-07-14T19:24:22.500000+00:00,1919,Revati,4.0
mercury,nakshatra,,1919-09-02T08:48:45+00:00,1919,Ashwini,1.0
mercury,nakshatra,,1919-10-10T16:41:15+00:00,1919,Revati,4.0
mercury,nakshatra,,1919-11-29T09:22:30+00:00,1919,Ashwini,1.0
mercury,nakshatra,,1920-01-06T15:05:37.500000+00:00,1920,Revati,4.0
mercury,nakshatra,,1920-02-25T08:03:45+00:00,1920,Ashwini,1.0
mercury,nakshatra,,1920-04-03T16:13:07.500000+00:00,1920,Revati,4.0
mercury,nakshatra,,1920-05-23T06:00:00+00:00,1920,Ashwini,1.0
mercury,nakshatra,,1920-06-30T16:30:00+00:00,1920,Revati,4.0
mercury,nakshatra,,1920-08-19T05:43:07.500000+00:00,1920,Ashwini,1.0
mercury,nakshatra,,1920-09-26T14:09:22.500000+00:00,1920,Revati,4.0
mercury,nakshatra,,1920-11-15T06:16:52.500000+00:00,1920,Ashwini,1.0
mercury,nakshatra,,1920-12-23T12:05:37.500000+00:00,1920,Revati,4.0
mercury,nakshatra,,1921-02-11T05:20:37.500000+00:00,1921,Ashwini,1.0
mercury,nakshatra,,1921-03-21T12:56:15+00:00,1921,Revati,4.0
mercury,nakshatra,,1921-05-10T03:11:15+00:00,1921,Ashwini,1.0
mercury,nakshatra,,1921-06-17T13:35:37.500000+00:00,1921,Revati,4.0
mercury,nakshatra,,1921-08-06T02:31:52.500000+00:00,1921,Ashwini,1.0
mercury,nakshatra,,1921-09-13T11:31:52.500000+00:00,1921,Revati,4.0
mercury,nakshatra,,1921-11-02T03:11:15+00:00,1921,Ashwini,1.0
mercury,nakshatra,,1921-12-10T09:11:15+00:00,1921,Revati,4.0
mercury,nakshatra,,1922-01-29T02:31:52.500000+00:00,1922,Ashwini,1.0
mercury,nakshatra,,1922-03-08T09:39:22.500000+00:00,1922,Revati,4.0
mercury,nakshatra,,1922-04-27T00:22:30+00:00,1922,Ashwini,1.0
mercury,nakshatra,,1922-06-04T10:30:00+00:00,1922,Revati,4.0
mercury,nakshatra,,1922-07-23T23:26:15+00:00,1922,Ashwini,1.0
mercury,nakshatra,,1922-08-31T08:54:22.500000+00:00,1922,Revati,4.0
mercury,nakshatra,,1922-10-20T00:05:37.500000+00:00,1922,Ashwini,1.0
mercury,nakshatra,,1922-11-27T06:16:52.500000+00:00,1922,Revati,4.0
mercury,nakshatra,,1923-01-15T23:37:30+00:00,1923,Ashwini,1.0
mercury,nakshatra,,1923-02-23T06:22:30+00:00,1923,Revati,4.0
mercury,nakshatra,,1923-04-13T21:39:22.500000+00:00,1923,Ashwini,1.0
mercury,nakshatra,,1923-05-22T07:24:22.500000+00:00,1923,Revati,4.0
mercury,nakshatra,,1923-07-10T20:26:15+00:00,1923,Ashwini,1.0
mercury,nakshatra,,1923-08-18T06:11:15+00:00,1923,Revati,4.0
mercury,nakshatra,,1923-10-06T20:54:22.500000+00:00,1923,Ashwini,1.0
mercury,nakshatra,,1923-11-14T03:28:07.500000+00:00,1923,Revati,4.0
mercury,nakshatra,,1924-01-02T20:48:45+00:00,1924,Ashwini,1.0
mercury,nakshatra,,1924-02-10T03:05:37.500000+00:00,1924,Revati,4.0
mercury,nakshatra,,1924-03-30T18:50:37.500000+00:00,1924,Ashwini,1.0
mercury,nakshatra,,1924-05-08T04:18:45+00:00,1924,Revati,4.0
mercury,nakshatra,,1924-06-26T17:26:15+00:00,1924,Ashwini,1.0
mercury,nakshatra,,1924-08-04T03:28:07.500000+00:00,1924,Revati,4.0
mercury,nakshatra,,1924-09-22T17:43:07.500000+00:00,1924,Ashwini,1.0
mercury,nakshatra,,1924-10-31T00:45:00+00:00,1924,Revati,4.0
mercury,nakshatra,,1924-12-19T17:48:45+00:00,1924,Ashwini,1.0
mercury,nakshatra,,1925-01-26T23:54:22.500000+00:00,1925,Revati,4.0
mercury,nakshatra,,1925-03-17T16:07:30+00:00,1925,Ashwini,1.0
mercury,nakshatra,,1925-04-25T01:01:52.500000+00:00,1925,Revati,4.0
mercury,nakshatra,,1925-06-13T14:26:15+00:00,1925,Ashwini,1.0
mercury,nakshatra,,1925-07-22T00:39:22.500000+00:00,1925,Revati,4.0
mercury,nakshatra,,1925-09-09T14:31:52.500000+00:00,1925,Ashwini,1.0
mercury,nakshatra,,1925-10-17T22:01:52.500000+00:00,1925,Revati,4.0
mercury,nakshatra,,1925-12-06T14:54:22.500000+00:00,1925,Ashwini,1.0
mercury,nakshatra,,1926-01-13T20:43:07.500000+00:00,1926,Revati,4.0
mercury,nakshatra,,1926-03-04T13:24:22.500000+00:00,1926,Ashwini,1.0
mercury,nakshatra,,1926-04-11T21:50:37.500000+00:00,1926,Revati,4.0
mercury,nakshatra,,1926-05-31T11:31:52.500000+00:00,1926,Ashwini,1.0
mercury,nakshatra,,1926-07-08T21:50:37.500000+00:00,1926,Revati,4.0
mercury,nakshatra,,1926-08-27T11:26:15+00:00,1926,Ashwini,1.0
mercury,nakshatra,,1926-10-04T19:24:22.500000+00:00,1926,Revati,4.0
mercury,nakshatra,,1926-11-23T11:48:45+00:00,1926,Ashwini,1.0
mercury,nakshatra,,1926-12-31T17:43:07.500000+00:00,1926,Revati,4.0
mercury,nakshatra,,1927-02-19T10:41:15+00:00,1927,Ashwini,1.0
mercury,nakshatra,,1927-03-29T18:33:45+00:00,1927,Revati,4.0
mercury,nakshatra,,1927-05-18T08:43:07.500000+00:00,1927,Ashwini,1.0
mercury,nakshatra,,1927-06-25T18:56:15+00:00,1927,Revati,4.0
mercury,nakshatra,,1927-08-14T08:15:00+00:00,1927,Ashwini,1.0
mercury,nakshatra,,1927-09-21T16:46:52.500000+00:00,1927,Revati,4.0
mercury,nakshatra,,1927-11-10T08:48:45+00:00,1927,Ashwini,1.0
mercury,nakshatra,,1927-12-18T14:48:45+00:00,1927,Revati,4.0
mercury,nakshatra,,1928-02-06T07:52:30+00:00,1928,Ashwini,1.0
mercury,nakshatra,,1928-03-15T15:16:52.500000+00:00,1928,Revati,4.0
mercury,nakshatra,,1928-05-04T05:54:22.500000+00:00,1928,Ashwini,1.0
mercury,nakshatra,,1928-06-11T15:56:15+00:00,1928,Revati,4.0
mercury,nakshatra,,1928-07-31T05:09:22.500000+00:00,1928,Ashwini,1.0
mercury,nakshatra,,1928-09-07T14:09:22.500000+00:00,1928,Revati,4.0
mercury,nakshatra,,1928-10-27T05:43:07.500000+00:00,1928,Ashwini,1.0
mercury,nakshatra,,1928-12-04T11:54:22.500000+00:00,1928,Revati,4.0
mercury,nakshatra,,1929-01-23T05:03:45+00:00,1929,Ashwini,1.0
mercury,nakshatra,,1929-03-02T12:00:00+00:00,1929,Revati,4.0
mercury,nakshatra,,1929-04-21T03:05:37.500000+00:00,1929,Ashwini,1.0
mercury,nakshatra,,1929-05-29T12:50:37.500000+00:00,1929,Revati,4.0
mercury,nakshatra,,1929-07-18T02:03:45+00:00,1929,Ashwini,1.0
mercury,nakshatra,,1929-08-25T11:26:15+00:00,1929,Revati,4.0
mercury,nakshatra,,1929-10-14T02:31:52.500000+00:00,1929,Ashwini,1.0
mercury,nakshatra,,1929-11-21T09:00:00+00:00,1929,Revati,4.0
mercury,nakshatra,,1930-01-10T02:15:00+00:00,1930,Ashwini,1.0
mercury,nakshatra,,1930-02-17T08:48:45+00:00,1930,Revati,4.0
mercury,nakshatra,,1930-04-08T00:16:52.500000+00:00,1930,Ashwini,1.0
mercury,nakshatra,,1930-05-16T09:45:00+00:00,1930,Revati,4.0
mercury,nakshatra,,1930-07-04T23:03:45+00:00,1930,Ashwini,1.0
mercury,nakshatra,,1930-08-12T08:37:30+00:00,1930,Revati,4.0
mercury,nakshatra,,1930-09-30T23:26:15+00:00,1930,Ashwini,1.0
mercury,nakshatra,,1930-11-08T06:11:15+00:00,1930,Revati,4.0
mercury,nakshatra,,1930-12-27T23:20:37.500000+00:00,1930,Ashwini,1.0
mercury,nakshatra,,1931-02-04T05:37:30+00:00,1931,Revati,4.0
mercury,nakshatra,,1931-03-25T21:33:45+00:00,1931,Ashwini,1.0
mercury,nakshatra,,1931-05-03T06:33:45+00:00,1931,Revati,4.0
mercury,nakshatra,,1931-06-21T20:03:45+00:00,1931,Ashwini,1.0
mercury,nakshatra,,1931-07-30T05:54:22.500000+00:00,1931,Revati,4.0
mercury,nakshatra,,1931-09-17T20:15:00+00:00,1931,Ashwini,1.0
mercury,nakshatra,,1931-10-26T03:28:07.500000+00:00,1931,Revati,4.0
mercury,nakshatra,,1931-12-14T20:26:15+00:00,1931,Ashwini,1.0
mercury,nakshatra,,1932-01-22T02:26:15+00:00,1932,Revati,4.0
mercury,nakshatra,,1932-03-11T18:50:37.500000+00:00,1932,Ashwini,1.0
mercury,nakshatra,,1932-04-19T03:22:30+00:00,1932,Revati,4.0
mercury,nakshatra,,1932-06-07T17:09:22.500000+00:00,1932,Ashwini,1.0
mercury,nakshatra,,1932-07-16T03:05:37.500000+00:00,1932,Revati,4.0
mercury,nakshatra,,1932-09-03T17:03:45+00:00,1932,Ashwini,1.0
mercury,nakshatra,,1932-10-12T00:45:00+00:00,1932,Revati,4.0
mercury,nakshatra,,1932-11-30T17:20:37.500000+00:00,1932,Ashwini,1.0
mercury,nakshatra,,1933-01-07T23:20:37.500000+00:00,1933,Revati,4.0
mercury,nakshatra,,1933-02-26T16:07:30+00:00,1933,Ashwini,1.0
mercury,nakshatra,,1933-04-06T00:11:15+00:00,1933,Revati,4.0
mercury,nakshatra,,1933-05-25T14:15:00+00:00,1933,Ashwini,1.0
mercury,nakshatra,,1933-07-03T00:11:15+00:00,1933,Revati,4.0
mercury,nakshatra,,1933-08-21T13:58:07.500000+00:00,1933,Ashwini,1.0
mercury,nakshatra,,1933-09-28T22:01:52.500000+00:00,1933,Revati,4.0
mercury,nakshatra,,1933-11-17T14:20:37.500000+00:00,1933,Ashwini,1.0
mercury,nakshatra,,1933-12-25T20:20:37.500000+00:00,1933,Revati,4.0
mercury,nakshatra,,1934-02-13T13:18:45+00:00,1934,Ashwini,1.0
mercury,nakshatra,,1934-03-23T20:54:22.500000+00:00,1934,Revati,4.0
mercury,nakshatra,,1934-05-12T11:26:15+00:00,1934,Ashwini,1.0
mercury,nakshatra,,1934-06-19T21:16:52.500000+00:00,1934,Revati,4.0
mercury,nakshatra,,1934-08-08T10:46:52.500000+00:00,1934,Ashwini,1.0
mercury,nakshatra,,1934-09-15T19:24:22.500000+00:00,1934,Revati,4.0
mercury,nakshatra,,1934-11-04T11:15:00+00:00,1934,Ashwini,1.0
mercury,nakshatra,,1934-12-12T17:20:37.500000+00:00,1934,Revati,4.0
mercury,nakshatra,,1935-01-31T10:30:00+00:00,1935,Ashwini,1.0
mercury,nakshatra,,1935-03-10T17:43:07.500000+00:00,1935,Revati,4.0
mercury,nakshatra,,1935-04-29T08:37:30+00:00,1935,Ashwini,1.0
mercury,nakshatra,,1935-06-06T18:16:52.500000+00:00,1935,Revati,4.0
mercury,nakshatra,,1935-07-26T07:46:52.500000+00:00,1935,Ashwini,1.0
mercury,nakshatra,,1935-09-02T16:41:15+00:00,1935,Revati,4.0
mercury,nakshatra,,1935-10-22T08:09:22.500000+00:00,1935,Ashwini,1.0
mercury,nakshatra,,1935-11-29T14:31:52.500000+00:00,1935,Revati,4.0
mercury,nakshatra,,1936-01-18T07:41:15+00:00,1936,Ashwini,1.0
mercury,nakshatra,,1936-02-25T14:26:15+00:00,1936,Revati,4.0
mercury,nakshatra,,1936-04-15T05:48:45+00:00,1936,Ashwini,1.0
mercury,nakshatra,,1936-05-23T15:11:15+00:00,1936,Revati,4.0
mercury,nakshatra,,1936-07-12T04:41:15+00:00,1936,Ashwini,1.0
mercury,nakshatra,,1936-08-19T13:58:07.500000+00:00,1936,Revati,4.0
mercury,nakshatra,,1936-10-08T04:58:07.500000+00:00,1936,Ashwini,1.0
mercury,nakshatra,,1936-11-15T11:37:30+00:00,1936,Revati,4.0
mercury,nakshatra,,1937-01-04T04:46:52.500000+00:00,1937,Ashwini,1.0
mercury,nakshatra,,1937-02-11T11:15:00+00:00,1937,Revati,4.0
mercury,nakshatra,,1937-04-02T03:00:00+00:00,1937,Ashwini,1.0
mercury,nakshatra,,1937-05-10T12:05:37.500000+00:00,1937,Revati,4.0
mercury,nakshatra,,1937-06-29T01:41:15+00:00,1937,Ashwini,1.0
mercury,nakshatra,,1937-08-06T11:09:22.500000+00:00,1937,Revati,4.0
mercury,nakshatra,,1937-09-25T01:52:30+00:00,1937,Ashwini,1.0
mercury,nakshatra,,1937-11-02T08:48:45+00:00,1937,Revati,4.0
mercury,nakshatra,,1937-12-22T01:52:30+00:00,1937,Ashwini,1.0
mercury,nakshatra,,1938-01-29T08:09:22.500000+00:00,1938,Revati,4.0
mercury,nakshatra,,1938-03-20T00:16:52.500000+00:00,1938,Ashwini,1.0
mercury,nakshatra,,1938-04-27T09:00:00+00:00,1938,Revati,4.0
mercury,nakshatra,,1938-06-15T22:46:52.500000+00:00,1938,Ashwini,1.0
mercury,nakshatra,,1938-07-24T08:26:15+00:00,1938,Revati,4.0
mercury,nakshatra,,1938-09-11T22:46:52.500000+00:00,1938,Ashwini,1.0
mercury,nakshatra,,1938-10-20T06:05:37.500000+00:00,1938,Revati,4.0
mercury,nakshatra,,1938-12-08T22:52:30+00:00,1938,Ashwini,1.0
mercury,nakshatra,,1939-01-16T04:58:07.500000+00:00,1939,Revati,4.0
mercury,nakshatra,,1939-03-06T21:33:45+00:00,1939,Ashwini,1.0
mercury,nakshatra,,1939-04-14T05:48:45+00:00,1939,Revati,4.0
mercury,nakshatra,,1939-06-02T19:52:30+00:00,1939,Ashwini,1.0
mercury,nakshatra,,1939-07-11T05:31:52.500000+00:00,1939,Revati,4.0
mercury,nakshatra,,1939-08-29T19:35:37.500000+00:00,1939,Ashwini,1.0
mercury,nakshatra,,1939-10-07T03:22:30+00:00,1939,Revati,4.0
mercury,nakshatra,,1939-11-25T19:52:30+00:00,1939,Ashwini,1.0
mercury,nakshatra,,1940-01-03T01:58:07.500000+00:00,1940,Revati,4.0
mercury,nakshatra,,1940-02-21T18:45:00+00:00,1940,Ashwini,1.0
mercury,nakshatra,,1940-03-31T02:31:52.500000+00:00,1940,Revati,4.0
mercury,nakshatra,,1940-05-19T16:58:07.500000+00:00,1940,Ashwini,1.0
mercury,nakshatra,,1940-06-27T02:37:30+00:00,1940,Revati,4.0
mercury,nakshatra,,1940-08-15T16:30:00+00:00,1940,Ashwini,1.0
mercury,nakshatra,,1940-09-23T00:39:22.500000+00:00,1940,Revati,4.0
mercury,nakshatra,,1940-11-11T16:46:52.500000+00:00,1940,Ashwini,1.0
mercury,nakshatra,,1940-12-19T22:58:07.500000+00:00,1940,Revati,4.0
mercury,nakshatra,,1941-02-07T15:56:15+00:00,1941,Ashwini,1.0
mercury,nakshatra,,1941-03-17T23:20:37.500000+00:00,1941,Revati,4.0
mercury,nakshatra,,1941-05-06T14:09:22.500000+00:00,1941,Ashwini,1.0
mercury,nakshatra,,1941-06-13T23:37:30+00:00,1941,Revati,4.0
mercury,nakshatra,,1941-08-02T13:24:22.500000+00:00,1941,Ashwini,1.0
mercury,nakshatra,,1941-09-09T21:56:15+00:00,1941,Revati,4.0
mercury,nakshatra,,1941-10-29T13:41:15+00:00,1941,Ashwini,1.0
mercury,nakshatra,,1941-12-06T19:58:07.500000+00:00,1941,Revati,4.0
mercury,nakshatra,,1942-01-25T13:07:30+00:00,1942,Ashwini,1.0
mercury,nakshatra,,1942-03-04T20:03:45+00:00,1942,Revati,4.0
mercury,nakshatra,,1942-04-23T11:20:37.500000+00:00,1942,Ashwini,1.0
mercury,nakshatra,,1942-05-31T20:37:30+00:00,1942,Revati,4.0
mercury,nakshatra,,1942-07-20T10:24:22.500000+00:00,1942,Ashwini,1.0
mercury,nakshatra,,1942-08-27T19:13:07.500000+00:00,1942,Revati,4.0
mercury,nakshatra,,1942-10-16T10:35:37.500000+00:00,1942,Ashwini,1.0
mercury,nakshatra,,1942-11-23T17:09:22.500000+00:00,1942,Revati,4.0
mercury,nakshatra,,1943-01-12T10:13:07.500000+00:00,1943,Ashwini,1.0
mercury,nakshatra,,1943-02-19T16:52:30+00:00,1943,Revati,4.0
mercury,nakshatra,,1943-04-10T08:31:52.500000+00:00,1943,Ashwini,1.0
mercury,nakshatra,,1943-05-18T17:31:52.500000+00:00,1943,Revati,4.0
mercury,nakshatra,,1943-07-07T07:24:22.500000+00:00,1943,Ashwini,1.0
mercury,nakshatra,,1943-08-14T16:30:00+00:00,1943,Revati,4.0
mercury,nakshatra,,1943-10-03T07:30:00+00:00,1943,Ashwini,1.0
mercury,nakshatra,,1943-11-10T14:20:37.500000+00:00,1943,Revati,4.0
mercury,nakshatra,,1943-12-30T07:18:45+00:00,1943,Ashwini,1.0
mercury,nakshatra,,1944-02-06T13:46:52.500000+00:00,1944,Revati,4.0
mercury,nakshatra,,1944-03-27T05:48:45+00:00,1944,Ashwini,1.0
mercury,nakshatra,,1944-05-04T14:26:15+00:00,1944,Revati,4.0
mercury,nakshatra,,1944-06-23T04:24:22.500000+00:00,1944,Ashwini,1.0
mercury,nakshatra,,1944-07-31T13:41:15+00:00,1944,Revati,4.0
mercury,nakshatra,,1944-09-19T04:24:22.500000+00:00,1944,Ashwini,1.0
mercury,nakshatra,,1944-10-27T11:31:52.500000+00:00,1944,Revati,4.0
mercury,nakshatra,,1944-12-16T04:18:45+00:00,1944,Ashwini,1.0
mercury,nakshatra,,1945-01-23T10:35:37.500000+00:00,1945,Revati,4.0
mercury,nakshatra,,1945-03-14T03:00:00+00:00,1945,Ashwini,1.0
mercury,nakshatra,,1945-04-21T11:15:00+00:00,1945,Revati,4.0
mercury,nakshatra,,1945-06-10T01:30:00+00:00,1945,Ashwini,1.0
mercury,nakshatra,,1945-07-18T10:52:30+00:00,1945,Revati,4.0
mercury,nakshatra,,1945-09-06T01:13:07.500000+00:00,1945,Ashwini,1.0
mercury,nakshatra,,1945-10-14T08:48:45+00:00,1945,Revati,4.0
mercury,nakshatra,,1945-12-03T01:18:45+00:00,1945,Ashwini,1.0
mercury,nakshatra,,1946-01-10T07:35:37.500000+00:00,1946,Revati,4.0
mercury,nakshatra,,1946-03-01T00:11:15+00:00,1946,Ashwini,1.0
mercury,nakshatra,,1946-04-08T08:03:45+00:00,1946,Revati,4.0
mercury,nakshatra,,1946-05-27T22:35:37.500000+00:00,1946,Ashwini,1.0
mercury,nakshatra,,1946-07-05T07:58:07.500000+00:00,1946,Revati,4.0
mercury,nakshatra,,1946-08-23T22:07:30+00:00,1946,Ashwini,1.0
mercury,nakshatra,,1946-10-01T06:05:37.500000+00:00,1946,Revati,4.0
mercury,nakshatra,,1946-11-19T22:18:45+00:00,1946,Ashwini,1.0
mercury,nakshatra,,1946-12-28T04:30:00+00:00,1946,Revati,4.0
mercury,nakshatra,,1947-02-15T21:16:52.500000+00:00,1947,Ashwini,1.0
mercury,nakshatra,,1947-03-26T04:52:30+00:00,1947,Revati,4.0
mercury,nakshatra,,1947-05-14T19:41:15+00:00,1947,Ashwini,1.0
mercury,nakshatra,,1947-06-22T04:58:07.500000+00:00,1947,Revati,4.0
mercury,nakshatra,,1947-08-10T19:07:30+00:00,1947,Ashwini,1.0
mercury,nakshatra,,1947-09-18T03:16:52.500000+00:00,1947,Revati,4.0
mercury,nakshatra,,1947-11-06T19:13:07.500000+00:00,1947,Ashwini,1.0
mercury,nakshatra,,1947-12-15T01:35:37.500000+00:00,1947,Revati,4.0
mercury,nakshatra,,1948-02-02T18:28:07.500000+00:00,1948,Ashwini,1.0
mercury,nakshatra,,1948-03-12T01:41:15+00:00,1948,Revati,4.0
mercury,nakshatra,,1948-04-30T16:52:30+00:00,1948,Ashwini,1.0
mercury,nakshatra,,1948-06-08T02:03:45+00:00,1948,Revati,4.0
mercury,nakshatra,,1948-07-27T16:01:52.500000+00:00,1948,Ashwini,1.0
mercury,nakshatra,,1948-09-04T00:33:45+00:00,1948,Revati,4.0
mercury,nakshatra,,1948-10-23T16:13:07.500000+00:00,1948,Ashwini,1.0
mercury,nakshatra,,1948-11-30T22:41:15+00:00,1948,Revati,4.0
mercury,nakshatra,,1949-01-19T15:39:22.500000+00:00,1949,Ashwini,1.0
mercury,nakshatra,,1949-02-26T22:30:00+00:00,1949,Revati,4.0
mercury,nakshatra,,1949-04-17T14:03:45+00:00,1949,Ashwini,1.0
mercury,nakshatra,,1949-05-25T22:58:07.500000+00:00,1949,Revati,4.0
mercury,nakshatra,,1949-07-14T13:01:52.500000+00:00,1949,Ashwini,1.0
mercury,nakshatra,,1949-08-21T21:50:37.500000+00:00,1949,Revati,4.0
mercury,nakshatra,,1949-10-10T13:07:30+00:00,1949,Ashwini,1.0
mercury,nakshatra,,1949-11-17T19:46:52.500000+00:00,1949,Revati,4.0
mercury,nakshatra,,1950-01-06T12:45:00+00:00,1950,Ashwini,1.0
mercury,nakshatra,,1950-02-13T19:18:45+00:00,1950,Revati,4.0
mercury,nakshatra,,1950-04-04T11:15:00+00:00,1950,Ashwini,1.0
mercury,nakshatra,,1950-05-12T19:52:30+00:00,1950,Revati,4.0
mercury,nakshatra,,1950-07-01T10:01:52.500000+00:00,1950,Ashwini,1.0
mercury,nakshatra,,1950-08-08T19:01:52.500000+00:00,1950,Revati,4.0
mercury,nakshatra,,1950-09-27T10:01:52.500000+00:00,1950,Ashwini,1.0
mercury,nakshatra,,1950-11-04T17:03:45+00:00,1950,Revati,4.0
mercury,nakshatra,,1950-12-24T09:50:37.500000+00:00,1950,Ashwini,1.0
mercury,nakshatra,,1951-01-31T16:13:07.500000+00:00,1951,Revati,4.0
mercury,nakshatra,,1951-03-22T08:26:15+00:00,1951,Ashwini,1.0
mercury,nakshatra,,1951-04-29T16:46:52.500000+00:00,1951,Revati,4.0
mercury,nakshatra,,1951-06-18T07:07:30+00:00,1951,Ashwini,1.0
mercury,nakshatra,,1951-07-26T16:13:07.500000+00:00,1951,Revati,4.0
mercury,nakshatra,,1951-09-14T06:50:37.500000+00:00,1951,Ashwini,1.0
mercury,nakshatra,,1951-10-22T14:15:00+00:00,1951,Revati,4.0
mercury,nakshatra,,1951-12-11T06:45:00+00:00,1951,Ashwini,1.0
mercury,nakshatra,,1952-01-18T13:13:07.500000+00:00,1952,Revati,4.0
mercury,nakshatra,,1952-03-08T05:37:30+00:00,1952,Ashwini,1.0
mercury,nakshatra,,1952-04-15T13:35:37.500000+00:00,1952,Revati,4.0
mercury,nakshatra,,1952-06-04T04:07:30+00:00,1952,Ashwini,1.0
mercury,nakshatra,,1952-07-12T13:18:45+00:00,1952,Revati,4.0
mercury,nakshatra,,1952-08-31T03:50:37.500000+00:00,1952,Ashwini,1.0
mercury,nakshatra,,1952-10-08T11:26:15+00:00,1952,Revati,4.0
mercury,nakshatra,,1952-11-27T03:45:00+00:00,1952,Ashwini,1.0
mercury,nakshatra,,1953-01-04T10:07:30+00:00,1953,Revati,4.0
mercury,nakshatra,,1953-02-23T02:43:07.500000+00:00,1953,Ashwini,1.0
mercury,nakshatra,,1953-04-02T10:24:22.500000+00:00,1953,Revati,4.0
mercury,nakshatra,,1953-05-22T01:18:45+00:00,1953,Ashwini,1.0
mercury,nakshatra,,1953-06-29T10:18:45+00:00,1953,Revati,4.0
mercury,nakshatra,,1953-08-18T00:45:00+00:00,1953,Ashwini,1.0
mercury,nakshatra,,1953-09-25T08:43:07.500000+00:00,1953,Revati,4.0
mercury,nakshatra,,1953-11-14T00:45:00+00:00,1953,Ashwini,1.0
mercury,nakshatra,,1953-12-22T07:13:07.500000+00:00,1953,Revati,4.0
mercury,nakshatra,,1954-02-09T23:54:22.500000+00:00,1954,Ashwini,1.0
mercury,nakshatra,,1954-03-20T07:18:45+00:00,1954,Revati,4.0
mercury,nakshatra,,1954-05-08T22:24:22.500000+00:00,1954,Ashwini,1.0
mercury,nakshatra,,1954-06-16T07:18:45+00:00,1954,Revati,4.0
mercury,nakshatra,,1954-08-04T21:45:00+00:00,1954,Ashwini,1.0
mercury,nakshatra,,1954-09-12T05:54:22.500000+00:00,1954,Revati,4.0
mercury,nakshatra,,1954-10-31T21:45:00+00:00,1954,Ashwini,1.0
mercury,nakshatra,,1954-12-09T04:13:07.500000+00:00,1954,Revati,4.0
mercury,nakshatra,,1955-01-27T21:00:00+00:00,1955,Ashwini,1.0
mercury,nakshatra,,1955-03-07T04:07:30+00:00,1955,Revati,4.0
mercury,nakshatra,,1955-04-25T19:35:37.500000+00:00,1955,Ashwini,1.0
mercury,nakshatra,,1955-06-03T04:18:45+00:00,1955,Revati,4.0
mercury,nakshatra,,1955-07-22T18:45:00+00:00,1955,Ashwini,1.0
mercury,nakshatra,,1955-08-30T03:05:37.500000+00:00,1955,Revati,4.0
mercury,nakshatra,,1955-10-18T18:39:22.500000+00:00,1955,Ashwini,1.0
mercury,nakshatra,,1955-11-26T01:24:22.500000+00:00,1955,Revati,4.0
mercury,nakshatra,,1956-01-14T18:11:15+00:00,1956,Ashwini,1.0
mercury,nakshatra,,1956-02-22T01:01:52.500000+00:00,1956,Revati,4.0
mercury,nakshatra,,1956-04-11T16:41:15+00:00,1956,Ashwini,1.0
mercury,nakshatra,,1956-05-20T01:18:45+00:00,1956,Revati,4.0
mercury,nakshatra,,1956-07-08T15:45:00+00:00,1956,Ashwini,1.0
mercury,nakshatra,,1956-08-16T00:16:52.500000+00:00,1956,Revati,4.0
mercury,nakshatra,,1956-10-04T15:39:22.500000+00:00,1956,Ashwini,1.0
mercury,nakshatra,,1956-11-11T22:30:00+00:00,1956,Revati,4.0
mercury,nakshatra,,1956-12-31T15:16:52.500000+00:00,1956,Ashwini,1.0
mercury,nakshatra,,1957-02-07T21:56:15+00:00,1957,Revati,4.0
mercury,nakshatra,,1957-03-29T13:52:30+00:00,1957,Ashwini,1.0
mercury,nakshatra,,1957-05-06T22:13:07.500000+00:00,1957,Revati,4.0
mercury,nakshatra,,1957-06-25T12:45:00+00:00,1957,Ashwini,1.0
mercury,nakshatra,,1957-08-02T21:28:07.500000+00:00,1957,Revati,4.0
mercury,nakshatra,,1957-09-21T12:33:45+00:00,1957,Ashwini,1.0
mercury,nakshatra,,1957-10-29T19:41:15+00:00,1957,Revati,4.0
mercury,nakshatra,,1957-12-18T12:16:52.500000+00:00,1957,Ashwini,1.0
mercury,nakshatra,,1958-01-25T18:50:37.500000+00:00,1958,Revati,4.0
mercury,nakshatra,,1958-03-16T11:03:45+00:00,1958,Ashwini,1.0
mercury,nakshatra,,1958-04-23T19:01:52.500000+00:00,1958,Revati,4.0
mercury,nakshatra,,1958-06-12T09:45:00+00:00,1958,Ashwini,1.0
mercury,nakshatra,,1958-07-20T18:33:45+00:00,1958,Revati,4.0
mercury,nakshatra,,1958-09-08T09:28:07.500000+00:00,1958,Ashwini,1.0
mercury,nakshatra,,1958-10-16T16:52:30+00:00,1958,Revati,4.0
mercury,nakshatra,,1958-12-05T09:16:52.500000+00:00,1958,Ashwini,1.0
mercury,nakshatra,,1959-01-12T15:45:00+00:00,1959,Revati,4.0
mercury,nakshatra,,1959-03-03T08:09:22.500000+00:00,1959,Ashwini,1.0
mercury,nakshatra,,1959-04-10T15:56:15+00:00,1959,Revati,4.0
mercury,nakshatra,,1959-05-30T06:50:37.500000+00:00,1959,Ashwini,1.0
mercury,nakshatra,,1959-07-07T15:39:22.500000+00:00,1959,Revati,4.0
mercury,nakshatra,,1959-08-26T06:22:30+00:00,1959,Ashwini,1.0
mercury,nakshatra,,1959-10-03T14:03:45+00:00,1959,Revati,4.0
mercury,nakshatra,,1959-11-22T06:16:52.500000+00:00,1959,Ashwini,1.0
mercury,nakshatra,,1959-12-30T12:50:37.500000+00:00,1959,Revati,4.0
mercury,nakshatra,,1960-02-18T05:20:37.500000+00:00,1960,Ashwini,1.0
mercury,nakshatra,,1960-03-27T12:50:37.500000+00:00,1960,Revati,4.0
mercury,nakshatra,,1960-05-16T03:56:15+00:00,1960,Ashwini,1.0
mercury,nakshatra,,1960-06-23T12:39:22.500000+00:00,1960,Revati,4.0
mercury,nakshatra,,1960-08-12T03:22:30+00:00,1960,Ashwini,1.0
mercury,nakshatra,,1960-09-19T11:15:00+00:00,1960,Revati,4.0
mercury,nakshatra,,1960-11-08T03:16:52.500000+00:00,1960,Ashwini,1.0
mercury,nakshatra,,1960-12-16T09:50:37.500000+00:00,1960,Revati,4.0
mercury,nakshatra,,1961-02-04T02:31:52.500000+00:00,1961,Ashwini,1.0
mercury,nakshatra,,1961-03-14T09:45:00+00:00,1961,Revati,4.0
mercury,nakshatra,,1961-05-03T01:07:30+00:00,1961,Ashwini,1.0
mercury,nakshatra,,1961-06-10T09:39:22.500000+00:00,1961,Revati,4.0
mercury,nakshatra,,1961-07-30T00:22:30+00:00,1961,Ashwini,1.0
mercury,nakshatra,,1961-09-06T08:26:15+00:00,1961,Revati,4.0
mercury,nakshatra,,1961-10-26T00:16:52.500000+00:00,1961,Ashwini,1.0
mercury,nakshatra,,1961-12-03T06:56:15+00:00,1961,Revati,4.0
mercury,nakshatra,,1962-01-21T23:37:30+00:00,1962,Ashwini,1.0
mercury,nakshatra,,1962-03-01T06:39:22.500000+00:00,1962,Revati,4.0
mercury,nakshatra,,1962-04-19T22:13:07.500000+00:00,1962,Ashwini,1.0
mercury,nakshatra,,1962-05-28T06:39:22.500000+00:00,1962,Revati,4.0
mercury,nakshatra,,1962-07-16T21:16:52.500000+00:00,1962,Ashwini,1.0
mercury,nakshatra,,1962-08-24T05:37:30+00:00,1962,Revati,4.0
mercury,nakshatra,,1962-10-12T21:11:15+00:00,1962,Ashwini,1.0
mercury,nakshatra,,1962-11-20T04:01:52.500000+00:00,1962,Revati,4.0
mercury,nakshatra,,1963-01-08T20:43:07.500000+00:00,1963,Ashwini,1.0
mercury,nakshatra,,1963-02-16T03:33:45+00:00,1963,Revati,4.0
mercury,nakshatra,,1963-04-06T19:24:22.500000+00:00,1963,Ashwini,1.0
mercury,nakshatra,,1963-05-15T03:39:22.500000+00:00,1963,Revati,4.0
mercury,nakshatra,,1963-07-03T18:16:52.500000+00:00,1963,Ashwini,1.0
mercury,nakshatra,,1963-08-11T02:43:07.500000+00:00,1963,Revati,4.0
mercury,nakshatra,,1963-09-29T18:05:37.500000+00:00,1963,Ashwini,1.0
mercury,nakshatra,,1963-11-07T01:07:30+00:00,1963,Revati,4.0
mercury,nakshatra,,1963-12-26T17:43:07.500000+00:00,1963,Ashwini,1.0
mercury,nakshatra,,1964-02-03T00:28:07.500000+00:00,1964,Revati,4.0
mercury,nakshatra,,1964-03-23T16:30:00+00:00,1964,Ashwini,1.0
mercury,nakshatra,,1964-05-01T00:33:45+00:00,1964,Revati,4.0
mercury,nakshatra,,1964-06-19T15:22:30+00:00,1964,Ashwini,1.0
mercury,nakshatra,,1964-07-27T23:54:22.500000+00:00,1964,Revati,4.0
mercury,nakshatra,,1964-09-15T15:05:37.500000+00:00,1964,Ashwini,1.0
mercury,nakshatra,,1964-10-23T22:18:45+00:00,1964,Revati,4.0
mercury,nakshatra,,1964-12-12T14:48:45+00:00,1964,Ashwini,1.0
mercury,nakshatra,,1965-01-19T21:22:30+00:00,1965,Revati,4.0
mercury,nakshatra,,1965-03-10T13:41:15+00:00,1965,Ashwini,1.0
mercury,nakshatra,,1965-04-17T21:28:07.500000+00:00,1965,Revati,4.0
mercury,nakshatra,,1965-06-06T12:28:07.500000+00:00,1965,Ashwini,1.0
mercury,nakshatra,,1965-07-14T21:00:00+00:00,1965,Revati,4.0
mercury,nakshatra,,1965-09-02T12:00:00+00:00,1965,Ashwini,1.0
mercury,nakshatra,,1965-10-10T19:24:22.500000+00:00,1965,Revati,4.0
mercury,nakshatra,,1965-11-29T11:48:45+00:00,1965,Ashwini,1.0
mercury,nakshatra,,1966-01-06T18:22:30+00:00,1966,Revati,4.0
mercury,nakshatra,,1966-02-25T10:52:30+00:00,1966,Ashwini,1.0
mercury,nakshatra,,1966-04-04T18:22:30+00:00,1966,Revati,4.0
mercury,nakshatra,,1966-05-24T09:33:45+00:00,1966,Ashwini,1.0
mercury,nakshatra,,1966-07-01T18:05:37.500000+00:00,1966,Revati,4.0
mercury,nakshatra,,1966-08-20T09:00:00+00:00,1966,Ashwini,1.0
mercury,nakshatra,,1966-09-27T16:35:37.500000+00:00,1966,Revati,4.0
mercury,nakshatra,,1966-11-16T08:48:45+00:00,1966,Ashwini,1.0
mercury,nakshatra,,1966-12-24T15:22:30+00:00,1966,Revati,4.0
mercury,nakshatra,,1967-02-12T07:58:07.500000+00:00,1967,Ashwini,1.0
mercury,nakshatra,,1967-03-22T15:16:52.500000+00:00,1967,Revati,4.0
mercury,nakshatra,,1967-05-11T06:39:22.500000+00:00,1967,Ashwini,1.0
mercury,nakshatra,,1967-06-18T15:05:37.500000+00:00,1967,Revati,4.0
mercury,nakshatra,,1967-08-07T06:00:00+00:00,1967,Ashwini,1.0
mercury,nakshatra,,1967-09-14T13:46:52.500000+00:00,1967,Revati,4.0
mercury,nakshatra,,1967-11-03T05:48:45+00:00,1967,Ashwini,1.0
mercury,nakshatra,,1967-12-11T12:28:07.500000+00:00,1967,Revati,4.0
mercury,nakshatra,,1968-01-30T05:03:45+00:00,1968,Ashwini,1.0
mercury,nakshatra,,1968-03-08T12:11:15+00:00,1968,Revati,4.0
mercury,nakshatra,,1968-04-27T03:45:00+00:00,1968,Ashwini,1.0
mercury,nakshatra,,1968-06-04T12:05:37.500000+00:00,1968,Revati,4.0
mercury,nakshatra,,1968-07-24T02:54:22.500000+00:00,1968,Ashwini,1.0
mercury,nakshatra,,1968-08-31T10:58:07.500000+00:00,1968,Revati,4.0
mercury,nakshatra,,1968-10-20T02:43:07.500000+00:00,1968,Ashwini,1.0
mercury,nakshatra,,1968-11-27T09:33:45+00:00,1968,Revati,4.0
mercury,nakshatra,,1969-01-16T02:09:22.500000+00:00,1969,Ashwini,1.0
mercury,nakshatra,,1969-02-23T09:05:37.500000+00:00,1969,Revati,4.0
mercury,nakshatra,,1969-04-14T00:56:15+00:00,1969,Ashwini,1.0
mercury,nakshatra,,1969-05-22T09:00:00+00:00,1969,Revati,4.0
mercury,nakshatra,,1969-07-10T23:54:22.500000+00:00,1969,Ashwini,1.0
mercury,nakshatra,,1969-08-18T08:09:22.500000+00:00,1969,Revati,4.0
mercury,nakshatra,,1969-10-06T23:37:30+00:00,1969,Ashwini,1.0
mercury,nakshatra,,1969-11-14T06:39:22.500000+00:00,1969,Revati,4.0
mercury,nakshatra,,1970-01-02T23:09:22.500000+00:00,1970,Ashwini,1.0
mercury,nakshatra,,1970-02-10T06:00:00+00:00,1970,Revati,4.0
mercury,nakshatra,,1970-03-31T22:01:52.500000+00:00,1970,Ashwini,1.0
mercury,nakshatra,,1970-05-09T06:00:00+00:00,1970,Revati,4.0
mercury,nakshatra,,1970-06-27T21:00:00+00:00,1970,Ashwini,1.0
mercury,nakshatra,,1970-08-05T05:15:00+00:00,1970,Revati,4.0
mercury,nakshatra,,1970-09-23T20:37:30+00:00,1970,Ashwini,1.0
mercury,nakshatra,,1970-11-01T03:45:00+00:00,1970,Revati,4.0
mercury,nakshatra,,1970-12-20T20:15:00+00:00,1970,Ashwini,1.0
mercury,nakshatra,,1971-01-28T03:00:00+00:00,1971,Revati,4.0
mercury,nakshatra,,1971-03-18T19:13:07.500000+00:00,1971,Ashwini,1.0
mercury,nakshatra,,1971-04-26T03:00:00+00:00,1971,Revati,4.0
mercury,nakshatra,,1971-06-14T18:05:37.500000+00:00,1971,Ashwini,1.0
mercury,nakshatra,,1971-07-23T02:20:37.500000+00:00,1971,Revati,4.0
mercury,nakshatra,,1971-09-10T17:37:30+00:00,1971,Ashwini,1.0
mercury,nakshatra,,1971-10-19T00:56:15+00:00,1971,Revati,4.0
mercury,nakshatra,,1971-12-07T17:15:00+00:00,1971,Ashwini,1.0
mercury,nakshatra,,1972-01-15T00:00:00+00:00,1972,Revati,4.0
mercury,nakshatra,,1972-03-04T16:18:45+00:00,1972,Ashwini,1.0
mercury,nakshatra,,1972-04-11T23:54:22.500000+00:00,1972,Revati,4.0
mercury,nakshatra,,1972-05-31T15:11:15+00:00,1972,Ashwini,1.0
mercury,nakshatra,,1972-07-08T23:26:15+00:00,1972,Revati,4.0
mercury,nakshatra,,1972-08-27T14:37:30+00:00,1972,Ashwini,1.0
mercury,nakshatra,,1972-10-04T22:01:52.500000+00:00,1972,Revati,4.0
mercury,nakshatra,,1972-11-23T14:20:37.500000+00:00,1972,Ashwini,1.0
mercury,nakshatra,,1972-12-31T21:00:00+00:00,1972,Revati,4.0
mercury,nakshatra,,1973-02-19T13:24:22.500000+00:00,1973,Ashwini,1.0
mercury,nakshatra,,1973-03-29T20:48:45+00:00,1973,Revati,4.0
mercury,nakshatra,,1973-05-18T12:16:52.500000+00:00,1973,Ashwini,1.0
mercury,nakshatra,,1973-06-25T20:26:15+00:00,1973,Revati,4.0
mercury,nakshatra,,1973-08-14T11:37:30+00:00,1973,Ashwini,1.0
mercury,nakshatra,,1973-09-21T19:13:07.500000+00:00,1973,Revati,4.0
mercury,nakshatra,,1973-11-10T11:15:00+00:00,1973,Ashwini,1.0
mercury,nakshatra,,1973-12-18T18:00:00+00:00,1973,Revati,4.0
mercury,nakshatra,,1974-02-06T10:30:00+00:00,1974,Ashwini,1.0
mercury,nakshatra,,1974-03-16T17:43:07.500000+00:00,1974,Revati,4.0
mercury,nakshatra,,1974-05-05T09:22:30+00:00,1974,Ashwini,1.0
mercury,nakshatra,,1974-06-12T17:26:15+00:00,1974,Revati,4.0
mercury,nakshatra,,1974-08-01T08:31:52.500000+00:00,1974,Ashwini,1.0
mercury,nakshatra,,1974-09-08T16:24:22.500000+00:00,1974,Revati,4.0
mercury,nakshatra,,1974-10-28T08:15:00+00:00,1974,Ashwini,1.0
mercury,nakshatra,,1974-12-05T15:05:37.500000+00:00,1974,Revati,4.0
mercury,nakshatra,,1975-01-24T07:35:37.500000+00:00,1975,Ashwini,1.0
mercury,nakshatra,,1975-03-03T14:37:30+00:00,1975,Revati,4.0
mercury,nakshatra,,1975-04-22T06:28:07.500000+00:00,1975,Ashwini,1.0
mercury,nakshatra,,1975-05-30T14:26:15+00:00,1975,Revati,4.0
mercury,nakshatra,,1975-07-19T05:37:30+00:00,1975,Ashwini,1.0
mercury,nakshatra,,1975-08-26T13:30:00+00:00,1975,Revati,4.0
mercury,nakshatra,,1975-10-15T05:09:22.500000+00:00,1975,Ashwini,1.0
mercury,nakshatra,,1975-11-22T12:11:15+00:00,1975,Revati,4.0
mercury,nakshatra,,1976-01-11T04:35:37.500000+00:00,1976,Ashwini,1.0
mercury,nakshatra,,1976-02-18T11:37:30+00:00,1976,Revati,4.0
mercury,nakshatra,,1976-04-08T03:33:45+00:00,1976,Ashwini,1.0
mercury,nakshatra,,1976-05-16T11:26:15+00:00,1976,Revati,4.0
mercury,nakshatra,,1976-07-05T02:37:30+00:00,1976,Ashwini,1.0
mercury,nakshatra,,1976-08-12T10:35:37.500000+00:00,1976,Revati,4.0
mercury,nakshatra,,1976-10-01T02:09:22.500000+00:00,1976,Ashwini,1.0
mercury,nakshatra,,1976-11-08T09:16:52.500000+00:00,1976,Revati,4.0
mercury,nakshatra,,1976-12-28T01:41:15+00:00,1976,Ashwini,1.0
mercury,nakshatra,,1977-02-04T08:31:52.500000+00:00,1977,Revati,4.0
mercury,nakshatra,,1977-03-26T00:39:22.500000+00:00,1977,Ashwini,1.0
mercury,nakshatra,,1977-05-03T08:20:37.500000+00:00,1977,Revati,4.0
mercury,nakshatra,,1977-06-21T23:43:07.500000+00:00,1977,Ashwini,1.0
mercury,nakshatra,,1977-07-30T07:41:15+00:00,1977,Revati,4.0
mercury,nakshatra,,1977-09-17T23:15:00+00:00,1977,Ashwini,1.0
mercury,nakshatra,,1977-10-26T06:22:30+00:00,1977,Revati,4.0
mercury,nakshatra,,1977-12-14T22:46:52.500000+00:00,1977,Ashwini,1.0
mercury,nakshatra,,1978-01-22T05:31:52.500000+00:00,1978,Revati,4.0
mercury,nakshatra,,1978-03-12T21:50:37.500000+00:00,1978,Ashwini,1.0
mercury,nakshatra,,1978-04-20T05:20:37.500000+00:00,1978,Revati,4.0
mercury,nakshatra,,1978-06-08T20:48:45+00:00,1978,Ashwini,1.0
mercury,nakshatra,,1978-07-17T04:46:52.500000+00:00,1978,Revati,4.0
mercury,nakshatra,,1978-09-04T20:15:00+00:00,1978,Ashwini,1.0
mercury,nakshatra,,1978-10-13T03:33:45+00:00,1978,Revati,4.0
mercury,nakshatra,,1978-12-01T19:46:52.500000+00:00,1978,Ashwini,1.0
mercury,nakshatra,,1979-01-09T02:31:52.500000+00:00,1979,Revati,4.0
mercury,nakshatra,,1979-02-27T18:56:15+00:00,1979,Ashwini,1.0
mercury,nakshatra,,1979-04-07T02:15:00+00:00,1979,Revati,4.0
mercury,nakshatra,,1979-05-26T17:48:45+00:00,1979,Ashwini,1.0
mercury,nakshatra,,1979-07-04T01:46:52.500000+00:00,1979,Revati,4.0
mercury,nakshatra,,1979-08-22T17:15:00+00:00,1979,Ashwini,1.0
mercury,nakshatra,,1979-09-30T00:39:22.500000+00:00,1979,Revati,4.0
mercury,nakshatra,,1979-11-18T16:46:52.500000+00:00,1979,Ashwini,1.0
mercury,nakshatra,,1979-12-26T23:37:30+00:00,1979,Revati,4.0
mercury,nakshatra,,1980-02-14T15:56:15+00:00,1980,Ashwini,1.0
mercury,nakshatra,,1980-03-23T23:15:00+00:00,1980,Revati,4.0
mercury,nakshatra,,1980-05-12T14:54:22.500000+00:00,1980,Ashwini,1.0
mercury,nakshatra,,1980-06-19T22:46:52.500000+00:00,1980,Revati,4.0
mercury,nakshatra,,1980-08-08T14:15:00+00:00,1980,Ashwini,1.0
mercury,nakshatra,,1980-09-15T21:45:00+00:00,1980,Revati,4.0
mercury,nakshatra,,1980-11-04T13:46:52.500000+00:00,1980,Ashwini,1.0
mercury,nakshatra,,1980-12-12T20:37:30+00:00,1980,Revati,4.0
mercury,nakshatra,,1981-01-31T13:01:52.500000+00:00,1981,Ashwini,1.0
mercury,nakshatra,,1981-03-10T20:09:22.500000+00:00,1981,Revati,4.0
mercury,nakshatra,,1981-04-29T12:00:00+00:00,1981,Ashwini,1.0
mercury,nakshatra,,1981-06-06T19:46:52.500000+00:00,1981,Revati,4.0
mercury,nakshatra,,1981-07-26T11:15:00+00:00,1981,Ashwini,1.0
mercury,nakshatra,,1981-09-02T18:56:15+00:00,1981,Revati,4.0
mercury,nakshatra,,1981-10-22T10:46:52.500000+00:00,1981,Ashwini,1.0
mercury,nakshatra,,1981-11-29T17:43:07.500000+00:00,1981,Revati,4.0
mercury,nakshatra,,1982-01-18T10:07:30+00:00,1982,Ashwini,1.0
mercury,nakshatra,,1982-02-25T17:09:22.500000+00:00,1982,Revati,4.0
mercury,nakshatra,,1982-04-16T09:05:37.500000+00:00,1982,Ashwini,1.0
mercury,nakshatra,,1982-05-24T16:46:52.500000+00:00,1982,Revati,4.0
mercury,nakshatra,,1982-07-13T08:15:00+00:00,1982,Ashwini,1.0
mercury,nakshatra,,1982-08-20T16:01:52.500000+00:00,1982,Revati,4.0
mercury,nakshatra,,1982-10-09T07:46:52.500000+00:00,1982,Ashwini,1.0
mercury,nakshatra,,1982-11-16T14:48:45+00:00,1982,Revati,4.0
mercury,nakshatra,,1983-01-05T07:07:30+00:00,1983,Ashwini,1.0
mercury,nakshatra,,1983-02-12T14:09:22.500000+00:00,1983,Revati,4.0
mercury,nakshatra,,1983-04-03T06:11:15+00:00,1983,Ashwini,1.0
mercury,nakshatra,,1983-05-11T13:46:52.500000+00:00,1983,Revati,4.0
mercury,nakshatra,,1983-06-30T05:20:37.500000+00:00,1983,Ashwini,1.0
mercury,nakshatra,,1983-08-07T13:01:52.500000+00:00,1983,Revati,4.0
mercury,nakshatra,,1983-09-26T04:46:52.500000+00:00,1983,Ashwini,1.0
mercury,nakshatra,,1983-11-03T12:00:00+00:00,1983,Revati,4.0
mercury,nakshatra,,1983-12-23T04:13:07.500000+00:00,1983,Ashwini,1.0
mercury,nakshatra,,1984-01-30T11:09:22.500000+00:00,1984,Revati,4.0
mercury,nakshatra,,1984-03-20T03:16:52.500000+00:00,1984,Ashwini,1.0
mercury,nakshatra,,1984-04-27T10:41:15+00:00,1984,Revati,4.0
mercury,nakshatra,,1984-06-16T02:26:15+00:00,1984,Ashwini,1.0
mercury,nakshatra,,1984-07-24T10:07:30+00:00,1984,Revati,4.0
mercury,nakshatra,,1984-09-12T01:46:52.500000+00:00,1984,Ashwini,1.0
mercury,nakshatra,,1984-10-20T09:00:00+00:00,1984,Revati,4.0
mercury,nakshatra,,1984-12-09T01:13:07.500000+00:00,1984,Ashwini,1.0
mercury,nakshatra,,1985-01-16T08:09:22.500000+00:00,1985,Revati,4.0
mercury,nakshatra,,1985-03-07T00:22:30+00:00,1985,Ashwini,1.0
mercury,nakshatra,,1985-04-14T07:41:15+00:00,1985,Revati,4.0
mercury,nakshatra,,1985-06-02T23:26:15+00:00,1985,Ashwini,1.0
mercury,nakshatra,,1985-07-11T07:07:30+00:00,1985,Revati,4.0
mercury,nakshatra,,1985-08-29T22:46:52.500000+00:00,1985,Ashwini,1.0
mercury,nakshatra,,1985-10-07T06:05:37.500000+00:00,1985,Revati,4.0
mercury,nakshatra,,1985-11-25T22:13:07.500000+00:00,1985,Ashwini,1.0
mercury,nakshatra,,1986-01-03T05:15:00+00:00,1986,Revati,4.0
mercury,nakshatra,,1986-02-21T21:28:07.500000+00:00,1986,Ashwini,1.0
mercury,nakshatra,,1986-04-01T04:41:15+00:00,1986,Revati,4.0
mercury,nakshatra,,1986-05-20T20:31:52.500000+00:00,1986,Ashwini,1.0
mercury,nakshatra,,1986-06-28T04:07:30+00:00,1986,Revati,4.0
mercury,nakshatra,,1986-08-16T19:46:52.500000+00:00,1986,Ashwini,1.0
mercury,nakshatra,,1986-09-24T03:11:15+00:00,1986,Revati,4.0
mercury,nakshatra,,1986-11-12T19:13:07.500000+00:00,1986,Ashwini,1.0
mercury,nakshatra,,1986-12-21T02:15:00+00:00,1986,Revati,4.0
mercury,nakshatra,,1987-02-08T18:28:07.500000+00:00,1987,Ashwini,1.0
mercury,nakshatra,,1987-03-19T01:41:15+00:00,1987,Revati,4.0
mercury,nakshatra,,1987-05-07T17:31:52.500000+00:00,1987,Ashwini,1.0
mercury,nakshatra,,1987-06-15T01:07:30+00:00,1987,Revati,4.0
mercury,nakshatra,,1987-08-03T16:52:30+00:00,1987,Ashwini,1.0
mercury,nakshatra,,1987-09-11T00:16:52.500000+00:00,1987,Revati,4.0
mercury,nakshatra,,1987-10-30T16:18:45+00:00,1987,Ashwini,1.0
mercury,nakshatra,,1987-12-07T23:20:37.500000+00:00,1987,Revati,4.0
mercury,nakshatra,,1988-01-26T15:33:45+00:00,1988,Ashwini,1.0
mercury,nakshatra,,1988-03-04T22:41:15+00:00,1988,Revati,4.0
mercury,nakshatra,,1988-04-23T14:37:30+00:00,1988,Ashwini,1.0
mercury,nakshatra,,1988-05-31T22:07:30+00:00,1988,Revati,4.0
mercury,nakshatra,,1988-07-20T13:52:30+00:00,1988,Ashwini,1.0
mercury,nakshatra,,1988-08-27T21:22:30+00:00,1988,Revati,4.0
mercury,nakshatra,,1988-10-16T13:18:45+00:00,1988,Ashwini,1.0
mercury,nakshatra,,1988-11-23T20:26:15+00:00,1988,Revati,4.0
mercury,nakshatra,,1989-01-12T12:39:22.500000+00:00,1989,Ashwini,1.0
mercury,nakshatra,,1989-02-19T19:41:15+00:00,1989,Revati,4.0
mercury,nakshatra,,1989-04-10T11:43:07.500000+00:00,1989,Ashwini,1.0
mercury,nakshatra,,1989-05-18T19:07:30+00:00,1989,Revati,4.0
mercury,nakshatra,,1989-07-07T10:58:07.500000+00:00,1989,Ashwini,1.0
mercury,nakshatra,,1989-08-14T18:22:30+00:00,1989,Revati,4.0
mercury,nakshatra,,1989-10-03T10:24:22.500000+00:00,1989,Ashwini,1.0
mercury,nakshatra,,1989-11-10T17:26:15+00:00,1989,Revati,4.0
mercury,nakshatra,,1989-12-30T09:45:00+00:00,1989,Ashwini,1.0
mercury,nakshatra,,1990-02-06T16:41:15+00:00,1990,Revati,4.0
mercury,nakshatra,,1990-03-28T08:48:45+00:00,1990,Ashwini,1.0
mercury,nakshatra,,1990-05-05T16:07:30+00:00,1990,Revati,4.0
mercury,nakshatra,,1990-06-24T07:58:07.500000+00:00,1990,Ashwini,1.0
mercury,nakshatra,,1990-08-01T15:28:07.500000+00:00,1990,Revati,4.0
mercury,nakshatra,,1990-09-20T07:24:22.500000+00:00,1990,Ashwini,1.0
mercury,nakshatra,,1990-10-28T14:31:52.500000+00:00,1990,Revati,4.0
mercury,nakshatra,,1990-12-17T06:45:00+00:00,1990,Ashwini,1.0
mercury,nakshatra,,1991-01-24T13:46:52.500000+00:00,1991,Revati,4.0
mercury,nakshatra,,1991-03-15T05:54:22.500000+00:00,1991,Ashwini,1.0
mercury,nakshatra,,1991-04-22T13:07:30+00:00,1991,Revati,4.0
mercury,nakshatra,,1991-06-11T05:03:45+00:00,1991,Ashwini,1.0
mercury,nakshatra,,1991-07-19T12:28:07.500000+00:00,1991,Revati,4.0
mercury,nakshatra,,1991-09-07T04:24:22.500000+00:00,1991,Ashwini,1.0
mercury,nakshatra,,1991-10-15T11:37:30+00:00,1991,Revati,4.0
mercury,nakshatra,,1991-12-04T03:45:00+00:00,1991,Ashwini,1.0
mercury,nakshatra,,1992-01-11T10:46:52.500000+00:00,1992,Revati,4.0
mercury,nakshatra,,1992-03-01T03:00:00+00:00,1992,Ashwini,1.0
mercury,nakshatra,,1992-04-08T10:07:30+00:00,1992,Revati,4.0
mercury,nakshatra,,1992-05-28T02:03:45+00:00,1992,Ashwini,1.0
mercury,nakshatra,,1992-07-05T09:28:07.500000+00:00,1992,Revati,4.0
mercury,nakshatra,,1992-08-24T01:24:22.500000+00:00,1992,Ashwini,1.0
mercury,nakshatra,,1992-10-01T08:43:07.500000+00:00,1992,Revati,4.0
mercury,nakshatra,,1992-11-20T00:45:00+00:00,1992,Ashwini,1.0
mercury,nakshatra,,1992-12-28T07:52:30+00:00,1992,Revati,4.0
mercury,nakshatra,,1993-02-16T00:00:00+00:00,1993,Ashwini,1.0
mercury,nakshatra,,1993-03-26T07:07:30+00:00,1993,Revati,4.0
mercury,nakshatra,,1993-05-14T23:09:22.500000+00:00,1993,Ashwini,1.0
mercury,nakshatra,,1993-06-22T06:28:07.500000+00:00,1993,Revati,4.0
mercury,nakshatra,,1993-08-10T22:24:22.500000+00:00,1993,Ashwini,1.0
mercury,nakshatra,,1993-09-18T05:43:07.500000+00:00,1993,Revati,4.0
mercury,nakshatra,,1993-11-06T21:45:00+00:00,1993,Ashwini,1.0
mercury,nakshatra,,1993-12-15T04:52:30+00:00,1993,Revati,4.0
mercury,nakshatra,,1994-02-02T21:05:37.500000+00:00,1994,Ashwini,1.0
mercury,nakshatra,,1994-03-13T04:13:07.500000+00:00,1994,Revati,4.0
mercury,nakshatra,,1994-05-01T20:15:00+00:00,1994,Ashwini,1.0
mercury,nakshatra,,1994-06-09T03:28:07.500000+00:00,1994,Revati,4.0
mercury,nakshatra,,1994-07-28T19:30:00+00:00,1994,Ashwini,1.0
mercury,nakshatra,,1994-09-05T02:48:45+00:00,1994,Revati,4.0
mercury,nakshatra,,1994-10-24T18:50:37.500000+00:00,1994,Ashwini,1.0
mercury,nakshatra,,1994-12-02T01:58:07.500000+00:00,1994,Revati,4.0
mercury,nakshatra,,1995-01-20T18:05:37.500000+00:00,1995,Ashwini,1.0
mercury,nakshatra,,1995-02-28T01:13:07.500000+00:00,1995,Revati,4.0
mercury,nakshatra,,1995-04-18T17:20:37.500000+00:00,1995,Ashwini,1.0
mercury,nakshatra,,1995-05-27T00:33:45+00:00,1995,Revati,4.0
mercury,nakshatra,,1995-07-15T16:35:37.500000+00:00,1995,Ashwini,1.0
mercury,nakshatra,,1995-08-22T23:48:45+00:00,1995,Revati,4.0
mercury,nakshatra,,1995-10-11T15:50:37.500000+00:00,1995,Ashwini,1.0
mercury,nakshatra,,1995-11-18T22:58:07.500000+00:00,1995,Revati,4.0
mercury,nakshatra,,1996-01-07T15:11:15+00:00,1996,Ashwini,1.0
mercury,nakshatra,,1996-02-14T22:18:45+00:00,1996,Revati,4.0
mercury,nakshatra,,1996-04-04T14:26:15+00:00,1996,Ashwini,1.0
mercury,nakshatra,,1996-05-12T21:33:45+00:00,1996,Revati,4.0
mercury,nakshatra,,1996-07-01T13:35:37.500000+00:00,1996,Ashwini,1.0
mercury,nakshatra,,1996-08-08T20:48:45+00:00,1996,Revati,4.0
mercury,nakshatra,,1996-09-27T12:56:15+00:00,1996,Ashwini,1.0
mercury,nakshatra,,1996-11-04T20:03:45+00:00,1996,Revati,4.0
mercury,nakshatra,,1996-12-24T12:11:15+00:00,1996,Ashwini,1.0
mercury,nakshatra,,1997-01-31T19:18:45+00:00,1997,Revati,4.0
mercury,nakshatra,,1997-03-22T11:26:15+00:00,1997,Ashwini,1.0
mercury,nakshatra,,1997-04-29T18:33:45+00:00,1997,Revati,4.0
mercury,nakshatra,,1997-06-18T10:41:15+00:00,1997,Ashwini,1.0
mercury,nakshatra,,1997-07-26T17:54:22.500000+00:00,1997,Revati,4.0
mercury,nakshatra,,1997-09-14T09:56:15+00:00,1997,Ashwini,1.0
mercury,nakshatra,,1997-10-22T17:03:45+00:00,1997,Revati,4.0
mercury,nakshatra,,1997-12-11T09:11:15+00:00,1997,Ashwini,1.0
mercury,nakshatra,,1998-01-18T16:18:45+00:00,1998,Revati,4.0
mercury,nakshatra,,1998-03-09T08:31:52.500000+00:00,1998,Ashwini,1.0
mercury,nakshatra,,1998-04-16T15:33:45+00:00,1998,Revati,4.0
mercury,nakshatra,,1998-06-05T07:41:15+00:00,1998,Ashwini,1.0
mercury,nakshatra,,1998-07-13T14:54:22.500000+00:00,1998,Revati,4.0
mercury,nakshatra,,1998-09-01T06:56:15+00:00,1998,Ashwini,1.0
mercury,nakshatra,,1998-10-09T14:09:22.500000+00:00,1998,Revati,4.0
mercury,nakshatra,,1998-11-28T06:11:15+00:00,1998,Ashwini,1.0
mercury,nakshatra,,1999-01-05T13:24:22.500000+00:00,1999,Revati,4.0
mercury,nakshatra,,1999-02-24T05:31:52.500000+00:00,1999,Ashwini,1.0
mercury,nakshatra,,1999-04-03T12:39:22.500000+00:00,1999,Revati,4.0
mercury,nakshatra,,1999-05-23T04:46:52.500000+00:00,1999,Ashwini,1.0
mercury,nakshatra,,1999-06-30T11:54:22.500000+00:00,1999,Revati,4.0
mercury,nakshatra,,1999-08-19T04:01:52.500000+00:00,1999,Ashwini,1.0
mercury,nakshatra,,1999-09-26T11:15:00+00:00,1999,Revati,4.0
mercury,nakshatra,,1999-11-15T03:16:52.500000+00:00,1999,Ashwini,1.0
mercury,nakshatra,,1999-12-23T10:30:00+00:00,1999,Revati,4.0
mercury,nakshatra,,2000-02-11T02:31:52.500000+00:00,2000,Ashwini,1.0
mercury,nakshatra,,2000-03-20T09:39:22.500000+00:00,2000,Revati,4.0
mercury,nakshatra,,2000-05-09T01:52:30+00:00,2000,Ashwini,1.0
mercury,nakshatra,,2000-06-16T08:54:22.500000+00:00,2000,Revati,4.0
mercury,nakshatra,,2000-08-05T01:07:30+00:00,2000,Ashwini,1.0
mercury,nakshatra,,2000-09-12T08:15:00+00:00,2000,Revati,4.0
mercury,nakshatra,,2000-11-01T00:16:52.500000+00:00,2000,Ashwini,1.0
mercury,nakshatra,,2000-12-09T07:30:00+00:00,2000,Revati,4.0
mercury,nakshatra,,2001-01-27T23:37:30+00:00,2001,Ashwini,1.0
mercury,nakshatra,,2001-03-07T06:45:00+00:00,2001,Revati,4.0
mercury,nakshatra,,2001-04-25T22:58:07.500000+00:00,2001,Ashwini,1.0
mercury,nakshatra,,2001-06-03T05:54:22.500000+00:00,2001,Revati,4.0
mercury,nakshatra,,2001-07-22T22:13:07.500000+00:00,2001,Ashwini,1.0
mercury,nakshatra,,2001-08-30T05:15:00+00:00,2001,Revati,4.0
mercury,nakshatra,,2001-10-18T21:22:30+00:00,2001,Ashwini,1.0
mercury,nakshatra,,2001-11-26T04:35:37.500000+00:00,2001,Revati,4.0
mercury,nakshatra,,2002-01-14T20:37:30+00:00,2002,Ashwini,1.0
mercury,nakshatra,,2002-02-22T03:45:00+00:00,2002,Revati,4.0
mercury,nakshatra,,2002-04-12T19:58:07.500000+00:00,2002,Ashwini,1.0
mercury,nakshatra,,2002-05-21T02:54:22.500000+00:00,2002,Revati,4.0
mercury,nakshatra,,2002-07-09T19:13:07.500000+00:00,2002,Ashwini,1.0
mercury,nakshatra,,2002-08-17T02:15:00+00:00,2002,Revati,4.0
mercury,nakshatra,,2002-10-05T18:22:30+00:00,2002,Ashwini,1.0
mercury,nakshatra,,2002-11-13T01:35:37.500000+00:00,2002,Revati,4.0
mercury,nakshatra,,2003-01-01T17:37:30+00:00,2003,Ashwini,1.0
mercury,nakshatra,,2003-02-09T00:50:37.500000+00:00,2003,Revati,4.0
mercury,nakshatra,,2003-03-30T17:03:45+00:00,2003,Ashwini,1.0
mercury,nakshatra,,2003-05-07T23:54:22.500000+00:00,2003,Revati,4.0
mercury,nakshatra,,2003-06-26T16:18:45+00:00,2003,Ashwini,1.0
mercury,nakshatra,,2003-08-03T23:15:00+00:00,2003,Revati,4.0
mercury,nakshatra,,2003-09-22T15:28:07.500000+00:00,2003,Ashwini,1.0
mercury,nakshatra,,2003-10-30T22:35:37.500000+00:00,2003,Revati,4.0
mercury,nakshatra,,2003-12-19T14:37:30+00:00,2003,Ashwini,1.0
mercury,nakshatra,,2004-01-26T21:50:37.500000+00:00,2004,Revati,4.0
mercury,nakshatra,,2004-03-16T14:03:45+00:00,2004,Ashwini,1.0
mercury,nakshatra,,2004-04-23T21:00:00+00:00,2004,Revati,4.0
mercury,nakshatra,,2004-06-12T13:24:22.500000+00:00,2004,Ashwini,1.0
mercury,nakshatra,,2004-07-20T20:15:00+00:00,2004,Revati,4.0
mercury,nakshatra,,2004-09-08T12:28:07.500000+00:00,2004,Ashwini,1.0
mercury,nakshatra,,2004-10-16T19:41:15+00:00,2004,Revati,4.0
mercury,nakshatra,,2004-12-05T11:37:30+00:00,2004,Ashwini,1.0
mercury,nakshatra,,2005-01-12T18:56:15+00:00,2005,Revati,4.0
mercury,nakshatra,,2005-03-03T11:03:45+00:00,2005,Ashwini,1.0
mercury,nakshatra,,2005-04-10T18:00:00+00:00,2005,Revati,4.0
mercury,nakshatra,,2005-05-30T10:24:22.500000+00:00,2005,Ashwini,1.0
mercury,nakshatra,,2005-07-07T17:15:00+00:00,2005,Revati,4.0
mercury,nakshatra,,2005-08-26T09:33:45+00:00,2005,Ashwini,1.0
mercury,nakshatra,,2005-10-03T16:41:15+00:00,2005,Revati,4.0
mercury,nakshatra,,2005-11-22T08:43:07.500000+00:00,2005,Ashwini,1.0
mercury,nakshatra,,2005-12-30T16:01:52.500000+00:00,2005,Revati,4.0
mercury,nakshatra,,2006-02-18T08:03:45+00:00,2006,Ashwini,1.0
mercury,nakshatra,,2006-03-28T15:05:37.500000+00:00,2006,Revati,4.0
mercury,nakshatra,,2006-05-17T07:30:00+00:00,2006,Ashwini,1.0
mercury,nakshatra,,2006-06-24T14:15:00+00:00,2006,Revati,4.0
mercury,nakshatra,,2006-08-13T06:39:22.500000+00:00,2006,Ashwini,1.0
mercury,nakshatra,,2006-09-20T13:41:15+00:00,2006,Revati,4.0
mercury,nakshatra,,2006-11-09T05:43:07.500000+00:00,2006,Ashwini,1.0
mercury,nakshatra,,2006-12-17T13:07:30+00:00,2006,Revati,4.0
mercury,nakshatra,,2007-02-05T05:03:45+00:00,2007,Ashwini,1.0
mercury,nakshatra,,2007-03-15T12:11:15+00:00,2007,Revati,4.0
mercury,nakshatra,,2007-05-04T04:35:37.500000+00:00,2007,Ashwini,1.0
mercury,nakshatra,,2007-06-11T11:15:00+00:00,2007,Revati,4.0
mercury,nakshatra,,2007-07-31T03:45:00+00:00,2007,Ashwini,1.0
mercury,nakshatra,,2007-09-07T10:46:52.500000+00:00,2007,Revati,4.0
mercury,nakshatra,,2007-10-27T02:48:45+00:00,2007,Ashwini,1.0
mercury,nakshatra,,2007-12-04T10:07:30+00:00,2007,Revati,4.0
mercury,nakshatra,,2008-01-23T02:03:45+00:00,2008,Ashwini,1.0
mercury,nakshatra,,2008-03-01T09:11:15+00:00,2008,Revati,4.0
mercury,nakshatra,,2008-04-20T01:35:37.500000+00:00,2008,Ashwini,1.0
mercury,nakshatra,,2008-05-28T08:15:00+00:00,2008,Revati,4.0
mercury,nakshatra,,2008-07-17T00:50:37.500000+00:00,2008,Ashwini,1.0
mercury,nakshatra,,2008-08-24T07:41:15+00:00,2008,Revati,4.0
mercury,nakshatra,,2008-10-12T23:54:22.500000+00:00,2008,Ashwini,1.0
mercury,nakshatra,,2008-11-20T07:13:07.500000+00:00,2008,Revati,4.0
mercury,nakshatra,,2009-01-08T23:09:22.500000+00:00,2009,Ashwini,1.0
mercury,nakshatra,,2009-02-16T06:16:52.500000+00:00,2009,Revati,4.0
mercury,nakshatra,,2009-04-06T22:35:37.500000+00:00,2009,Ashwini,1.0
mercury,nakshatra,,2009-05-15T05:15:00+00:00,2009,Revati,4.0
mercury,nakshatra,,2009-07-03T21:56:15+00:00,2009,Ashwini,1.0
mercury,nakshatra,,2009-08-11T04:41:15+00:00,2009,Revati,4.0
mercury,nakshatra,,2009-09-29T21:00:00+00:00,2009,Ashwini,1.0
mercury,nakshatra,,2009-11-07T04:13:07.500000+00:00,2009,Revati,4.0
mercury,nakshatra,,2009-12-26T20:03:45+00:00,2009,Ashwini,1.0
mercury,nakshatra,,2010-02-03T03:22:30+00:00,2010,Revati,4.0
mercury,nakshatra,,2010-03-24T19:35:37.500000+00:00,2010,Ashwini,1.0
mercury,nakshatra,,2010-05-02T02:20:37.500000+00:00,2010,Revati,4.0
mercury,nakshatra,,2010-06-20T19:01:52.500000+00:00,2010,Ashwini,1.0
mercury,nakshatra,,2010-07-29T01:41:15+00:00,2010,Revati,4.0
mercury,nakshatra,,2010-09-16T18:00:00+00:00,2010,Ashwini,1.0
mercury,nakshatra,,2010-10-25T01:18:45+00:00,2010,Revati,4.0
mercury,nakshatra,,2010-12-13T17:09:22.500000+00:00,2010,Ashwini,1.0
mercury,nakshatra,,2011-01-21T00:33:45+00:00,2011,Revati,4.0
mercury,nakshatra,,2011-03-11T16:35:37.500000+00:00,2011,Ashwini,1.0
mercury,nakshatra,,2011-04-18T23:20:37.500000+00:00,2011,Revati,4.0
mercury,nakshatra,,2011-06-07T16:01:52.500000+00:00,2011,Ashwini,1.0
mercury,nakshatra,,2011-07-15T22:35:37.500000+00:00,2011,Revati,4.0
mercury,nakshatra,,2011-09-03T15:11:15+00:00,2011,Ashwini,1.0
mercury,nakshatra,,2011-10-11T22:18:45+00:00,2011,Revati,4.0
mercury,nakshatra,,2011-11-30T14:09:22.500000+00:00,2011,Ashwini,1.0
mercury,nakshatra,,2012-01-07T21:39:22.500000+00:00,2012,Revati,4.0
mercury,nakshatra,,2012-02-26T13:35:37.500000+00:00,2012,Ashwini,1.0
mercury,nakshatra,,2012-04-04T20:26:15+00:00,2012,Revati,4.0
mercury,nakshatra,,2012-05-24T13:07:30+00:00,2012,Ashwini,1.0
mercury,nakshatra,,2012-07-01T19:35:37.500000+00:00,2012,Revati,4.0
mercury,nakshatra,,2012-08-20T12:16:52.500000+00:00,2012,Ashwini,1.0
mercury,nakshatra,,2012-09-27T19:13:07.500000+00:00,2012,Revati,4.0
mercury,nakshatra,,2012-11-16T11:15:00+00:00,2012,Ashwini,1.0
mercury,nakshatra,,2012-12-24T18:45:00+00:00,2012,Revati,4.0
mercury,nakshatra,,2013-02-12T10:35:37.500000+00:00,2013,Ashwini,1.0
mercury,nakshatra,,2013-03-22T17:37:30+00:00,2013,Revati,4.0
mercury,nakshatra,,2013-05-11T10:07:30+00:00,2013,Ashwini,1.0
mercury,nakshatra,,2013-06-18T16:35:37.500000+00:00,2013,Revati,4.0
mercury,nakshatra,,2013-08-07T09:22:30+00:00,2013,Ashwini,1.0
mercury,nakshatra,,2013-09-14T16:13:07.500000+00:00,2013,Revati,4.0
mercury,nakshatra,,2013-11-03T08:20:37.500000+00:00,2013,Ashwini,1.0
mercury,nakshatra,,2013-12-11T15:45:00+00:00,2013,Revati,4.0
mercury,nakshatra,,2014-01-30T07:35:37.500000+00:00,2014,Ashwini,1.0
mercury,nakshatra,,2014-03-09T14:43:07.500000+00:00,2014,Revati,4.0
mercury,nakshatra,,2014-04-28T07:13:07.500000+00:00,2014,Ashwini,1.0
mercury,nakshatra,,2014-06-05T13:35:37.500000+00:00,2014,Revati,4.0
mercury,nakshatra,,2014-07-25T06:28:07.500000+00:00,2014,Ashwini,1.0
mercury,nakshatra,,2014-09-01T13:07:30+00:00,2014,Revati,4.0
mercury,nakshatra,,2014-10-21T05:20:37.500000+00:00,2014,Ashwini,1.0
mercury,nakshatra,,2014-11-28T12:45:00+00:00,2014,Revati,4.0
mercury,nakshatra,,2015-01-17T04:35:37.500000+00:00,2015,Ashwini,1.0
mercury,nakshatra,,2015-02-24T11:48:45+00:00,2015,Revati,4.0
mercury,nakshatra,,2015-04-15T04:07:30+00:00,2015,Ashwini,1.0
mercury,nakshatra,,2015-05-23T10:35:37.500000+00:00,2015,Revati,4.0
mercury,nakshatra,,2015-07-12T03:33:45+00:00,2015,Ashwini,1.0
mercury,nakshatra,,2015-08-19T10:07:30+00:00,2015,Revati,4.0
mercury,nakshatra,,2015-10-08T02:26:15+00:00,2015,Ashwini,1.0
mercury,nakshatra,,2015-11-15T09:50:37.500000+00:00,2015,Revati,4.0
mercury,nakshatra,,2016-01-04T01:35:37.500000+00:00,2016,Ashwini,1.0
mercury,nakshatra,,2016-02-11T08:54:22.500000+00:00,2016,Revati,4.0
mercury,nakshatra,,2016-04-01T01:07:30+00:00,2016,Ashwini,1.0
mercury,nakshatra,,2016-05-09T07:41:15+00:00,2016,Revati,4.0
mercury,nakshatra,,2016-06-28T00:33:45+00:00,2016,Ashwini,1.0
mercury,nakshatra,,2016-08-05T07:01:52.500000+00:00,2016,Revati,4.0
mercury,nakshatra,,2016-09-23T23:31:52.500000+00:00,2016,Ashwini,1.0
mercury,nakshatra,,2016-11-01T06:50:37.500000+00:00,2016,Revati,4.0
mercury,nakshatra,,2016-12-20T22:35:37.500000+00:00,2016,Ashwini,1.0
mercury,nakshatra,,2017-01-28T06:05:37.500000+00:00,2017,Revati,4.0
mercury,nakshatra,,2017-03-18T22:07:30+00:00,2017,Ashwini,1.0
mercury,nakshatra,,2017-04-26T04:46:52.500000+00:00,2017,Revati,4.0
mercury,nakshatra,,2017-06-14T21:39:22.500000+00:00,2017,Ashwini,1.0
mercury,nakshatra,,2017-07-23T04:01:52.500000+00:00,2017,Revati,4.0
mercury,nakshatra,,2017-09-10T20:43:07.500000+00:00,2017,Ashwini,1.0
mercury,nakshatra,,2017-10-19T03:50:37.500000+00:00,2017,Revati,4.0
mercury,nakshatra,,2017-12-07T19:41:15+00:00,2017,Ashwini,1.0
mercury,nakshatra,,2018-01-15T03:11:15+00:00,2018,Revati,4.0
mercury,nakshatra,,2018-03-05T19:07:30+00:00,2018,Ashwini,1.0
mercury,nakshatra,,2018-04-13T01:52:30+00:00,2018,Revati,4.0
mercury,nakshatra,,2018-06-01T18:45:00+00:00,2018,Ashwini,1.0
mercury,nakshatra,,2018-07-10T00:56:15+00:00,2018,Revati,4.0
mercury,nakshatra,,2018-08-28T17:48:45+00:00,2018,Ashwini,1.0
mercury,nakshatra,,2018-10-06T00:45:00+00:00,2018,Revati,4.0
mercury,nakshatra,,2018-11-24T16:41:15+00:00,2018,Ashwini,1.0
mercury,nakshatra,,2019-01-02T00:16:52.500000+00:00,2019,Revati,4.0
mercury,nakshatra,,2019-02-20T16:07:30+00:00,2019,Ashwini,1.0
mercury,nakshatra,,2019-03-30T22:58:07.500000+00:00,2019,Revati,4.0
mercury,nakshatra,,2019-05-19T15:45:00+00:00,2019,Ashwini,1.0
mercury,nakshatra,,2019-06-26T21:56:15+00:00,2019,Revati,4.0
mercury,nakshatra,,2019-08-15T14:54:22.500000+00:00,2019,Ashwini,1.0
mercury,nakshatra,,2019-09-22T21:45:00+00:00,2019,Revati,4.0
mercury,nakshatra,,2019-11-11T13:46:52.500000+00:00,2019,Ashwini,1.0
mercury,nakshatra,,2019-12-19T21:22:30+00:00,2019,Revati,4.0
mercury,nakshatra,,2020-02-07T13:07:30+00:00,2020,Ashwini,1.0
mercury,nakshatra,,2020-03-16T20:09:22.500000+00:00,2020,Revati,4.0
mercury,nakshatra,,2020-05-05T12:45:00+00:00,2020,Ashwini,1.0
mercury,nakshatra,,2020-06-12T18:56:15+00:00,2020,Revati,4.0
mercury,nakshatra,,2020-08-01T12:00:00+00:00,2020,Ashwini,1.0
mercury,nakshatra,,2020-09-08T18:39:22.500000+00:00,2020,Revati,4.0
mercury,nakshatra,,2020-10-28T10:52:30+00:00,2020,Ashwini,1.0
mercury,nakshatra,,2020-12-05T18:22:30+00:00,2020,Revati,4.0
mercury,nakshatra,,2021-01-24T10:07:30+00:00,2021,Ashwini,1.0
mercury,nakshatra,,2021-03-03T17:15:00+00:00,2021,Revati,4.0
mercury,nakshatra,,2021-04-22T09:45:00+00:00,2021,Ashwini,1.0
mercury,nakshatra,,2021-05-30T15:56:15+00:00,2021,Revati,4.0
mercury,nakshatra,,2021-07-19T09:05:37.500000+00:00,2021,Ashwini,1.0
mercury,nakshatra,,2021-08-26T15:33:45+00:00,2021,Revati,4.0
mercury,nakshatra,,2021-10-15T07:58:07.500000+00:00,2021,Ashwini,1.0
mercury,nakshatra,,2021-11-22T15:22:30+00:00,2021,Revati,4.0
mercury,nakshatra,,2022-01-11T07:07:30+00:00,2022,Ashwini,1.0
mercury,nakshatra,,2022-02-18T14:26:15+00:00,2022,Revati,4.0
mercury,nakshatra,,2022-04-09T06:45:00+00:00,2022,Ashwini,1.0
mercury,nakshatra,,2022-05-17T13:01:52.500000+00:00,2022,Revati,4.0
mercury,nakshatra,,2022-07-06T06:11:15+00:00,2022,Ashwini,1.0
mercury,nakshatra,,2022-08-13T12:28:07.500000+00:00,2022,Revati,4.0
mercury,nakshatra,,2022-10-02T05:03:45+00:00,2022,Ashwini,1.0
mercury,nakshatra,,2022-11-09T12:28:07.500000+00:00,2022,Revati,4.0
mercury,nakshatra,,2022-12-29T04:07:30+00:00,2022,Ashwini,1.0
mercury,nakshatra,,2023-02-05T11:31:52.500000+00:00,2023,Revati,4.0
mercury,nakshatra,,2023-03-27T03:45:00+00:00,2023,Ashwini,1.0
mercury,nakshatra,,2023-05-04T10:07:30+00:00,2023,Revati,4.0
mercury,nakshatra,,2023-06-23T03:16:52.500000+00:00,2023,Ashwini,1.0
mercury,nakshatra,,2023-07-31T09:28:07.500000+00:00,2023,Revati,4.0
mercury,nakshatra,,2023-09-19T02:09:22.500000+00:00,2023,Ashwini,1.0
mercury,nakshatra,,2023-10-27T09:22:30+00:00,2023,Revati,4.0
mercury,nakshatra,,2023-12-16T01:07:30+00:00,2023,Ashwini,1.0
mercury,nakshatra,,2024-01-23T08:43:07.500000+00:00,2024,Revati,4.0
mercury,nakshatra,,2024-03-13T00:45:00+00:00,2024,Ashwini,1.0
mercury,nakshatra,,2024-04-20T07:13:07.500000+00:00,2024,Revati,4.0
mercury,nakshatra,,2024-06-09T00:22:30+00:00,2024,Ashwini,1.0
mercury,nakshatra,,2024-07-17T06:22:30+00:00,2024,Revati,4.0
mercury,nakshatra,,2024-09-04T23:20:37.500000+00:00,2024,Ashwini,1.0
mercury,nakshatra,,2024-10-13T06:16:52.500000+00:00,2024,Revati,4.0
mercury,nakshatra,,2024-12-01T22:13:07.500000+00:00,2024,Ashwini,1.0
mercury,nakshatra,,2025-01-09T05:48:45+00:00,2025,Revati,4.0
mercury,nakshatra,,2025-02-27T21:45:00+00:00,2025,Ashwini,1.0
mercury,nakshatra,,2025-04-07T04:24:22.500000+00:00,2025,Revati,4.0
mercury,nakshatra,,2025-05-26T21:22:30+00:00,2025,Ashwini,1.0
mercury,nakshatra,,2025-07-04T03:16:52.500000+00:00,2025,Revati,4.0
mercury,nakshatra,,2025-08-22T20:26:15+00:00,2025,Ashwini,1.0
mercury,nakshatra,,2025-09-30T03:11:15+00:00,2025,Revati,4.0
mercury,nakshatra,,2025-11-18T19:13:07.500000+00:00,2025,Ashwini,1.0
mercury,nakshatra,,2025-12-27T02:54:22.500000+00:00,2025,Revati,4.0
jupiter,rashi,Pisces,1901-07-10T20:28:42.656250+00:00,1901,,
jupiter,rashi,Aries,1907-02-02T17:58:14.531250+00:00,1907,,
jupiter,rashi,Pisces,1913-05-21T03:05:16.406250+00:00,1913,,
jupiter,rashi,Aries,1918-12-15T00:34:27.187500+00:00,1918,,
jupiter,rashi,Pisces,1925-04-01T18:44:38.906250+00:00,1925,,
jupiter,rashi,Aries,1930-10-26T15:00:00+00:00,1930,,
jupiter,rashi,Pisces,1937-02-10T03:27:46.406250+00:00,1937,,
jupiter,rashi,Aries,1942-09-05T20:12:11.250000+00:00,1942,,
jupiter,rashi,Pisces,1948-12-22T13:45:28.125000+00:00,1948,,
jupiter,rashi,Aries,1954-07-16T14:56:50.156250+00:00,1954,,
jupiter,rashi,Pisces,1960-11-02T01:33:09.843750+00:00,1960,,
jupiter,rashi,Aries,1966-05-28T05:06:33.750000+00:00,1966,,
jupiter,rashi,Pisces,1972-09-12T20:54:22.500000+00:00,1972,,
jupiter,rashi,Aries,1978-04-08T16:27:32.343750+00:00,1978,,
jupiter,rashi,Pisces,1984-07-26T05:05:09.375000+00:00,1984,,
jupiter,rashi,Aries,1990-02-19T06:15:49.218750+00:00,1990,,
jupiter,rashi,Pisces,1996-06-06T07:54:36.562500+00:00,1996,,
jupiter,rashi,Aries,2001-12-31T02:13:56.718750+00:00,2001,,
jupiter,rashi,Pisces,2008-04-18T04:02:55.781250+00:00,2008,,
jupiter,rashi,Aries,2013-11-10T00:24:15.468750+00:00,2013,,
jupiter,rashi,Pisces,2020-02-27T13:07:08.906250+00:00,2020,,
jupiter,rashi,Aries,2025-09-21T13:09:36.562500+00:00,2025,,
jupiter,nakshatra,,1901-07-10T20:28:42.656250+00:00,1901,Revati,4.0
jupiter,nakshatra,,1907-02-02T17:58:14.531250+00:00,1907,Ashwini,1.0
jupiter,nakshatra,,1913-05-21T03:05:16.406250+00:00,1913,Revati,4.0
jupiter,nakshatra,,1918-12-15T00:34:27.187500+00:00,1918,Ashwini,1.0
jupiter,nakshatra,,1925-04-01T18:44:38.906250+00:00,1925,Revati,4.0
jupiter,nakshatra,,1930-10-26T15:00:00+00:00,1930,Ashwini,1.0
jupiter,nakshatra,,1937-02-10T03:27:46.406250+00:00,1937,Revati,4.0
jupiter,nakshatra,,1942-09-05T20:12:11.250000+00:00,1942,Ashwini,1.0
jupiter,nakshatra,,1948-12-22T13:45:28.125000+00:00,1948,Revati,4.0
jupiter,nakshatra,,1954-07-16T14:56:50.156250+00:00,1954,Ashwini,1.0
jupiter,nakshatra,,1960-11-02T01:33:09.843750+00:00,1960,Revati,4.0
jupiter,nakshatra,,1966-05-28T05:06:33.750000+00:00,1966,Ashwini,1.0
jupiter,nakshatra,,1972-09-12T20:54:22.500000+00:00,1972,Revati,4.0
jupiter,nakshatra,,1978-04-08T16:27:32.343750+00:00,1978,Ashwini,1.0
jupiter,nakshatra,,1984-07-26T05:05:09.375000+00:00,1984,Revati,4.0
jupiter,nakshatra,,1990-02-19T06:15:49.218750+00:00,1990,Ashwini,1.0
jupiter,nakshatra,,1996-06-06T07:54:36.562500+00:00,1996,Revati,4.0
jupiter,nakshatra,,2001-12-31T02:13:56.718750+00:00,2001,Ashwini,1.0
jupiter,nakshatra,,2008-04-18T04:02:55.781250+00:00,2008,Revati,4.0
jupiter,nakshatra,,2013-11-10T00:24:15.468750+00:00,2013,Ashwini,1.0
jupiter,nakshatra,,2020-02-27T13:07:08.906250+00:00,2020,Revati,4.0
jupiter,nakshatra,,2025-09-21T13:09:36.562500+00:00,2025,Ashwini,1.0
venus,rashi,Aries,1900-02-27T20:48:45+00:00,1900,,
venus,rashi,Pisces,1900-06-19T13:41:15+00:00,1900,,
venus,rashi,Aries,1900-10-10T14:20:37.500000+00:00,1900,,
venus,rashi,Pisces,1901-01-29T22:46:52.500000+00:00,1901,,
venus,rashi,Aries,1901-05-23T01:18:45+00:00,1901,,
venus,rashi,Pisces,1901-09-11T19:01:52.500000+00:00,1901,,
venus,rashi,Aries,1902-01-03T02:20:37.500000+00:00,1902,,
venus,rashi,Pisces,1902-04-24T14:20:37.500000+00:00,1902,,
venus,rashi,Aries,1902-08-15T12:33:45+00:00,1902,,
venus,rashi,Pisces,1902-12-05T00:05:37.500000+00:00,1902,,
venus,rashi,Aries,1903-03-28T06:50:37.500000+00:00,1903,,
venus,rashi,Pisces,1903-07-18T00:50:37.500000+00:00,1903,,
venus,rashi,Aries,1903-11-08T03:50:37.500000+00:00,1903,,
venus,rashi,Pisces,1904-02-27T12:33:45+00:00,1904,,
venus,rashi,Aries,1904-06-19T12:56:15+00:00,1904,,
venus,rashi,Pisces,1904-10-09T05:09:22.500000+00:00,1904,,
venus,rashi,Aries,1905-01-30T12:56:15+00:00,1905,,
venus,rashi,Pisces,1905-05-22T03:16:52.500000+00:00,1905,,
venus,rashi,Aries,1905-09-12T02:31:52.500000+00:00,1905,,
venus,rashi,Pisces,1906-01-01T12:11:15+00:00,1906,,
venus,rashi,Aries,1906-04-24T17:09:22.500000+00:00,1906,,
venus,rashi,Pisces,1906-08-14T11:15:00+00:00,1906,,
venus,rashi,Aries,1906-12-05T16:30:00+00:00,1906,,
venus,rashi,Pisces,1907-03-27T02:48:45+00:00,1907,,
venus,rashi,Aries,1907-07-18T01:35:37.500000+00:00,1907,,
venus,rashi,Pisces,1907-11-06T15:39:22.500000+00:00,1907,,
venus,rashi,Aries,1908-02-27T23:09:22.500000+00:00,1908,,
venus,rashi,Pisces,1908-06-18T15:33:45+00:00,1908,,
venus,rashi,Aries,1908-10-09T16:30:00+00:00,1908,,
venus,rashi,Pisces,1909-01-29T01:13:07.500000+00:00,1909,,
venus,rashi,Aries,1909-05-22T03:56:15+00:00,1909,,
venus,rashi,Pisces,1909-09-10T21:28:07.500000+00:00,1909,,
venus,rashi,Aries,1910-01-02T04:13:07.500000+00:00,1910,,
venus,rashi,Pisces,1910-04-23T16:18:45+00:00,1910,,
venus,rashi,Aries,1910-08-14T15:00:00+00:00,1910,,
venus,rashi,Pisces,1910-12-04T02:43:07.500000+00:00,1910,,
venus,rashi,Aries,1911-03-27T09:22:30+00:00,1911,,
venus,rashi,Pisces,1911-07-17T02:48:45+00:00,1911,,
venus,rashi,Aries,1911-11-07T05:43:07.500000+00:00,1911,,
venus,rashi,Pisces,1912-02-26T15:05:37.500000+00:00,1912,,
venus,rashi,Aries,1912-06-18T15:39:22.500000+00:00,1912,,
venus,rashi,Pisces,1912-10-08T07:35:37.500000+00:00,1912,,
venus,rashi,Aries,1913-01-29T15:05:37.500000+00:00,1913,,
venus,rashi,Pisces,1913-05-21T05:09:22.500000+00:00,1913,,
venus,rashi,Aries,1913-09-11T04:58:07.500000+00:00,1913,,
venus,rashi,Pisces,1913-12-31T14:48:45+00:00,1913,,
venus,rashi,Aries,1914-04-23T19:41:15+00:00,1914,,
venus,rashi,Pisces,1914-08-13T13:30:00+00:00,1914,,
venus,rashi,Aries,1914-12-04T18:22:30+00:00,1914,,
venus,rashi,Pisces,1915-03-26T04:58:07.500000+00:00,1915,,
venus,rashi,Aries,1915-07-17T04:13:07.500000+00:00,1915,,
venus,rashi,Pisces,1915-11-05T18:11:15+00:00,1915,,
venus,rashi,Aries,1916-02-27T01:30:00+00:00,1916,,
venus,rashi,Pisces,1916-06-17T17:31:52.500000+00:00,1916,,
venus,rashi,Aries,1916-10-08T18:33:45+00:00,1916,,
venus,rashi,Pisces,1917-01-28T03:50:37.500000+00:00,1917,,
venus,rashi,Aries,1917-05-21T06:33:45+00:00,1917,,
venus,rashi,Pisces,1917-09-09T23:43:07.500000+00:00,1917,,
venus,rashi,Aries,1918-01-01T06:16:52.500000+00:00,1918,,
venus,rashi,Pisces,1918-04-22T18:16:52.500000+00:00,1918,,
venus,rashi,Aries,1918-08-13T17:31:52.500000+00:00,1918,,
venus,rashi,Pisces,1918-12-03T05:26:15+00:00,1918,,
venus,rashi,Aries,1919-03-26T11:43:07.500000+00:00,1919,,
venus,rashi,Pisces,1919-07-16T05:03:45+00:00,1919,,
venus,rashi,Aries,1919-11-06T07:46:52.500000+00:00,1919,,
venus,rashi,Pisces,1920-02-25T17:26:15+00:00,1920,,
venus,rashi,Aries,1920-06-17T18:22:30+00:00,1920,,
venus,rashi,Pisces,1920-10-07T10:07:30+00:00,1920,,
venus,rashi,Aries,1921-01-28T17:15:00+00:00,1921,,
venus,rashi,Pisces,1921-05-20T07:13:07.500000+00:00,1921,,
venus,rashi,Aries,1921-09-10T07:01:52.500000+00:00,1921,,
venus,rashi,Pisces,1921-12-30T17:31:52.500000+00:00,1921,,
venus,rashi,Aries,1922-04-22T22:13:07.500000+00:00,1922,,
venus,rashi,Pisces,1922-08-12T15:33:45+00:00,1922,,
venus,rashi,Aries,1922-12-03T20:20:37.500000+00:00,1922,,
venus,rashi,Pisces,1923-03-25T07:01:52.500000+00:00,1923,,
venus,rashi,Aries,1923-07-16T06:50:37.500000+00:00,1923,,
venus,rashi,Pisces,1923-11-04T20:48:45+00:00,1923,,
venus,rashi,Aries,1924-02-26T03:39:22.500000+00:00,1924,,
venus,rashi,Pisces,1924-06-16T19:30:00+00:00,1924,,
venus,rashi,Aries,1924-10-07T20:43:07.500000+00:00,1924,,
venus,rashi,Pisces,1925-01-27T06:22:30+00:00,1925,,
venus,rashi,Aries,1925-05-20T09:22:30+00:00,1925,,
venus,rashi,Pisces,1925-09-09T02:03:45+00:00,1925,,
venus,rashi,Aries,1925-12-31T08:15:00+00:00,1925,,
venus,rashi,Pisces,1926-04-21T20:26:15+00:00,1926,,
venus,rashi,Aries,1926-08-12T19:58:07.500000+00:00,1926,,
venus,rashi,Pisces,1926-12-02T08:09:22.500000+00:00,1926,,
venus,rashi,Aries,1927-03-25T14:09:22.500000+00:00,1927,,
venus,rashi,Pisces,1927-07-15T06:56:15+00:00,1927,,
venus,rashi,Aries,1927-11-05T09:50:37.500000+00:00,1927,,
venus,rashi,Pisces,1928-02-24T19:41:15+00:00,1928,,
venus,rashi,Aries,1928-06-16T21:00:00+00:00,1928,,
venus,rashi,Pisces,1928-10-06T12:39:22.500000+00:00,1928,,
venus,rashi,Aries,1929-01-27T19:13:07.500000+00:00,1929,,
venus,rashi,Pisces,1929-05-19T09:11:15+00:00,1929,,
venus,rashi,Aries,1929-09-09T09:28:07.500000+00:00,1929,,
venus,rashi,Pisces,1929-12-29T20:09:22.500000+00:00,1929,,
venus,rashi,Aries,1930-04-22T00:56:15+00:00,1930,,
venus,rashi,Pisces,1930-08-11T17:43:07.500000+00:00,1930,,
venus,rashi,Aries,1930-12-02T22:18:45+00:00,1930,,
venus,rashi,Pisces,1931-03-24T09:22:30+00:00,1931,,
venus,rashi,Aries,1931-07-15T09:28:07.500000+00:00,1931,,
venus,rashi,Pisces,1931-11-03T23:31:52.500000+00:00,1931,,
venus,rashi,Aries,1932-02-25T06:00:00+00:00,1932,,
venus,rashi,Pisces,1932-06-15T21:22:30+00:00,1932,,
venus,rashi,Aries,1932-10-06T22:52:30+00:00,1932,,
venus,rashi,Pisces,1933-01-26T08:54:22.500000+00:00,1933,,
venus,rashi,Aries,1933-05-19T11:54:22.500000+00:00,1933,,
venus,rashi,Pisces,1933-09-08T04:30:00+00:00,1933,,
venus,rashi,Aries,1933-12-30T10:07:30+00:00,1933,,
venus,rashi,Pisces,1934-04-20T22:30:00+00:00,1934,,
venus,rashi,Aries,1934-08-11T22:30:00+00:00,1934,,
venus,rashi,Pisces,1934-12-01T10:46:52.500000+00:00,1934,,
venus,rashi,Aries,1935-03-24T16:35:37.500000+00:00,1935,,
venus,rashi,Pisces,1935-07-14T08:54:22.500000+00:00,1935,,
venus,rashi,Aries,1935-11-04T11:43:07.500000+00:00,1935,,
venus,rashi,Pisces,1936-02-23T22:13:07.500000+00:00,1936,,
venus,rashi,Aries,1936-06-15T23:43:07.500000+00:00,1936,,
venus,rashi,Pisces,1936-10-05T15:05:37.500000+00:00,1936,,
venus,rashi,Aries,1937-01-26T21:28:07.500000+00:00,1937,,
venus,rashi,Pisces,1937-05-18T11:03:45+00:00,1937,,
venus,rashi,Aries,1937-09-08T11:48:45+00:00,1937,,
venus,rashi,Pisces,1937-12-28T22:46:52.500000+00:00,1937,,
venus,rashi,Aries,1938-04-21T03:22:30+00:00,1938,,
venus,rashi,Pisces,1938-08-10T19:58:07.500000+00:00,1938,,
venus,rashi,Aries,1938-12-02T00:16:52.500000+00:00,1938,,
venus,rashi,Pisces,1939-03-23T11:31:52.500000+00:00,1939,,
venus,rashi,Aries,1939-07-14T12:05:37.500000+00:00,1939,,
venus,rashi,Pisces,1939-11-03T01:58:07.500000+00:00,1939,,
venus,rashi,Aries,1940-02-24T08:15:00+00:00,1940,,
venus,rashi,Pisces,1940-06-14T23:20:37.500000+00:00,1940,,
venus,rashi,Aries,1940-10-06T00:56:15+00:00,1940,,
venus,rashi,Pisces,1941-01-25T11:31:52.500000+00:00,1941,,
venus,rashi,Aries,1941-05-18T14:37:30+00:00,1941,,
venus,rashi,Pisces,1941-09-07T06:39:22.500000+00:00,1941,,
venus,rashi,Aries,1941-12-29T12:11:15+00:00,1941,,
venus,rashi,Pisces,1942-04-20T00:28:07.500000+00:00,1942,,
venus,rashi,Aries,1942-08-11T01:01:52.500000+00:00,1942,,
venus,rashi,Pisces,1942-11-30T13:30:00+00:00,1942,,
venus,rashi,Aries,1943-03-23T18:56:15+00:00,1943,,
venus,rashi,Pisces,1943-07-13T11:03:45+00:00,1943,,
venus,rashi,Aries,1943-11-03T13:46:52.500000+00:00,1943,,
venus,rashi,Pisces,1944-02-23T00:33:45+00:00,1944,,
venus,rashi,Aries,1944-06-15T02:26:15+00:00,1944,,
venus,rashi,Pisces,1944-10-04T17:31:52.500000+00:00,1944,,
venus,rashi,Aries,1945-01-25T23:26:15+00:00,1945,,
venus,rashi,Pisces,1945-05-17T13:07:30+00:00,1945,,
venus,rashi,Aries,1945-09-07T13:58:07.500000+00:00,1945,,
venus,rashi,Pisces,1945-12-28T01:30:00+00:00,1945,,
venus,rashi,Aries,1946-04-20T05:54:22.500000+00:00,1946,,
venus,rashi,Pisces,1946-08-09T22:01:52.500000+00:00,1946,,
venus,rashi,Aries,1946-12-01T02:15:00+00:00,1946,,
venus,rashi,Pisces,1947-03-22T13:41:15+00:00,1947,,
venus,rashi,Aries,1947-07-13T14:43:07.500000+00:00,1947,,
venus,rashi,Pisces,1947-11-02T04:41:15+00:00,1947,,
venus,rashi,Aries,1948-02-23T10:18:45+00:00,1948,,
venus,rashi,Pisces,1948-06-14T01:18:45+00:00,1948,,
venus,rashi,Aries,1948-10-05T03:11:15+00:00,1948,,
venus,rashi,Pisces,1949-01-24T13:58:07.500000+00:00,1949,,
venus,rashi,Aries,1949-05-17T17:20:37.500000+00:00,1949,,
venus,rashi,Pisces,1949-09-06T08:54:22.500000+00:00,1949,,
venus,rashi,Aries,1949-12-28T14:09:22.500000+00:00,1949,,
venus,rashi,Pisces,1950-04-19T02:37:30+00:00,1950,,
venus,rashi,Aries,1950-08-10T03:22:30+00:00,1950,,
venus,rashi,Pisces,1950-11-29T16:13:07.500000+00:00,1950,,
venus,rashi,Aries,1951-03-22T21:22:30+00:00,1951,,
venus,rashi,Pisces,1951-07-12T12:56:15+00:00,1951,,
venus,rashi,Aries,1951-11-02T15:50:37.500000+00:00,1951,,
venus,rashi,Pisces,1952-02-22T02:54:22.500000+00:00,1952,,
venus,rashi,Aries,1952-06-14T05:03:45+00:00,1952,,
venus,rashi,Pisces,1952-10-03T20:03:45+00:00,1952,,
venus,rashi,Aries,1953-01-25T01:24:22.500000+00:00,1953,,
venus,rashi,Pisces,1953-05-16T15:05:37.500000+00:00,1953,,
venus,rashi,Aries,1953-09-06T16:30:00+00:00,1953,,
venus,rashi,Pisces,1953-12-27T04:07:30+00:00,1953,,
venus,rashi,Aries,1954-04-19T08:31:52.500000+00:00,1954,,
venus,rashi,Pisces,1954-08-09T00:05:37.500000+00:00,1954,,
venus,rashi,Aries,1954-11-30T04:07:30+00:00,1954,,
venus,rashi,Pisces,1955-03-21T16:07:30+00:00,1955,,
venus,rashi,Aries,1955-07-12T17:20:37.500000+00:00,1955,,
venus,rashi,Pisces,1955-11-01T07:18:45+00:00,1955,,
venus,rashi,Aries,1956-02-22T12:39:22.500000+00:00,1956,,
venus,rashi,Pisces,1956-06-13T03:11:15+00:00,1956,,
venus,rashi,Aries,1956-10-04T05:20:37.500000+00:00,1956,,
venus,rashi,Pisces,1957-01-23T16:35:37.500000+00:00,1957,,
venus,rashi,Aries,1957-05-16T19:52:30+00:00,1957,,
venus,rashi,Pisces,1957-09-05T11:20:37.500000+00:00,1957,,
venus,rashi,Aries,1957-12-27T16:01:52.500000+00:00,1957,,
venus,rashi,Pisces,1958-04-18T04:41:15+00:00,1958,,
venus,rashi,Aries,1958-08-09T06:00:00+00:00,1958,,
venus,rashi,Pisces,1958-11-28T18:50:37.500000+00:00,1958,,
venus,rashi,Aries,1959-03-21T23:48:45+00:00,1959,,
venus,rashi,Pisces,1959-07-11T15:00:00+00:00,1959,,
venus,rashi,Aries,1959-11-01T17:48:45+00:00,1959,,
venus,rashi,Pisces,1960-02-21T05:26:15+00:00,1960,,
venus,rashi,Aries,1960-06-13T07:46:52.500000+00:00,1960,,
venus,rashi,Pisces,1960-10-02T22:30:00+00:00,1960,,
venus,rashi,Aries,1961-01-24T03:39:22.500000+00:00,1961,,
venus,rashi,Pisces,1961-05-15T17:03:45+00:00,1961,,
venus,rashi,Aries,1961-09-05T18:50:37.500000+00:00,1961,,
venus,rashi,Pisces,1961-12-26T06:45:00+00:00,1961,,
venus,rashi,Aries,1962-04-18T11:03:45+00:00,1962,,
venus,rashi,Pisces,1962-08-08T02:20:37.500000+00:00,1962,,
venus,rashi,Aries,1962-11-29T06:05:37.500000+00:00,1962,,
venus,rashi,Pisces,1963-03-20T18:11:15+00:00,1963,,
venus,rashi,Aries,1963-07-11T20:03:45+00:00,1963,,
venus,rashi,Pisces,1963-10-31T09:45:00+00:00,1963,,
venus,rashi,Aries,1964-02-21T14:48:45+00:00,1964,,
venus,rashi,Pisces,1964-06-12T05:09:22.500000+00:00,1964,,
venus,rashi,Aries,1964-10-03T07:30:00+00:00,1964,,
venus,rashi,Pisces,1965-01-22T19:13:07.500000+00:00,1965,,
venus,rashi,Aries,1965-05-15T22:35:37.500000+00:00,1965,,
venus,rashi,Pisces,1965-09-04T13:30:00+00:00,1965,,
venus,rashi,Aries,1965-12-26T18:11:15+00:00,1965,,
venus,rashi,Pisces,1966-04-17T06:45:00+00:00,1966,,
venus,rashi,Aries,1966-08-08T08:31:52.500000+00:00,1966,,
venus,rashi,Pisces,1966-11-27T21:33:45+00:00,1966,,
venus,rashi,Aries,1967-03-21T02:03:45+00:00,1967,,
venus,rashi,Pisces,1967-07-10T17:03:45+00:00,1967,,
venus,rashi,Aries,1967-10-31T19:58:07.500000+00:00,1967,,
venus,rashi,Pisces,1968-02-20T07:46:52.500000+00:00,1968,,
venus,rashi,Aries,1968-06-12T10:30:00+00:00,1968,,
venus,rashi,Pisces,1968-10-02T00:50:37.500000+00:00,1968,,
venus,rashi,Aries,1969-01-23T05:37:30+00:00,1969,,
venus,rashi,Pisces,1969-05-14T19:01:52.500000+00:00,1969,,
venus,rashi,Aries,1969-09-04T21:05:37.500000+00:00,1969,,
venus,rashi,Pisces,1969-12-25T09:28:07.500000+00:00,1969,,
venus,rashi,Aries,1970-04-17T13:35:37.500000+00:00,1970,,
venus,rashi,Pisces,1970-08-07T04:18:45+00:00,1970,,
venus,rashi,Aries,1970-11-28T08:09:22.500000+00:00,1970,,
venus,rashi,Pisces,1971-03-19T20:26:15+00:00,1971,,
venus,rashi,Aries,1971-07-10T22:35:37.500000+00:00,1971,,
venus,rashi,Pisces,1971-10-30T12:28:07.500000+00:00,1971,,
venus,rashi,Aries,1972-02-20T16:58:07.500000+00:00,1972,,
venus,rashi,Pisces,1972-06-11T07:07:30+00:00,1972,,
venus,rashi,Aries,1972-10-02T09:45:00+00:00,1972,,
venus,rashi,Pisces,1973-01-21T21:45:00+00:00,1973,,
venus,rashi,Aries,1973-05-15T01:18:45+00:00,1973,,
venus,rashi,Pisces,1973-09-03T15:45:00+00:00,1973,,
venus,rashi,Aries,1973-12-25T20:03:45+00:00,1973,,
venus,rashi,Pisces,1974-04-16T09:00:00+00:00,1974,,
venus,rashi,Aries,1974-08-07T10:58:07.500000+00:00,1974,,
venus,rashi,Pisces,1974-11-27T00:11:15+00:00,1974,,
venus,rashi,Aries,1975-03-20T04:30:00+00:00,1975,,
venus,rashi,Pisces,1975-07-09T18:50:37.500000+00:00,1975,,
venus,rashi,Aries,1975-10-30T22:01:52.500000+00:00,1975,,
venus,rashi,Pisces,1976-02-19T10:13:07.500000+00:00,1976,,
venus,rashi,Aries,1976-06-11T13:07:30+00:00,1976,,
venus,rashi,Pisces,1976-10-01T03:22:30+00:00,1976,,
venus,rashi,Aries,1977-01-22T07:35:37.500000+00:00,1977,,
venus,rashi,Pisces,1977-05-13T21:00:00+00:00,1977,,
venus,rashi,Aries,1977-09-03T23:37:30+00:00,1977,,
venus,rashi,Pisces,1977-12-24T12:05:37.500000+00:00,1977,,
venus,rashi,Aries,1978-04-16T16:07:30+00:00,1978,,
venus,rashi,Pisces,1978-08-06T06:28:07.500000+00:00,1978,,
venus,rashi,Aries,1978-11-27T10:01:52.500000+00:00,1978,,
venus,rashi,Pisces,1979-03-18T22:52:30+00:00,1979,,
venus,rashi,Aries,1979-07-10T01:13:07.500000+00:00,1979,,
venus,rashi,Pisces,1979-10-29T15:00:00+00:00,1979,,
venus,rashi,Aries,1980-02-19T19:13:07.500000+00:00,1980,,
venus,rashi,Pisces,1980-06-10T09:00:00+00:00,1980,,
venus,rashi,Aries,1980-10-01T11:54:22.500000+00:00,1980,,
venus,rashi,Pisces,1981-01-21T00:22:30+00:00,1981,,
venus,rashi,Aries,1981-05-14T03:50:37.500000+00:00,1981,,
venus,rashi,Pisces,1981-09-02T18:05:37.500000+00:00,1981,,
venus,rashi,Aries,1981-12-24T21:56:15+00:00,1981,,
venus,rashi,Pisces,1982-04-15T11:03:45+00:00,1982,,
venus,rashi,Aries,1982-08-06T13:35:37.500000+00:00,1982,,
venus,rashi,Pisces,1982-11-26T02:48:45+00:00,1982,,
venus,rashi,Aries,1983-03-19T06:50:37.500000+00:00,1983,,
venus,rashi,Pisces,1983-07-08T20:54:22.500000+00:00,1983,,
venus,rashi,Aries,1983-10-30T00:00:00+00:00,1983,,
venus,rashi,Pisces,1984-02-18T12:45:00+00:00,1984,,
venus,rashi,Aries,1984-06-10T15:45:00+00:00,1984,,
venus,rashi,Pisces,1984-09-30T05:43:07.500000+00:00,1984,,
venus,rashi,Aries,1985-01-21T09:45:00+00:00,1985,,
venus,rashi,Pisces,1985-05-12T22:58:07.500000+00:00,1985,,
venus,rashi,Aries,1985-09-03T01:58:07.500000+00:00,1985,,
venus,rashi,Pisces,1985-12-23T14:48:45+00:00,1985,,
venus,rashi,Aries,1986-04-15T18:33:45+00:00,1986,,
venus,rashi,Pisces,1986-08-05T08:31:52.500000+00:00,1986,,
venus,rashi,Aries,1986-11-26T12:00:00+00:00,1986,,
venus,rashi,Pisces,1987-03-18T01:01:52.500000+00:00,1987,,
venus,rashi,Aries,1987-07-09T03:56:15+00:00,1987,,
venus,rashi,Pisces,1987-10-28T17:31:52.500000+00:00,1987,,
venus,rashi,Aries,1988-02-18T21:22:30+00:00,1988,,
venus,rashi,Pisces,1988-06-09T10:58:07.500000+00:00,1988,,
venus,rashi,Aries,1988-09-30T14:03:45+00:00,1988,,
venus,rashi,Pisces,1989-01-20T03:05:37.500000+00:00,1989,,
venus,rashi,Aries,1989-05-13T06:28:07.500000+00:00,1989,,
venus,rashi,Pisces,1989-09-01T20:09:22.500000+00:00,1989,,
venus,rashi,Aries,1989-12-24T00:00:00+00:00,1989,,
venus,rashi,Pisces,1990-04-14T13:07:30+00:00,1990,,
venus,rashi,Aries,1990-08-05T16:07:30+00:00,1990,,
venus,rashi,Pisces,1990-11-25T05:31:52.500000+00:00,1990,,
venus,rashi,Aries,1991-03-18T09:05:37.500000+00:00,1991,,
venus,rashi,Pisces,1991-07-07T22:58:07.500000+00:00,1991,,
venus,rashi,Aries,1991-10-29T02:09:22.500000+00:00,1991,,
venus,rashi,Pisces,1992-02-17T15:11:15+00:00,1992,,
venus,rashi,Aries,1992-06-09T18:33:45+00:00,1992,,
venus,rashi,Pisces,1992-09-29T08:09:22.500000+00:00,1992,,
venus,rashi,Aries,1993-01-20T11:43:07.500000+00:00,1993,,
venus,rashi,Pisces,1993-05-12T01:01:52.500000+00:00,1993,,
venus,rashi,Aries,1993-09-02T04:13:07.500000+00:00,1993,,
venus,rashi,Pisces,1993-12-22T17:31:52.500000+00:00,1993,,
venus,rashi,Aries,1994-04-14T21:05:37.500000+00:00,1994,,
venus,rashi,Pisces,1994-08-04T10:30:00+00:00,1994,,
venus,rashi,Aries,1994-11-25T14:03:45+00:00,1994,,
venus,rashi,Pisces,1995-03-17T03:22:30+00:00,1995,,
venus,rashi,Aries,1995-07-08T06:33:45+00:00,1995,,
venus,rashi,Pisces,1995-10-27T20:09:22.500000+00:00,1995,,
venus,rashi,Aries,1996-02-17T23:26:15+00:00,1996,,
venus,rashi,Pisces,1996-06-08T12:56:15+00:00,1996,,
venus,rashi,Aries,1996-09-29T16:30:00+00:00,1996,,
venus,rashi,Pisces,1997-01-19T05:31:52.500000+00:00,1997,,
venus,rashi,Aries,1997-05-12T09:11:15+00:00,1997,,
venus,rashi,Pisces,1997-08-31T22:24:22.500000+00:00,1997,,
venus,rashi,Aries,1997-12-23T01:52:30+00:00,1997,,
venus,rashi,Pisces,1998-04-13T15:22:30+00:00,1998,,
venus,rashi,Aries,1998-08-04T18:33:45+00:00,1998,,
venus,rashi,Pisces,1998-11-24T08:09:22.500000+00:00,1998,,
venus,rashi,Aries,1999-03-17T11:31:52.500000+00:00,1999,,
venus,rashi,Pisces,1999-07-07T00:45:00+00:00,1999,,
venus,rashi,Aries,1999-10-28T04:13:07.500000+00:00,1999,,
venus,rashi,Pisces,2000-02-16T17:37:30+00:00,2000,,
venus,rashi,Aries,2000-06-08T21:11:15+00:00,2000,,
venus,rashi,Pisces,2000-09-28T10:35:37.500000+00:00,2000,,
venus,rashi,Aries,2001-01-19T13:41:15+00:00,2001,,
venus,rashi,Pisces,2001-05-11T03:00:00+00:00,2001,,
venus,rashi,Aries,2001-09-01T06:45:00+00:00,2001,,
venus,rashi,Pisces,2001-12-21T20:09:22.500000+00:00,2001,,
venus,rashi,Aries,2002-04-13T23:37:30+00:00,2002,,
venus,rashi,Pisces,2002-08-03T12:39:22.500000+00:00,2002,,
venus,rashi,Aries,2002-11-24T15:56:15+00:00,2002,,
venus,rashi,Pisces,2003-03-16T05:48:45+00:00,2003,,
venus,rashi,Aries,2003-07-07T09:11:15+00:00,2003,,
venus,rashi,Pisces,2003-10-26T22:41:15+00:00,2003,,
venus,rashi,Aries,2004-02-17T01:41:15+00:00,2004,,
venus,rashi,Pisces,2004-06-07T14:48:45+00:00,2004,,
venus,rashi,Aries,2004-09-28T18:39:22.500000+00:00,2004,,
venus,rashi,Pisces,2005-01-18T08:15:00+00:00,2005,,
venus,rashi,Aries,2005-05-11T11:37:30+00:00,2005,,
venus,rashi,Pisces,2005-08-31T00:45:00+00:00,2005,,
venus,rashi,Aries,2005-12-22T03:50:37.500000+00:00,2005,,
venus,rashi,Pisces,2006-04-12T17:26:15+00:00,2006,,
venus,rashi,Aries,2006-08-03T21:16:52.500000+00:00,2006,,
venus,rashi,Pisces,2006-11-23T10:46:52.500000+00:00,2006,,
venus,rashi,Aries,2007-03-16T13:46:52.500000+00:00,2007,,
venus,rashi,Pisces,2007-07-06T02:48:45+00:00,2007,,
venus,rashi,Aries,2007-10-27T06:16:52.500000+00:00,2007,,
venus,rashi,Pisces,2008-02-15T20:15:00+00:00,2008,,
venus,rashi,Aries,2008-06-07T23:48:45+00:00,2008,,
venus,rashi,Pisces,2008-09-27T12:50:37.500000+00:00,2008,,
venus,rashi,Aries,2009-01-18T15:50:37.500000+00:00,2009,,
venus,rashi,Pisces,2009-05-10T04:58:07.500000+00:00,2009,,
venus,rashi,Aries,2009-08-31T09:05:37.500000+00:00,2009,,
venus,rashi,Pisces,2009-12-20T22:52:30+00:00,2009,,
venus,rashi,Aries,2010-04-13T02:03:45+00:00,2010,,
venus,rashi,Pisces,2010-08-02T14:43:07.500000+00:00,2010,,
venus,rashi,Aries,2010-11-23T17:54:22.500000+00:00,2010,,
venus,rashi,Pisces,2011-03-15T07:58:07.500000+00:00,2011,,
venus,rashi,Aries,2011-07-06T11:54:22.500000+00:00,2011,,
venus,rashi,Pisces,2011-10-26T01:07:30+00:00,2011,,
venus,rashi,Aries,2012-02-16T03:45:00+00:00,2012,,
venus,rashi,Pisces,2012-06-06T16:46:52.500000+00:00,2012,,
venus,rashi,Aries,2012-09-27T20:48:45+00:00,2012,,
venus,rashi,Pisces,2013-01-17T10:52:30+00:00,2013,,
venus,rashi,Aries,2013-05-10T14:20:37.500000+00:00,2013,,
venus,rashi,Pisces,2013-08-30T02:48:45+00:00,2013,,
venus,rashi,Aries,2013-12-21T05:54:22.500000+00:00,2013,,
venus,rashi,Pisces,2014-04-11T19:35:37.500000+00:00,2014,,
venus,rashi,Aries,2014-08-02T23:48:45+00:00,2014,,
venus,rashi,Pisces,2014-11-22T13:30:00+00:00,2014,,
venus,rashi,Aries,2015-03-15T16:01:52.500000+00:00,2015,,
venus,rashi,Pisces,2015-07-05T04:52:30+00:00,2015,,
venus,rashi,Aries,2015-10-26T08:26:15+00:00,2015,,
venus,rashi,Pisces,2016-02-14T22:35:37.500000+00:00,2016,,
venus,rashi,Aries,2016-06-07T02:31:52.500000+00:00,2016,,
venus,rashi,Pisces,2016-09-26T15:16:52.500000+00:00,2016,,
venus,rashi,Aries,2017-01-17T17:43:07.500000+00:00,2017,,
venus,rashi,Pisces,2017-05-09T07:07:30+00:00,2017,,
venus,rashi,Aries,2017-08-30T11:26:15+00:00,2017,,
venus,rashi,Pisces,2017-12-20T01:35:37.500000+00:00,2017,,
venus,rashi,Aries,2018-04-12T04:35:37.500000+00:00,2018,,
venus,rashi,Pisces,2018-08-01T16:41:15+00:00,2018,,
venus,rashi,Aries,2018-11-22T19:58:07.500000+00:00,2018,,
venus,rashi,Pisces,2019-03-14T10:18:45+00:00,2019,,
venus,rashi,Aries,2019-07-05T14:31:52.500000+00:00,2019,,
venus,rashi,Pisces,2019-10-25T03:45:00+00:00,2019,,
venus,rashi,Aries,2020-02-15T05:54:22.500000+00:00,2020,,
venus,rashi,Pisces,2020-06-05T18:50:37.500000+00:00,2020,,
venus,rashi,Aries,2020-09-26T23:15:00+00:00,2020,,
venus,rashi,Pisces,2021-01-16T13:24:22.500000+00:00,2021,,
venus,rashi,Aries,2021-05-09T16:58:07.500000+00:00,2021,,
venus,rashi,Pisces,2021-08-29T05:03:45+00:00,2021,,
venus,rashi,Aries,2021-12-20T07:46:52.500000+00:00,2021,,
venus,rashi,Pisces,2022-04-10T21:50:37.500000+00:00,2022,,
venus,rashi,Aries,2022-08-02T02:20:37.500000+00:00,2022,,
venus,rashi,Pisces,2022-11-21T16:07:30+00:00,2022,,
venus,rashi,Aries,2023-03-14T18:28:07.500000+00:00,2023,,
venus,rashi,Pisces,2023-07-04T06:39:22.500000+00:00,2023,,
venus,rashi,Aries,2023-10-25T10:30:00+00:00,2023,,
venus,rashi,Pisces,2024-02-14T01:13:07.500000+00:00,2024,,
venus,rashi,Aries,2024-06-06T05:09:22.500000+00:00,2024,,
venus,rashi,Pisces,2024-09-25T17:37:30+00:00,2024,,
venus,rashi,Aries,2025-01-16T19:46:52.500000+00:00,2025,,
venus,rashi,Pisces,2025-05-08T09:05:37.500000+00:00,2025,,
venus,rashi,Aries,2025-08-29T14:03:45+00:00,2025,,
venus,rashi,Pisces,2025-12-19T04:13:07.500000+00:00,2025,,
venus,nakshatra,,1900-02-27T20:48:45+00:00,1900,Ashwini,1.0
venus,nakshatra,,1900-06-19T13:41:15+00:00,1900,Revati,4.0
venus,nakshatra,,1900-10-10T14:20:37.500000+00:00,1900,Ashwini,1.0
venus,nakshatra,,1901-01-29T22:46:52.500000+00:00,1901,Revati,4.0
venus,nakshatra,,1901-05-23T01:18:45+00:00,1901,Ashwini,1.0
venus,nakshatra,,1901-09-11T19:01:52.500000+00:00,1901,Revati,4.0
venus,nakshatra,,1902-01-03T02:20:37.500000+00:00,1902,Ashwini,1.0
venus,nakshatra,,1902-04-24T14:20:37.500000+00:00,1902,Revati,4.0
venus,nakshatra,,1902-08-15T12:33:45+00:00,1902,Ashwini,1.0
venus,nakshatra,,1902-12-05T00:05:37.500000+00:00,1902,Revati,4.0
venus,nakshatra,,1903-03-28T06:50:37.500000+00:00,1903,Ashwini,1.0
venus,nakshatra,,1903-07-18T00:50:37.500000+00:00,1903,Revati,4.0
venus,nakshatra,,1903-11-08T03:50:37.500000+00:00,1903,Ashwini,1.0
venus,nakshatra,,1904-02-27T12:33:45+00:00,1904,Revati,4.0
venus,nakshatra,,1904-06-19T12:56:15+00:00,1904,Ashwini,1.0
venus,nakshatra,,1904-10-09T05:09:22.500000+00:00,1904,Revati,4.0
venus,nakshatra,,1905-01-30T12:56:15+00:00,1905,Ashwini,1.0
venus,nakshatra,,1905-05-22T03:16:52.500000+00:00,1905,Revati,4.0
venus,nakshatra,,1905-09-12T02:31:52.500000+00:00,1905,Ashwini,1.0
venus,nakshatra,,1906-01-01T12:11:15+00:00,1906,Revati,4.0
venus,nakshatra,,1906-04-24T17:09:22.500000+00:00,1906,Ashwini,1.0
venus,nakshatra,,1906-08-14T11:15:00+00:00,1906,Revati,4.0
venus,nakshatra,,1906-12-05T16:30:00+00:00,1906,Ashwini,1.0
venus,nakshatra,,1907-03-27T02:48:45+00:00,1907,Revati,4.0
venus,nakshatra,,1907-07-18T01:35:37.500000+00:00,1907,Ashwini,1.0
venus,nakshatra,,1907-11-06T15:39:22.500000+00:00,1907,Revati,4.0
venus,nakshatra,,1908-02-27T23:09:22.500000+00:00,1908,Ashwini,1.0
venus,nakshatra,,1908-06-18T15:33:45+00:00,1908,Revati,4.0
venus,nakshatra,,1908-10-09T16:30:00+00:00,1908,Ashwini,1.0
venus,nakshatra,,1909-01-29T01:13:07.500000+00:00,1909,Revati,4.0
venus,nakshatra,,1909-05-22T03:56:15+00:00,1909,Ashwini,1.0
venus,nakshatra,,1909-09-10T21:28:07.500000+00:00,1909,Revati,4.0
venus,nakshatra,,1910-01-02T04:13:07.500000+00:00,1910,Ashwini,1.0
venus,nakshatra,,1910-04-23T16:18:45+00:00,1910,Revati,4.0
venus,nakshatra,,1910-08-14T15:00:00+00:00,1910,Ashwini,1.0
venus,nakshatra,,1910-12-04T02:43:07.500000+00:00,1910,Revati,4.0
venus,nakshatra,,1911-03-27T09:22:30+00:00,1911,Ashwini,1.0
venus,nakshatra,,1911-07-17T02:48:45+00:00,1911,Revati,4.0
venus,nakshatra,,1911-11-07T05:43:07.500000+00:00,1911,Ashwini,1.0
venus,nakshatra,,1912-02-26T15:05:37.500000+00:00,1912,Revati,4.0
venus,nakshatra,,1912-06-18T15:39:22.500000+00:00,1912,Ashwini,1.0
venus,nakshatra,,1912-10-08T07:35:37.500000+00:00,1912,Revati,4.0
venus,nakshatra,,1913-01-29T15:05:37.500000+00:00,1913,Ashwini,1.0
venus,nakshatra,,1913-05-21T05:09:22.500000+00:00,1913,Revati,4.0
venus,nakshatra,,1913-09-11T04:58:07.500000+00:00,1913,Ashwini,1.0
venus,nakshatra,,1913-12-31T14:48:45+00:00,1913,Revati,4.0
venus,nakshatra,,1914-04-23T19:41:15+00:00,1914,Ashwini,1.0
venus,nakshatra,,1914-08-13T13:30:00+00:00,1914,Revati,4.0
venus,nakshatra,,1914-12-04T18:22:30+00:00,1914,Ashwini,1.0
venus,nakshatra,,1915-03-26T04:58:07.500000+00:00,1915,Revati,4.0
venus,nakshatra,,1915-07-17T04:13:07.500000+00:00,1915,Ashwini,1.0
venus,nakshatra,,1915-11-05T18:11:15+00:00,1915,Revati,4.0
venus,nakshatra,,1916-02-27T01:30:00+00:00,1916,Ashwini,1.0
venus,nakshatra,,1916-06-17T17:31:52.500000+00:00,1916,Revati,4.0
venus,nakshatra,,1916-10-08T18:33:45+00:00,1916,Ashwini,1.0
venus,nakshatra,,1917-01-28T03:50:37.500000+00:00,1917,Revati,4.0
venus,nakshatra,,1917-05-21T06:33:45+00:00,1917,Ashwini,1.0
venus,nakshatra,,1917-09-09T23:43:07.500000+00:00,1917,Revati,4.0
venus,nakshatra,,1918-01-01T06:16:52.500000+00:00,1918,Ashwini,1.0
venus,nakshatra,,1918-04-22T18:16:52.500000+00:00,1918,Revati,4.0
venus,nakshatra,,1918-08-13T17:31:52.500000+00:00,1918,Ashwini,1.0
venus,nakshatra,,1918-12-03T05:26:15+00:00,1918,Revati,4.0
venus,nakshatra,,1919-03-26T11:43:07.500000+00:00,1919,Ashwini,1.0
venus,nakshatra,,1919-07-16T05:03:45+00:00,1919,Revati,4.0
venus,nakshatra,,1919-11-06T07:46:52.500000+00:00,1919,Ashwini,1.0
venus,nakshatra,,1920-02-25T17:26:15+00:00,1920,Revati,4.0
venus,nakshatra,,1920-06-17T18:22:30+00:00,1920,Ashwini,1.0
venus,nakshatra,,1920-10-07T10:07:30+00:00,1920,Revati,4.0
venus,nakshatra,,1921-01-28T17:15:00+00:00,1921,Ashwini,1.0
venus,nakshatra,,1921-05-20T07:13:07.500000+00:00,1921,Revati,4.0
venus,nakshatra,,1921-09-10T07:01:52.500000+00:00,1921,Ashwini,1.0
venus,nakshatra,,1921-12-30T17:31:52.500000+00:00,1921,Revati,4.0
venus,nakshatra,,1922-04-22T22:13:07.500000+00:00,1922,Ashwini,1.0
venus,nakshatra,,1922-08-12T15:33:45+00:00,1922,Revati,4.0
venus,nakshatra,,1922-12-03T20:20:37.500000+00:00,1922,Ashwini,1.0
venus,nakshatra,,1923-03-25T07:01:52.500000+00:00,1923,Revati,4.0
venus,nakshatra,,1923-07-16T06:50:37.500000+00:00,1923,Ashwini,1.0
venus,nakshatra,,1923-11-04T20:48:45+00:00,1923,Revati,4.0
venus,nakshatra,,1924-02-26T03:39:22.500000+00:00,1924,Ashwini,1.0
venus,nakshatra,,1924-06-16T19:30:00+00:00,1924,Revati,4.0
venus,nakshatra,,1924-10-07T20:43:07.500000+00:00,1924,Ashwini,1.0
venus,nakshatra,,1925-01-27T06:22:30+00:00,1925,Revati,4.0
venus,nakshatra,,1925-05-20T09:22:30+00:00,1925,Ashwini,1.0
venus,nakshatra,,1925-09-09T02:03:45+00:00,1925,Revati,4.0
venus,nakshatra,,1925-12-31T08:15:00+00:00,1925,Ashwini,1.0
venus,nakshatra,,1926-04-21T20:26:15+00:00,1926,Revati,4.0
venus,nakshatra,,1926-08-12T19:58:07.500000+00:00,1926,Ashwini,1.0
venus,nakshatra,,1926-12-02T08:09:22.500000+00:00,1926,Revati,4.0
venus,nakshatra,,1927-03-25T14:09:22.500000+00:00,1927,Ashwini,1.0
venus,nakshatra,,1927-07-15T06:56:15+00:00,1927,Revati,4.0
venus,nakshatra,,1927-11-05T09:50:37.500000+00:00,1927,Ashwini,1.0
venus,nakshatra,,1928-02-24T19:41:15+00:00,1928,Revati,4.0
venus,nakshatra,,1928-06-16T21:00:00+00:00,1928,Ashwini,1.0
venus,nakshatra,,1928-10-06T12:39:22.500000+00:00,1928,Revati,4.0
venus,nakshatra,,1929-01-27T19:13:07.500000+00:00,1929,Ashwini,1.0
venus,nakshatra,,1929-05-19T09:11:15+00:00,1929,Revati,4.0
venus,nakshatra,,1929-09-09T09:28:07.500000+00:00,1929,Ashwini,1.0
venus,nakshatra,,1929-12-29T20:09:22.500000+00:00,1929,Revati,4.0
venus,nakshatra,,1930-04-22T00:56:15+00:00,1930,Ashwini,1.0
venus,nakshatra,,1930-08-11T17:43:07.500000+00:00,1930,Revati,4.0
venus,nakshatra,,1930-12-02T22:18:45+00:00,1930,Ashwini,1.0
venus,nakshatra,,1931-03-24T09:22:30+00:00,1931,Revati,4.0
venus,nakshatra,,1931-07-15T09:28:07.500000+00:00,1931,Ashwini,1.0
venus,nakshatra,,1931-11-03T23:31:52.500000+00:00,1931,Revati,4.0
venus,nakshatra,,1932-02-25T06:00:00+00:00,1932,Ashwini,1.0
venus,nakshatra,,1932-06-15T21:22:30+00:00,1932,Revati,4.0
venus,nakshatra,,1932-10-06T22:52:30+00:00,1932,Ashwini,1.0
venus,nakshatra,,1933-01-26T08:54:22.500000+00:00,1933,Revati,4.0
venus,nakshatra,,1933-05-19T11:54:22.500000+00:00,1933,Ashwini,1.0
venus,nakshatra,,1933-09-08T04:30:00+00:00,1933,Revati,4.0
venus,nakshatra,,1933-12-30T10:07:30+00:00,1933,Ashwini,1.0
venus,nakshatra,,1934-04-20T22:30:00+00:00,1934,Revati,4.0
venus,nakshatra,,1934-08-11T22:30:00+00:00,1934,Ashwini,1.0
venus,nakshatra,,1934-12-01T10:46:52.500000+00:00,1934,Revati,4.0
venus,nakshatra,,1935-03-24T16:35:37.500000+00:00,1935,Ashwini,1.0
venus,nakshatra,,1935-07-14T08:54:22.500000+00:00,1935,Revati,4.0
venus,nakshatra,,1935-11-04T11:43:07.500000+00:00,1935,Ashwini,1.0
venus,nakshatra,,1936-02-23T22:13:07.500000+00:00,1936,Revati,4.0
venus,nakshatra,,1936-06-15T23:43:07.500000+00:00,1936,Ashwini,1.0
venus,nakshatra,,1936-10-05T15:05:37.500000+00:00,1936,Revati,4.0
venus,nakshatra,,1937-01-26T21:28:07.500000+00:00,1937,Ashwini,1.0
venus,nakshatra,,1937-05-18T11:03:45+00:00,1937,Revati,4.0
venus,nakshatra,,1937-09-08T11:48:45+00:00,1937,Ashwini,1.0
venus,nakshatra,,1937-12-28T22:46:52.500000+00:00,1937,Revati,4.0
venus,nakshatra,,1938-04-21T03:22:30+00:00,1938,Ashwini,1.0
venus,nakshatra,,1938-08-10T19:58:07.500000+00:00,1938,Revati,4.0
venus,nakshatra,,1938-12-02T00:16:52.500000+00:00,1938,Ashwini,1.0
venus,nakshatra,,1939-03-23T11:31:52.500000+00:00,1939,Revati,4.0
venus,nakshatra,,1939-07-14T12:05:37.500000+00:00,1939,Ashwini,1.0
venus,nakshatra,,1939-11-03T01:58:07.500000+00:00,1939,Revati,4.0
venus,nakshatra,,1940-02-24T08:15:00+00:00,1940,Ashwini,1.0
venus,nakshatra,,1940-06-14T23:20:37.500000+00:00,1940,Revati,4.0
venus,nakshatra,,1940-10-06T00:56:15+00:00,1940,Ashwini,1.0
venus,nakshatra,,1941-01-25T11:31:52.500000+00:00,1941,Revati,4.0
venus,nakshatra,,1941-05-18T14:37:30+00:00,1941,Ashwini,1.0
venus,nakshatra,,1941-09-07T06:39:22.500000+00:00,1941,Revati,4.0
venus,nakshatra,,1941-12-29T12:11:15+00:00,1941,Ashwini,1.0
venus,nakshatra,,1942-04-20T00:28:07.500000+00:00,1942,Revati,4.0
venus,nakshatra,,1942-08-11T01:01:52.500000+00:00,1942,Ashwini,1.0
venus,nakshatra,,1942-11-30T13:30:00+00:00,1942,Revati,4.0
venus,nakshatra,,1943-03-23T18:56:15+00:00,1943,Ashwini,1.0
venus,nakshatra,,1943-07-13T11:03:45+00:00,1943,Revati,4.0
venus,nakshatra,,1943-11-03T13:46:52.500000+00:00,1943,Ashwini,1.0
venus,nakshatra,,1944-02-23T00:33:45+00:00,1944,Revati,4.0
venus,nakshatra,,1944-06-15T02:26:15+00:00,1944,Ashwini,1.0
venus,nakshatra,,1944-10-04T17:31:52.500000+00:00,1944,Revati,4.0
venus,nakshatra,,1945-01-25T23:26:15+00:00,1945,Ashwini,1.0
venus,nakshatra,,1945-05-17T13:07:30+00:00,1945,Revati,4.0
venus,nakshatra,,1945-09-07T13:58:07.500000+00:00,1945,Ashwini,1.0
venus,nakshatra,,1945-12-28T01:30:00+00:00,1945,Revati,4.0
venus,nakshatra,,1946-04-20T05:54:22.500000+00:00,1946,Ashwini,1.0
venus,nakshatra,,1946-08-09T22:01:52.500000+00:00,1946,Revati,4.0
venus,nakshatra,,1946-12-01T02:15:00+00:00,1946,Ashwini,1.0
venus,nakshatra,,1947-03-22T13:41:15+00:00,1947,Revati,4.0
venus,nakshatra,,1947-07-13T14:43:07.500000+00:00,1947,Ashwini,1.0
venus,nakshatra,,1947-11-02T04:41:15+00:00,1947,Revati,4.0
venus,nakshatra,,1948-02-23T10:18:45+00:00,1948,Ashwini,1.0
venus,nakshatra,,1948-06-14T01:18:45+00:00,1948,Revati,4.0
venus,nakshatra,,1948-10-05T03:11:15+00:00,1948,Ashwini,1.0
venus,nakshatra,,1949-01-24T13:58:07.500000+00:00,1949,Revati,4.0
venus,nakshatra,,1949-05-17T17:20:37.500000+00:00,1949,Ashwini,1.0
venus,nakshatra,,1949-09-06T08:54:22.500000+00:00,1949,Revati,4.0
venus,nakshatra,,1949-12-28T14:09:22.500000+00:00,1949,Ashwini,1.0
venus,nakshatra,,1950-04-19T02:37:30+00:00,1950,Revati,4.0
venus,nakshatra,,1950-08-10T03:22:30+00:00,1950,Ashwini,1.0
venus,nakshatra,,1950-11-29T16:13:07.500000+00:00,1950,Revati,4.0
venus,nakshatra,,1951-03-22T21:22:30+00:00,1951,Ashwini,1.0
venus,nakshatra,,1951-07-12T12:56:15+00:00,1951,Revati,4.0
venus,nakshatra,,1951-11-02T15:50:37.500000+00:00,1951,Ashwini,1.0
venus,nakshatra,,1952-02-22T02:54:22.500000+00:00,1952,Revati,4.0
venus,nakshatra,,1952-06-14T05:03:45+00:00,1952,Ashwini,1.0
venus,nakshatra,,1952-10-03T20:03:45+00:00,1952,Revati,4.0
venus,nakshatra,,1953-01-25T01:24:22.500000+00:00,1953,Ashwini,1.0
venus,nakshatra,,1953-05-16T15:05:37.500000+00:00,1953,Revati,4.0
venus,nakshatra,,1953-09-06T16:30:00+00:00,1953,Ashwini,1.0
venus,nakshatra,,1953-12-27T04:07:30+00:00,1953,Revati,4.0
venus,nakshatra,,1954-04-19T08:31:52.500000+00:00,1954,Ashwini,1.0
venus,nakshatra,,1954-08-09T00:05:37.500000+00:00,1954,Revati,4.0
venus,nakshatra,,1954-11-30T04:07:30+00:00,1954,Ashwini,1.0
venus,nakshatra,,1955-03-21T16:07:30+00:00,1955,Revati,4.0
venus,nakshatra,,1955-07-12T17:20:37.500000+00:00,1955,Ashwini,1.0
venus,nakshatra,,1955-11-01T07:18:45+00:00,1955,Revati,4.0
venus,nakshatra,,1956-02-22T12:39:22.500000+00:00,1956,Ashwini,1.0
venus,nakshatra,,1956-06-13T03:11:15+00:00,1956,Revati,4.0
venus,nakshatra,,1956-10-04T05:20:37.500000+00:00,1956,Ashwini,1.0
venus,nakshatra,,1957-01-23T16:35:37.500000+00:00,1957,Revati,4.0
venus,nakshatra,,1957-05-16T19:52:30+00:00,1957,Ashwini,1.0
venus,nakshatra,,1957-09-05T11:20:37.500000+00:00,1957,Revati,4.0
venus,nakshatra,,1957-12-27T16:01:52.500000+00:00,1957,Ashwini,1.0
venus,nakshatra,,1958-04-18T04:41:15+00:00,1958,Revati,4.0
venus,nakshatra,,1958-08-09T06:00:00+00:00,1958,Ashwini,1.0
venus,nakshatra,,1958-11-28T18:50:37.500000+00:00,1958,Revati,4.0
venus,nakshatra,,1959-03-21T23:48:45+00:00,1959,Ashwini,1.0
venus,nakshatra,,1959-07-11T15:00:00+00:00,1959,Revati,4.0
venus,nakshatra,,1959-11-01T17:48:45+00:00,1959,Ashwini,1.0
venus,nakshatra,,1960-02-21T05:26:15+00:00,1960,Revati,4.0
venus,nakshatra,,1960-06-13T07:46:52.500000+00:00,1960,Ashwini,1.0
venus,nakshatra,,1960-10-02T22:30:00+00:00,1960,Revati,4.0
venus,nakshatra,,1961-01-24T03:39:22.500000+00:00,1961,Ashwini,1.0
venus,nakshatra,,1961-05-15T17:03:45+00:00,1961,Revati,4.0
venus,nakshatra,,1961-09-05T18:50:37.500000+00:00,1961,Ashwini,1.0
venus,nakshatra,,1961-12-26T06:45:00+00:00,1961,Revati,4.0
venus,nakshatra,,1962-04-18T11:03:45+00:00,1962,Ashwini,1.0
venus,nakshatra,,1962-08-08T02:20:37.500000+00:00,1962,Revati,4.0
venus,nakshatra,,1962-11-29T06:05:37.500000+00:00,1962,Ashwini,1.0
venus,nakshatra,,1963-03-20T18:11:15+00:00,1963,Revati,4.0
venus,nakshatra,,1963-07-11T20:03:45+00:00,1963,Ashwini,1.0
venus,nakshatra,,1963-10-31T09:45:00+00:00,1963,Revati,4.0
venus,nakshatra,,1964-02-21T14:48:45+00:00,1964,Ashwini,1.0
venus,nakshatra,,1964-06-12T05:09:22.500000+00:00,1964,Revati,4.0
venus,nakshatra,,1964-10-03T07:30:00+00:00,1964,Ashwini,1.0
venus,nakshatra,,1965-01-22T19:13:07.500000+00:00,1965,Revati,4.0
venus,nakshatra,,1965-05-15T22:35:37.500000+00:00,1965,Ashwini,1.0
venus,nakshatra,,1965-09-04T13:30:00+00:00,1965,Revati,4.0
venus,nakshatra,,1965-12-26T18:11:15+00:00,1965,Ashwini,1.0
venus,nakshatra,,1966-04-17T06:45:00+00:00,1966,Revati,4.0
venus,nakshatra,,1966-08-08T08:31:52.500000+00:00,1966,Ashwini,1.0
venus,nakshatra,,1966-11-27T21:33:45+00:00,1966,Revati,4.0
venus,nakshatra,,1967-03-21T02:03:45+00:00,1967,Ashwini,1.0
venus,nakshatra,,1967-07-10T17:03:45+00:00,1967,Revati,4.0
venus,nakshatra,,1967-10-31T19:58:07.500000+00:00,1967,Ashwini,1.0
venus,nakshatra,,1968-02-20T07:46:52.500000+00:00,1968,Revati,4.0
venus,nakshatra,,1968-06-12T10:30:00+00:00,1968,Ashwini,1.0
venus,nakshatra,,1968-10-02T00:50:37.500000+00:00,1968,Revati,4.0
venus,nakshatra,,1969-01-23T05:37:30+00:00,1969,Ashwini,1.0
venus,nakshatra,,1969-05-14T19:01:52.500000+00:00,1969,Revati,4.0
venus,nakshatra,,1969-09-04T21:05:37.500000+00:00,1969,Ashwini,1.0
venus,nakshatra,,1969-12-25T09:28:07.500000+00:00,1969,Revati,4.0
venus,nakshatra,,1970-04-17T13:35:37.500000+00:00,1970,Ashwini,1.0
venus,nakshatra,,1970-08-07T04:18:45+00:00,1970,Revati,4.0
venus,nakshatra,,1970-11-28T08:09:22.500000+00:00,1970,Ashwini,1.0
venus,nakshatra,,1971-03-19T20:26:15+00:00,1971,Revati,4.0
venus,nakshatra,,1971-07-10T22:35:37.500000+00:00,1971,Ashwini,1.0
venus,nakshatra,,1971-10-30T12:28:07.500000+00:00,1971,Revati,4.0
venus,nakshatra,,1972-02-20T16:58:07.500000+00:00,1972,Ashwini,1.0
venus,nakshatra,,1972-06-11T07:07:30+00:00,1972,Revati,4.0
venus,nakshatra,,1972-10-02T09:45:00+00:00,1972,Ashwini,1.0
venus,nakshatra,,1973-01-21T21:45:00+00:00,1973,Revati,4.0
venus,nakshatra,,1973-05-15T01:18:45+00:00,1973,Ashwini,1.0
venus,nakshatra,,1973-09-03T15:45:00+00:00,1973,Revati,4.0
venus,nakshatra,,1973-12-25T20:03:45+00:00,1973,Ashwini,1.0
venus,nakshatra,,1974-04-16T09:00:00+00:00,1974,Revati,4.0
venus,nakshatra,,1974-08-07T10:58:07.500000+00:00,1974,Ashwini,1.0
venus,nakshatra,,1974-11-27T00:11:15+00:00,1974,Revati,4.0
venus,nakshatra,,1975-03-20T04:30:00+00:00,1975,Ashwini,1.0
venus,nakshatra,,1975-07-09T18:50:37.500000+00:00,1975,Revati,4.0
venus,nakshatra,,1975-10-30T22:01:52.500000+00:00,1975,Ashwini,1.0
venus,nakshatra,,1976-02-19T10:13:07.500000+00:00,1976,Revati,4.0
venus,nakshatra,,1976-06-11T13:07:30+00:00,1976,Ashwini,1.0
venus,nakshatra,,1976-10-01T03:22:30+00:00,1976,Revati,4.0
venus,nakshatra,,1977-01-22T07:35:37.500000+00:00,1977,Ashwini,1.0
venus,nakshatra,,1977-05-13T21:00:00+00:00,1977,Revati,4.0
venus,nakshatra,,1977-09-03T23:37:30+00:00,1977,Ashwini,1.0
venus,nakshatra,,1977-12-24T12:05:37.500000+00:00,1977,Revati,4.0
venus,nakshatra,,1978-04-16T16:07:30+00:00,1978,Ashwini,1.0
venus,nakshatra,,1978-08-06T06:28:07.500000+00:00,1978,Revati,4.0
venus,nakshatra,,1978-11-27T10:01:52.500000+00:00,1978,Ashwini,1.0
venus,nakshatra,,1979-03-18T22:52:30+00:00,1979,Revati,4.0
venus,nakshatra,,1979-07-10T01:13:07.500000+00:00,1979,Ashwini,1.0
venus,nakshatra,,1979-10-29T15:00:00+00:00,1979,Revati,4.0
venus,nakshatra,,1980-02-19T19:13:07.500000+00:00,1980,Ashwini,1.0
venus,nakshatra,,1980-06-10T09:00:00+00:00,1980,Revati,4.0
venus,nakshatra,,1980-10-01T11:54:22.500000+00:00,1980,Ashwini,1.0
venus,nakshatra,,1981-01-21T00:22:30+00:00,1981,Revati,4.0
venus,nakshatra,,1981-05-14T03:50:37.500000+00:00,1981,Ashwini,1.0
venus,nakshatra,,1981-09-02T18:05:37.500000+00:00,1981,Revati,4.0
venus,nakshatra,,1981-12-24T21:56:15+00:00,1981,Ashwini,1.0
venus,nakshatra,,1982-04-15T11:03:45+00:00,1982,Revati,4.0
venus,nakshatra,,1982-08-06T13:35:37.500000+00:00,1982,Ashwini,1.0
venus,nakshatra,,1982-11-26T02:48:45+00:00,1982,Revati,4.0
venus,nakshatra,,1983-03-19T06:50:37.500000+00:00,1983,Ashwini,1.0
venus,nakshatra,,1983-07-08T20:54:22.500000+00:00,1983,Revati,4.0
venus,nakshatra,,1983-10-30T00:00:00+00:00,1983,Ashwini,1.0
venus,nakshatra,,1984-02-18T12:45:00+00:00,1984,Revati,4.0
venus,nakshatra,,1984-06-10T15:45:00+00:00,1984,Ashwini,1.0
venus,nakshatra,,1984-09-30T05:43:07.500000+00:00,1984,Revati,4.0
venus,nakshatra,,1985-01-21T09:45:00+00:00,1985,Ashwini,1.0
venus,nakshatra,,1985-05-12T22:58:07.500000+00:00,1985,Revati,4.0
venus,nakshatra,,1985-09-03T01:58:07.500000+00:00,1985,Ashwini,1.0
venus,nakshatra,,1985-12-23T14:48:45+00:00,1985,Revati,4.0
venus,nakshatra,,1986-04-15T18:33:45+00:00,1986,Ashwini,1.0
venus,nakshatra,,1986-08-05T08:31:52.500000+00:00,1986,Revati,4.0
venus,nakshatra,,1986-11-26T12:00:00+00:00,1986,Ashwini,1.0
venus,nakshatra,,1987-03-18T01:01:52.500000+00:00,1987,Revati,4.0
venus,nakshatra,,1987-07-09T03:56:15+00:00,1987,Ashwini,1.0
venus,nakshatra,,1987-10-28T17:31:52.500000+00:00,1987,Revati,4.0
venus,nakshatra,,1988-02-18T21:22:30+00:00,1988,Ashwini,1.0
venus,nakshatra,,1988-06-09T10:58:07.500000+00:00,1988,Revati,4.0
venus,nakshatra,,1988-09-30T14:03:45+00:00,1988,Ashwini,1.0
venus,nakshatra,,1989-01-20T03:05:37.500000+00:00,1989,Revati,4.0
venus,nakshatra,,1989-05-13T06:28:07.500000+00:00,1989,Ashwini,1.0
venus,nakshatra,,1989-09-01T20:09:22.500000+00:00,1989,Revati,4.0
venus,nakshatra,,1989-12-24T00:00:00+00:00,1989,Ashwini,1.0
venus,nakshatra,,1990-04-14T13:07:30+00:00,1990,Revati,4.0
venus,nakshatra,,1990-08-05T16:07:30+00:00,1990,Ashwini,1.0
venus,nakshatra,,1990-11-25T05:31:52.500000+00:00,1990,Revati,4.0
venus,nakshatra,,1991-03-18T09:05:37.500000+00:00,1991,Ashwini,1.0
venus,nakshatra,,1991-07-07T22:58:07.500000+00:00,1991,Revati,4.0
venus,nakshatra,,1991-10-29T02:09:22.500000+00:00,1991,Ashwini,1.0
venus,nakshatra,,1992-02-17T15:11:15+00:00,1992,Revati,4.0
venus,nakshatra,,1992-06-09T18:33:45+00:00,1992,Ashwini,1.0
venus,nakshatra,,1992-09-29T08:09:22.500000+00:00,1992,Revati,4.0
venus,nakshatra,,1993-01-20T11:43:07.500000+00:00,1993,Ashwini,1.0
venus,nakshatra,,1993-05-12T01:01:52.500000+00:00,1993,Revati,4.0
venus,nakshatra,,1993-09-02T04:13:07.500000+00:00,1993,Ashwini,1.0
venus,nakshatra,,1993-12-22T17:31:52.500000+00:00,1993,Revati,4.0
venus,nakshatra,,1994-04-14T21:05:37.500000+00:00,1994,Ashwini,1.0
venus,nakshatra,,1994-08-04T10:30:00+00:00,1994,Revati,4.0
venus,nakshatra,,1994-11-25T14:03:45+00:00,1994,Ashwini,1.0
venus,nakshatra,,1995-03-17T03:22:30+00:00,1995,Revati,4.0
venus,nakshatra,,1995-07-08T06:33:45+00:00,1995,Ashwini,1.0
venus,nakshatra,,1995-10-27T20:09:22.500000+00:00,1995,Revati,4.0
venus,nakshatra,,1996-02-17T23:26:15+00:00,1996,Ashwini,1.0
venus,nakshatra,,1996-06-08T12:56:15+00:00,1996,Revati,4.0
venus,nakshatra,,1996-09-29T16:30:00+00:00,1996,Ashwini,1.0
venus,nakshatra,,1997-01-19T05:31:52.500000+00:00,1997,Revati,4.0
venus,nakshatra,,1997-05-12T09:11:15+00:00,1997,Ashwini,1.0
venus,nakshatra,,1997-08-31T22:24:22.500000+00:00,1997,Revati,4.0
venus,nakshatra,,1997-12-23T01:52:30+00:00,1997,Ashwini,1.0
venus,nakshatra,,1998-04-13T15:22:30+00:00,1998,Revati,4.0
venus,nakshatra,,1998-08-04T18:33:45+00:00,1998,Ashwini,1.0
venus,nakshatra,,1998-11-24T08:09:22.500000+00:00,1998,Revati,4.0
venus,nakshatra,,1999-03-17T11:31:52.500000+00:00,1999,Ashwini,1.0
venus,nakshatra,,1999-07-07T00:45:00+00:00,1999,Revati,4.0
venus,nakshatra,,1999-10-28T04:13:07.500000+00:00,1999,Ashwini,1.0
venus,nakshatra,,2000-02-16T17:37:30+00:00,2000,Revati,4.0
venus,nakshatra,,2000-06-08T21:11:15+00:00,2000,Ashwini,1.0
venus,nakshatra,,2000-09-28T10:35:37.500000+00:00,2000,Revati,4.0
venus,nakshatra,,2001-01-19T13:41:15+00:00,2001,Ashwini,1.0
venus,nakshatra,,2001-05-11T03:00:00+00:00,2001,Revati,4.0
venus,nakshatra,,2001-09-01T06:45:00+00:00,2001,Ashwini,1.0
venus,nakshatra,,2001-12-21T20:09:22.500000+00:00,2001,Revati,4.0
venus,nakshatra,,2002-04-13T23:37:30+00:00,2002,Ashwini,1.0
venus,nakshatra,,2002-08-03T12:39:22.500000+00:00,2002,Revati,4.0
venus,nakshatra,,2002-11-24T15:56:15+00:00,2002,Ashwini,1.0
venus,nakshatra,,2003-03-16T05:48:45+00:00,2003,Revati,4.0
venus,nakshatra,,2003-07-07T09:11:15+00:00,2003,Ashwini,1.0
venus,nakshatra,,2003-10-26T22:41:15+00:00,2003,Revati,4.0
venus,nakshatra,,2004-02-17T01:41:15+00:00,2004,Ashwini,1.0
venus,nakshatra,,2004-06-07T14:48:45+00:00,2004,Revati,4.0
venus,nakshatra,,2004-09-28T18:39:22.500000+00:00,2004,Ashwini,1.0
venus,nakshatra,,2005-01-18T08:15:00+00:00,2005,Revati,4.0
venus,nakshatra,,2005-05-11T11:37:30+00:00,2005,Ashwini,1.0
venus,nakshatra,,2005-08-31T00:45:00+00:00,2005,Revati,4.0
venus,nakshatra,,2005-12-22T03:50:37.500000+00:00,2005,Ashwini,1.0
venus,nakshatra,,2006-04-12T17:26:15+00:00,2006,Revati,4.0
venus,nakshatra,,2006-08-03T21:16:52.500000+00:00,2006,Ashwini,1.0
venus,nakshatra,,2006-11-23T10:46:52.500000+00:00,2006,Revati,4.0
venus,nakshatra,,2007-03-16T13:46:52.500000+00:00,2007,Ashwini,1.0
venus,nakshatra,,2007-07-06T02:48:45+00:00,2007,Revati,4.0
venus,nakshatra,,2007-10-27T06:16:52.500000+00:00,2007,Ashwini,1.0
venus,nakshatra,,2008-02-15T20:15:00+00:00,2008,Revati,4.0
venus,nakshatra,,2008-06-07T23:48:45+00:00,2008,Ashwini,1.0
venus,nakshatra,,2008-09-27T12:50:37.500000+00:00,2008,Revati,4.0
venus,nakshatra,,2009-01-18T15:50:37.500000+00:00,2009,Ashwini,1.0
venus,nakshatra,,2009-05-10T04:58:07.500000+00:00,2009,Revati,4.0
venus,nakshatra,,2009-08-31T09:05:37.500000+00:00,2009,Ashwini,1.0
venus,nakshatra,,2009-12-20T22:52:30+00:00,2009,Revati,4.0
venus,nakshatra,,2010-04-13T02:03:45+00:00,2010,Ashwini,1.0
venus,nakshatra,,2010-08-02T14:43:07.500000+00:00,2010,Revati,4.0
venus,nakshatra,,2010-11-23T17:54:22.500000+00:00,2010,Ashwini,1.0
venus,nakshatra,,2011-03-15T07:58:07.500000+00:00,2011,Revati,4.0
venus,nakshatra,,2011-07-06T11:54:22.500000+00:00,2011,Ashwini,1.0
venus,nakshatra,,2011-10-26T01:07:30+00:00,2011,Revati,4.0
venus,nakshatra,,2012-02-16T03:45:00+00:00,2012,Ashwini,1.0
venus,nakshatra,,2012-06-06T16:46:52.500000+00:00,2012,Revati,4.0
venus,nakshatra,,2012-09-27T20:48:45+00:00,2012,Ashwini,1.0
venus,nakshatra,,2013-01-17T10:52:30+00:00,2013,Revati,4.0
venus,nakshatra,,2013-05-10T14:20:37.500000+00:00,2013,Ashwini,1.0
venus,nakshatra,,2013-08-30T02:48:45+00:00,2013,Revati,4.0
venus,nakshatra,,2013-12-21T05:54:22.500000+00:00,2013,Ashwini,1.0
venus,nakshatra,,2014-04-11T19:35:37.500000+00:00,2014,Revati,4.0
venus,nakshatra,,2014-08-02T23:48:45+00:00,2014,Ashwini,1.0
venus,nakshatra,,2014-11-22T13:30:00+00:00,2014,Revati,4.0
venus,nakshatra,,2015-03-15T16:01:52.500000+00:00,2015,Ashwini,1.0
venus,nakshatra,,2015-07-05T04:52:30+00:00,2015,Revati,4.0
venus,nakshatra,,2015-10-26T08:26:15+00:00,2015,Ashwini,1.0
venus,nakshatra,,2016-02-14T22:35:37.500000+00:00,2016,Revati,4.0
venus,nakshatra,,2016-06-07T02:31:52.500000+00:00,2016,Ashwini,1.0
venus,nakshatra,,2016-09-26T15:16:52.500000+00:00,2016,Revati,4.0
venus,nakshatra,,2017-01-17T17:43:07.500000+00:00,2017,Ashwini,1.0
venus,nakshatra,,2017-05-09T07:07:30+00:00,2017,Revati,4.0
venus,nakshatra,,2017-08-30T11:26:15+00:00,2017,Ashwini,1.0
venus,nakshatra,,2017-12-20T01:35:37.500000+00:00,2017,Revati,4.0
venus,nakshatra,,2018-04-12T04:35:37.500000+00:00,2018,Ashwini,1.0
venus,nakshatra,,2018-08-01T16:41:15+00:00,2018,Revati,4.0
venus,nakshatra,,2018-11-22T19:58:07.500000+00:00,2018,Ashwini,1.0
venus,nakshatra,,2019-03-14T10:18:45+00:00,2019,Revati,4.0
venus,nakshatra,,2019-07-05T14:31:52.500000+00:00,2019,Ashwini,1.0
venus,nakshatra,,2019-10-25T03:45:00+00:00,2019,Revati,4.0
venus,nakshatra,,2020-02-15T05:54:22.500000+00:00,2020,Ashwini,1.0
venus,nakshatra,,2020-06-05T18:50:37.500000+00:00,2020,Revati,4.0
venus,nakshatra,,2020-09-26T23:15:00+00:00,2020,Ashwini,1.0
venus,nakshatra,,2021-01-16T13:24:22.500000+00:00,2021,Revati,4.0
venus,nakshatra,,2021-05-09T16:58:07.500000+00:00,2021,Ashwini,1.0
venus,nakshatra,,2021-08-29T05:03:45+00:00,2021,Revati,4.0
venus,nakshatra,,2021-12-20T07:46:52.500000+00:00,2021,Ashwini,1.0
venus,nakshatra,,2022-04-10T21:50:37.500000+00:00,2022,Revati,4.0
venus,nakshatra,,2022-08-02T02:20:37.500000+00:00,2022,Ashwini,1.0
venus,nakshatra,,2022-11-21T16:07:30+00:00,2022,Revati,4.0
venus,nakshatra,,2023-03-14T18:28:07.500000+00:00,2023,Ashwini,1.0
venus,nakshatra,,2023-07-04T06:39:22.500000+00:00,2023,Revati,4.0
venus,nakshatra,,2023-10-25T10:30:00+00:00,2023,Ashwini,1.0
venus,nakshatra,,2024-02-14T01:13:07.500000+00:00,2024,Revati,4.0
venus,nakshatra,,2024-06-06T05:09:22.500000+00:00,2024,Ashwini,1.0
venus,nakshatra,,2024-09-25T17:37:30+00:00,2024,Revati,4.0
venus,nakshatra,,2025-01-16T19:46:52.500000+00:00,2025,Ashwini,1.0
venus,nakshatra,,2025-05-08T09:05:37.500000+00:00,2025,Revati,4.0
venus,nakshatra,,2025-08-29T14:03:45+00:00,2025,Ashwini,1.0
venus,nakshatra,,2025-12-19T04:13:07.500000+00:00,2025,Revati,4.0
saturn,rashi,Pisces,1902-05-17T03:16:31.406250+00:00,1902,,
saturn,rashi,Aries,1916-09-21T22:29:17.812500+00:00,1916,,
saturn,rashi,Pisces,1931-10-18T04:38:47.343750+00:00,1931,,
saturn,rashi,Aries,1946-02-24T20:25:11.718750+00:00,1946,,
saturn,rashi,Pisces,1961-04-01T12:53:26.250000+00:00,1961,,
saturn,rashi,Aries,1975-08-08T19:05:23.437500+00:00,1975,,
saturn,rashi,Pisces,1990-09-03T10:28:35.625000+00:00,1990,,
saturn,rashi,Aries,2005-01-09T00:56:36.093750+00:00,2005,,
saturn,rashi,Pisces,2020-02-15T02:28:00.468750+00:00,2020,,
saturn,nakshatra,,1902-05-17T03:16:31.406250+00:00,1902,Revati,4.0
saturn,nakshatra,,1916-09-21T22:29:17.812500+00:00,1916,Ashwini,1.0
saturn,nakshatra,,1931-10-18T04:38:47.343750+00:00,1931,Revati,4.0
saturn,nakshatra,,1946-02-24T20:25:11.718750+00:00,1946,Ashwini,1.0
saturn,nakshatra,,1961-04-01T12:53:26.250000+00:00,1961,Revati,4.0
saturn,nakshatra,,1975-08-08T19:05:23.437500+00:00,1975,Ashwini,1.0
saturn,nakshatra,,1990-09-03T10:28:35.625000+00:00,1990,Revati,4.0
saturn,nakshatra,,2005-01-09T00:56:36.093750+00:00,2005,Ashwini,1.0
saturn,nakshatra,,2020-02-15T02:28:00.468750+00:00,2020,Revati,4.0
rahu,rashi,Scorpio,1900-12-28T17:55:25.781250+00:00,1900,,
rahu,rashi,Libra,1902-07-18T06:41:29.062500+00:00,1902,,
rahu,rashi,Virgo,1904-02-04T19:27:32.343750+00:00,1904,,
rahu,rashi,Leo,1905-08-24T08:13:35.625000+00:00,1905,,
rahu,rashi,Cancer,1907-03-13T20:59:38.906250+00:00,1907,,
rahu,rashi,Gemini,1908-09-30T09:45:42.187500+00:00,1908,,
rahu,rashi,Taurus,1910-04-19T22:31:45.468750+00:00,1910,,
rahu,rashi,Aries,1911-11-07T11:17:48.750000+00:00,1911,,
rahu,rashi,Pisces,1913-05-26T23:58:35.625000+00:00,1913,,
rahu,rashi,Aquarius,1914-12-14T12:44:38.906250+00:00,1914,,
rahu,rashi,Capricorn,1916-07-03T01:30:42.187500+00:00,1916,,
rahu,rashi,Sagittarius,1918-01-20T14:16:45.468750+00:00,1918,,
rahu,rashi,Scorpio,1919-08-10T03:02:48.750000+00:00,1919,,
rahu,rashi,Libra,1921-02-26T15:48:52.031250+00:00,1921,,
rahu,rashi,Virgo,1922-09-16T04:34:55.312500+00:00,1922,,
rahu,rashi,Leo,1924-04-04T17:15:42.187500+00:00,1924,,
rahu,rashi,Cancer,1925-10-23T06:01:45.468750+00:00,1925,,
rahu,rashi,Gemini,1927-05-12T18:47:48.750000+00:00,1927,,
rahu,rashi,Taurus,1928-11-29T07:33:52.031250+00:00,1928,,
rahu,rashi,Aries,1930-06-18T20:19:55.312500+00:00,1930,,
rahu,rashi,Pisces,1932-01-06T09:05:58.593750+00:00,1932,,
rahu,rashi,Aquarius,1933-07-25T21:52:01.875000+00:00,1933,,
rahu,rashi,Capricorn,1935-02-12T10:38:05.156250+00:00,1935,,
rahu,rashi,Sagittarius,1936-08-31T23:18:52.031250+00:00,1936,,
rahu,rashi,Scorpio,1938-03-21T12:04:55.312500+00:00,1938,,
rahu,rashi,Libra,1939-10-09T00:50:58.593750+00:00,1939,,
rahu,rashi,Virgo,1941-04-27T13:37:01.875000+00:00,1941,,
rahu,rashi,Leo,1942-11-15T02:23:05.156250+00:00,1942,,
rahu,rashi,Cancer,1944-06-03T15:09:08.437500+00:00,1944,,
rahu,rashi,Gemini,1945-12-22T03:55:11.718750+00:00,1945,,
rahu,rashi,Taurus,1947-07-11T16:35:58.593750+00:00,1947,,
rahu,rashi,Aries,1949-01-28T05:22:01.875000+00:00,1949,,
rahu,rashi,Pisces,1950-08-17T18:08:05.156250+00:00,1950,,
rahu,rashi,Aquarius,1952-03-06T06:54:08.437500+00:00,1952,,
rahu,rashi,Capricorn,1953-09-23T19:40:11.718750+00:00,1953,,
rahu,rashi,Sagittarius,1955-04-13T08:26:15+00:00,1955,,
rahu,rashi,Scorpio,1956-10-30T21:12:18.281250+00:00,1956,,
rahu,rashi,Libra,1958-05-20T09:58:21.562500+00:00,1958,,
rahu,rashi,Virgo,1959-12-07T22:39:08.437500+00:00,1959,,
rahu,rashi,Leo,1961-06-26T11:25:11.718750+00:00,1961,,
rahu,rashi,Cancer,1963-01-14T00:11:15+00:00,1963,,
rahu,rashi,Gemini,1964-08-02T12:57:18.281250+00:00,1964,,
rahu,rashi,Taurus,1966-02-20T01:43:21.562500+00:00,1966,,
rahu,rashi,Aries,1967-09-09T14:29:24.843750+00:00,1967,,
rahu,rashi,Pisces,1969-03-29T03:15:28.125000+00:00,1969,,
rahu,rashi,Aquarius,1970-10-16T15:56:15+00:00,1970,,
rahu,rashi,Capricorn,1972-05-05T04:42:18.281250+00:00,1972,,
rahu,rashi,Sagittarius,1973-11-22T17:28:21.562500+00:00,1973,,
rahu,rashi,Scorpio,1975-06-12T06:14:24.843750+00:00,1975,,
rahu,rashi,Libra,1976-12-29T19:00:28.125000+00:00,1976,,
rahu,rashi,Virgo,1978-07-19T07:46:31.406250+00:00,1978,,
rahu,rashi,Leo,1980-02-05T20:32:34.687500+00:00,1980,,
rahu,rashi,Cancer,1981-08-25T09:13:21.562500+00:00,1981,,
rahu,rashi,Gemini,1983-03-14T21:59:24.843750+00:00,1983,,
rahu,rashi,Taurus,1984-10-01T10:45:28.125000+00:00,1984,,
rahu,rashi,Aries,1986-04-20T23:31:31.406250+00:00,1986,,
rahu,rashi,Pisces,1987-11-08T12:17:34.687500+00:00,1987,,
rahu,rashi,Aquarius,1989-05-28T01:03:37.968750+00:00,1989,,
rahu,rashi,Capricorn,1990-12-15T13:49:41.250000+00:00,1990,,
rahu,rashi,Sagittarius,1992-07-04T02:35:44.531250+00:00,1992,,
rahu,rashi,Scorpio,1994-01-21T15:16:31.406250+00:00,1994,,
rahu,rashi,Libra,1995-08-11T04:02:34.687500+00:00,1995,,
rahu,rashi,Virgo,1997-02-27T16:48:37.968750+00:00,1997,,
rahu,rashi,Leo,1998-09-17T05:34:41.250000+00:00,1998,,
rahu,rashi,Cancer,2000-04-05T18:20:44.531250+00:00,2000,,
rahu,rashi,Gemini,2001-10-24T07:06:47.812500+00:00,2001,,
rahu,rashi,Taurus,2003-05-13T19:52:51.093750+00:00,2003,,
rahu,rashi,Aries,2004-11-30T08:33:37.968750+00:00,2004,,
rahu,rashi,Pisces,2006-06-19T21:19:41.250000+00:00,2006,,
rahu,rashi,Aquarius,2008-01-07T10:05:44.531250+00:00,2008,,
rahu,rashi,Capricorn,2009-07-26T22:51:47.812500+00:00,2009,,
rahu,rashi,Sagittarius,2011-02-13T11:37:51.093750+00:00,2011,,
rahu,rashi,Scorpio,2012-09-02T00:23:54.375000+00:00,2012,,
rahu,rashi,Libra,2014-03-22T13:09:57.656250+00:00,2014,,
rahu,rashi,Virgo,2015-10-10T01:50:44.531250+00:00,2015,,
rahu,rashi,Leo,2017-04-28T14:36:47.812500+00:00,2017,,
rahu,rashi,Cancer,2018-11-16T03:22:51.093750+00:00,2018,,
rahu,rashi,Gemini,2020-06-04T16:08:54.375000+00:00,2020,,
rahu,rashi,Taurus,2021-12-23T04:54:57.656250+00:00,2021,,
rahu,rashi,Aries,2023-07-12T17:41:00.937500+00:00,2023,,
rahu,rashi,Pisces,2025-01-29T06:27:04.218750+00:00,2025,,
rahu,nakshatra,,1900-04-20T23:00:14.062500+00:00,1900,Mula,4.0
rahu,nakshatra,,1900-12-28T17:55:25.781250+00:00,1900,Jyeshtha,4.0
rahu,nakshatra,,1901-09-06T12:55:53.906250+00:00,1901,Anuradha,4.0
rahu,nakshatra,,1902-05-16T07:56:22.031250+00:00,1902,Vishakha,4.0
rahu,nakshatra,,1903-01-23T02:56:50.156250+00:00,1903,Svati,4.0
rahu,nakshatra,,1903-10-01T21:57:18.281250+00:00,1903,Chitra,4.0
rahu,nakshatra,,1904-06-09T16:57:46.406250+00:00,1904,Hasta,4.0
rahu,nakshatra,,1905-02-16T11:58:14.531250+00:00,1905,Uttara Phalguni,4.0
rahu,nakshatra,,1905-10-26T06:58:42.656250+00:00,1905,Purva Phalguni,4.0
rahu,nakshatra,,1906-07-05T01:59:10.781250+00:00,1906,Magha,4.0
rahu,nakshatra,,1907-03-13T20:59:38.906250+00:00,1907,Ashlesha,4.0
rahu,nakshatra,,1907-11-20T16:00:07.031250+00:00,1907,Pushya,4.0
rahu,nakshatra,,1908-07-29T11:00:35.156250+00:00,1908,Punarvasu,4.0
rahu,nakshatra,,1909-04-07T06:01:03.281250+00:00,1909,Ardra,4.0
rahu,nakshatra,,1909-12-15T01:01:31.406250+00:00,1909,Mrigashirsha,4.0
rahu,nakshatra,,1910-08-23T20:01:59.531250+00:00,1910,Rohini,4.0
rahu,nakshatra,,1911-05-02T15:02:27.656250+00:00,1911,Krittika,4.0
rahu,nakshatra,,1912-01-09T10:02:55.781250+00:00,1912,Bharani,4.0
rahu,nakshatra,,1912-09-17T04:58:07.500000+00:00,1912,Ashwini,4.0
rahu,nakshatra,,1913-05-26T23:58:35.625000+00:00,1913,Revati,4.0
rahu,nakshatra,,1914-02-02T18:59:03.750000+00:00,1914,Uttara Bhadrapada,4.0
rahu,nakshatra,,1914-10-12T13:59:31.875000+00:00,1914,Purva Bhadrapada,4.0
rahu,nakshatra,,1915-06-21T09:00:00+00:00,1915,Shatabhisha,4.0
rahu,nakshatra,,1916-02-28T04:00:28.125000+00:00,1916,Dhanishta,4.0
rahu,nakshatra,,1916-11-05T23:00:56.250000+00:00,1916,Shravana,4.0
rahu,nakshatra,,1917-07-15T18:01:24.375000+00:00,1917,Uttara Ashadha,4.0
rahu,nakshatra,,1918-03-24T13:01:52.500000+00:00,1918,Purva Ashadha,4.0
rahu,nakshatra,,1918-12-01T08:02:20.625000+00:00,1918,Mula,4.0
rahu,nakshatra,,1919-08-10T03:02:48.750000+00:00,1919,Jyeshtha,4.0
rahu,nakshatra,,1920-04-17T22:03:16.875000+00:00,1920,Anuradha,4.0
rahu,nakshatra,,1920-12-25T17:03:45+00:00,1920,Vishakha,4.0
rahu,nakshatra,,1921-09-03T12:04:13.125000+00:00,1921,Svati,4.0
rahu,nakshatra,,1922-05-13T07:04:41.250000+00:00,1922,Chitra,4.0
rahu,nakshatra,,1923-01-20T02:05:09.375000+00:00,1923,Hasta,4.0
rahu,nakshatra,,1923-09-28T21:00:21.093750+00:00,1923,Uttara Phalguni,4.0
rahu,nakshatra,,1924-06-06T16:00:49.218750+00:00,1924,Purva Phalguni,4.0
rahu,nakshatra,,1925-02-13T11:01:17.343750+00:00,1925,Magha,4.0
rahu,nakshatra,,1925-10-23T06:01:45.468750+00:00,1925,Ashlesha,4.0
rahu,nakshatra,,1926-07-02T01:02:13.593750+00:00,1926,Pushya,4.0
rahu,nakshatra,,1927-03-10T20:02:41.718750+00:00,1927,Punarvasu,4.0
rahu,nakshatra,,1927-11-17T15:03:09.843750+00:00,1927,Ardra,4.0
rahu,nakshatra,,1928-07-26T10:03:37.968750+00:00,1928,Mrigashirsha,4.0
rahu,nakshatra,,1929-04-04T05:04:06.093750+00:00,1929,Rohini,4.0
rahu,nakshatra,,1929-12-12T00:04:34.218750+00:00,1929,Krittika,4.0
rahu,nakshatra,,1930-08-20T19:05:02.343750+00:00,1930,Bharani,4.0
rahu,nakshatra,,1931-04-29T14:05:30.468750+00:00,1931,Ashwini,4.0
rahu,nakshatra,,1932-01-06T09:05:58.593750+00:00,1932,Revati,4.0
rahu,nakshatra,,1932-09-14T04:06:26.718750+00:00,1932,Uttara Bhadrapada,4.0
rahu,nakshatra,,1933-05-23T23:06:54.843750+00:00,1933,Purva Bhadrapada,4.0
rahu,nakshatra,,1934-01-30T18:07:22.968750+00:00,1934,Shatabhisha,4.0
rahu,nakshatra,,1934-10-09T13:07:51.093750+00:00,1934,Dhanishta,4.0
rahu,nakshatra,,1935-06-18T08:03:02.812500+00:00,1935,Shravana,4.0
rahu,nakshatra,,1936-02-25T03:03:30.937500+00:00,1936,Uttara Ashadha,4.0
rahu,nakshatra,,1936-11-02T22:03:59.062500+00:00,1936,Purva Ashadha,4.0
rahu,nakshatra,,1937-07-12T17:04:27.187500+00:00,1937,Mula,4.0
rahu,nakshatra,,1938-03-21T12:04:55.312500+00:00,1938,Jyeshtha,4.0
rahu,nakshatra,,1938-11-28T07:05:23.437500+00:00,1938,Anuradha,4.0
rahu,nakshatra,,1939-08-07T02:05:51.562500+00:00,1939,Vishakha,4.0
rahu,nakshatra,,1940-04-14T21:06:19.687500+00:00,1940,Svati,4.0
rahu,nakshatra,,1940-12-22T16:06:47.812500+00:00,1940,Chitra,4.0
rahu,nakshatra,,1941-08-31T11:07:15.937500+00:00,1941,Hasta,4.0
rahu,nakshatra,,1942-05-10T06:07:44.062500+00:00,1942,Uttara Phalguni,4.0
rahu,nakshatra,,1943-01-17T01:08:12.187500+00:00,1943,Purva Phalguni,4.0
rahu,nakshatra,,1943-09-25T20:08:40.312500+00:00,1943,Magha,4.0
rahu,nakshatra,,1944-06-03T15:09:08.437500+00:00,1944,Ashlesha,4.0
rahu,nakshatra,,1945-02-10T10:09:36.562500+00:00,1945,Pushya,4.0
rahu,nakshatra,,1945-10-20T05:10:04.687500+00:00,1945,Punarvasu,4.0
rahu,nakshatra,,1946-06-29T00:10:32.812500+00:00,1946,Ardra,4.0
rahu,nakshatra,,1947-03-07T19:05:44.531250+00:00,1947,Mrigashirsha,4.0
rahu,nakshatra,,1947-11-14T14:06:12.656250+00:00,1947,Rohini,4.0
rahu,nakshatra,,1948-07-23T09:06:40.781250+00:00,1948,Krittika,4.0
rahu,nakshatra,,1949-04-01T04:07:08.906250+00:00,1949,Bharani,4.0
rahu,nakshatra,,1949-12-08T23:07:37.031250+00:00,1949,Ashwini,4.0
rahu,nakshatra,,1950-08-17T18:08:05.156250+00:00,1950,Revati,4.0
rahu,nakshatra,,1951-04-26T13:08:33.281250+00:00,1951,Uttara Bhadrapada,4.0
rahu,nakshatra,,1952-01-03T08:09:01.406250+00:00,1952,Purva Bhadrapada,4.0
rahu,nakshatra,,1952-09-11T03:09:29.531250+00:00,1952,Shatabhisha,4.0
rahu,nakshatra,,1953-05-20T22:09:57.656250+00:00,1953,Dhanishta,4.0
rahu,nakshatra,,1954-01-27T17:10:25.781250+00:00,1954,Shravana,4.0
rahu,nakshatra,,1954-10-06T12:10:53.906250+00:00,1954,Uttara Ashadha,4.0
rahu,nakshatra,,1955-06-15T07:11:22.031250+00:00,1955,Purva Ashadha,4.0
rahu,nakshatra,,1956-02-22T02:11:50.156250+00:00,1956,Mula,4.0
rahu,nakshatra,,1956-10-30T21:12:18.281250+00:00,1956,Jyeshtha,4.0
rahu,nakshatra,,1957-07-09T16:12:46.406250+00:00,1957,Anuradha,4.0
rahu,nakshatra,,1958-03-18T11:13:14.531250+00:00,1958,Vishakha,4.0
rahu,nakshatra,,1958-11-25T06:08:26.250000+00:00,1958,Svati,4.0
rahu,nakshatra,,1959-08-04T01:08:54.375000+00:00,1959,Chitra,4.0
rahu,nakshatra,,1960-04-11T20:09:22.500000+00:00,1960,Hasta,4.0
rahu,nakshatra,,1960-12-19T15:09:50.625000+00:00,1960,Uttara Phalguni,4.0
rahu,nakshatra,,1961-08-28T10:10:18.750000+00:00,1961,Purva Phalguni,4.0
rahu,nakshatra,,1962-05-07T05:10:46.875000+00:00,1962,Magha,4.0
rahu,nakshatra,,1963-01-14T00:11:15+00:00,1963,Ashlesha,4.0
rahu,nakshatra,,1963-09-22T19:11:43.125000+00:00,1963,Pushya,4.0
rahu,nakshatra,,1964-05-31T14:12:11.250000+00:00,1964,Punarvasu,4.0
rahu,nakshatra,,1965-02-07T09:12:39.375000+00:00,1965,Ardra,4.0
rahu,nakshatra,,1965-10-17T04:13:07.500000+00:00,1965,Mrigashirsha,4.0
rahu,nakshatra,,1966-06-25T23:13:35.625000+00:00,1966,Rohini,4.0
rahu,nakshatra,,1967-03-04T18:14:03.750000+00:00,1967,Krittika,4.0
rahu,nakshatra,,1967-11-11T13:14:31.875000+00:00,1967,Bharani,4.0
rahu,nakshatra,,1968-07-20T08:15:00+00:00,1968,Ashwini,4.0
rahu,nakshatra,,1969-03-29T03:15:28.125000+00:00,1969,Revati,4.0
rahu,nakshatra,,1969-12-05T22:15:56.250000+00:00,1969,Uttara Bhadrapada,4.0
rahu,nakshatra,,1970-08-14T17:11:07.968750+00:00,1970,Purva Bhadrapada,4.0
rahu,nakshatra,,1971-04-23T12:11:36.093750+00:00,1971,Shatabhisha,4.0
rahu,nakshatra,,1971-12-31T07:12:04.218750+00:00,1971,Dhanishta,4.0
rahu,nakshatra,,1972-09-08T02:12:32.343750+00:00,1972,Shravana,4.0
rahu,nakshatra,,1973-05-17T21:13:00.468750+00:00,1973,Uttara Ashadha,4.0
rahu,nakshatra,,1974-01-24T16:13:28.593750+00:00,1974,Purva Ashadha,4.0
rahu,nakshatra,,1974-10-03T11:13:56.718750+00:00,1974,Mula,4.0
rahu,nakshatra,,1975-06-12T06:14:24.843750+00:00,1975,Jyeshtha,4.0
rahu,nakshatra,,1976-02-19T01:14:52.968750+00:00,1976,Anuradha,4.0
rahu,nakshatra,,1976-10-27T20:15:21.093750+00:00,1976,Vishakha,4.0
rahu,nakshatra,,1977-07-06T15:15:49.218750+00:00,1977,Svati,4.0
rahu,nakshatra,,1978-03-15T10:16:17.343750+00:00,1978,Chitra,4.0
rahu,nakshatra,,1978-11-22T05:16:45.468750+00:00,1978,Hasta,4.0
rahu,nakshatra,,1979-08-01T00:17:13.593750+00:00,1979,Uttara Phalguni,4.0
rahu,nakshatra,,1980-04-08T19:17:41.718750+00:00,1980,Purva Phalguni,4.0
rahu,nakshatra,,1980-12-16T14:18:09.843750+00:00,1980,Magha,4.0
rahu,nakshatra,,1981-08-25T09:13:21.562500+00:00,1981,Ashlesha,4.0
rahu,nakshatra,,1982-05-04T04:13:49.687500+00:00,1982,Pushya,4.0
rahu,nakshatra,,1983-01-10T23:14:17.812500+00:00,1983,Punarvasu,4.0
rahu,nakshatra,,1983-09-19T18:14:45.937500+00:00,1983,Ardra,4.0
rahu,nakshatra,,1984-05-28T13:15:14.062500+00:00,1984,Mrigashirsha,4.0
rahu,nakshatra,,1985-02-04T08:15:42.187500+00:00,1985,Rohini,4.0
rahu,nakshatra,,1985-10-14T03:16:10.312500+00:00,1985,Krittika,4.0
rahu,nakshatra,,1986-06-22T22:16:38.437500+00:00,1986,Bharani,4.0
rahu,nakshatra,,1987-03-01T17:17:06.562500+00:00,1987,Ashwini,4.0
rahu,nakshatra,,1987-11-08T12:17:34.687500+00:00,1987,Revati,4.0
rahu,nakshatra,,1988-07-17T07:18:02.812500+00:00,1988,Uttara Bhadrapada,4.0
rahu,nakshatra,,1989-03-26T02:18:30.937500+00:00,1989,Purva Bhadrapada,4.0
rahu,nakshatra,,1989-12-02T21:18:59.062500+00:00,1989,Shatabhisha,4.0
rahu,nakshatra,,1990-08-11T16:19:27.187500+00:00,1990,Dhanishta,4.0
rahu,nakshatra,,1991-04-20T11:19:55.312500+00:00,1991,Shravana,4.0
rahu,nakshatra,,1991-12-28T06:20:23.437500+00:00,1991,Uttara Ashadha,4.0
rahu,nakshatra,,1992-09-05T01:15:35.156250+00:00,1992,Purva Ashadha,4.0
rahu,nakshatra,,1993-05-14T20:16:03.281250+00:00,1993,Mula,4.0
rahu,nakshatra,,1994-01-21T15:16:31.406250+00:00,1994,Jyeshtha,4.0
rahu,nakshatra,,1994-09-30T10:16:59.531250+00:00,1994,Anuradha,4.0
rahu,nakshatra,,1995-06-09T05:17:27.656250+00:00,1995,Vishakha,4.0
rahu,nakshatra,,1996-02-16T00:17:55.781250+00:00,1996,Svati,4.0
rahu,nakshatra,,1996-10-24T19:18:23.906250+00:00,1996,Chitra,4.0
rahu,nakshatra,,1997-07-03T14:18:52.031250+00:00,1997,Hasta,4.0
rahu,nakshatra,,1998-03-12T09:19:20.156250+00:00,1998,Uttara Phalguni,4.0
rahu,nakshatra,,1998-11-19T04:19:48.281250+00:00,1998,Purva Phalguni,4.0
rahu,nakshatra,,1999-07-28T23:20:16.406250+00:00,1999,Magha,4.0
rahu,nakshatra,,2000-04-05T18:20:44.531250+00:00,2000,Ashlesha,4.0
rahu,nakshatra,,2000-12-13T13:21:12.656250+00:00,2000,Pushya,4.0
rahu,nakshatra,,2001-08-22T08:21:40.781250+00:00,2001,Punarvasu,4.0
rahu,nakshatra,,2002-05-01T03:22:08.906250+00:00,2002,Ardra,4.0
rahu,nakshatra,,2003-01-07T22:22:37.031250+00:00,2003,Mrigashirsha,4.0
rahu,nakshatra,,2003-09-16T17:23:05.156250+00:00,2003,Rohini,4.0
rahu,nakshatra,,2004-05-25T12:18:16.875000+00:00,2004,Krittika,4.0
rahu,nakshatra,,2005-02-01T07:18:45+00:00,2005,Bharani,4.0
rahu,nakshatra,,2005-10-11T02:19:13.125000+00:00,2005,Ashwini,4.0
rahu,nakshatra,,2006-06-19T21:19:41.250000+00:00,2006,Revati,4.0
rahu,nakshatra,,2007-02-26T16:20:09.375000+00:00,2007,Uttara Bhadrapada,4.0
rahu,nakshatra,,2007-11-05T11:20:37.500000+00:00,2007,Purva Bhadrapada,4.0
rahu,nakshatra,,2008-07-14T06:21:05.625000+00:00,2008,Shatabhisha,4.0
rahu,nakshatra,,2009-03-23T01:21:33.750000+00:00,2009,Dhanishta,4.0
rahu,nakshatra,,2009-11-29T20:22:01.875000+00:00,2009,Shravana,4.0
rahu,nakshatra,,2010-08-08T15:22:30+00:00,2010,Uttara Ashadha,4.0
rahu,nakshatra,,2011-04-17T10:22:58.125000+00:00,2011,Purva Ashadha,4.0
rahu,nakshatra,,2011-12-25T05:23:26.250000+00:00,2011,Mula,4.0
rahu,nakshatra,,2012-09-02T00:23:54.375000+00:00,2012,Jyeshtha,4.0
rahu,nakshatra,,2013-05-11T19:24:22.500000+00:00,2013,Anuradha,4.0
rahu,nakshatra,,2014-01-18T14:24:50.625000+00:00,2014,Vishakha,4.0
rahu,nakshatra,,2014-09-27T09:25:18.750000+00:00,2014,Svati,4.0
rahu,nakshatra,,2015-06-06T04:20:30.468750+00:00,2015,Chitra,4.0
rahu,nakshatra,,2016-02-12T23:20:58.593750+00:00,2016,Hasta,4.0
rahu,nakshatra,,2016-10-21T18:21:26.718750+00:00,2016,Uttara Phalguni,4.0
rahu,nakshatra,,2017-06-30T13:21:54.843750+00:00,2017,Purva Phalguni,4.0
rahu,nakshatra,,2018-03-09T08:22:22.968750+00:00,2018,Magha,4.0
rahu,nakshatra,,2018-11-16T03:22:51.093750+00:00,2018,Ashlesha,4.0
rahu,nakshatra,,2019-07-25T22:23:19.218750+00:00,2019,Pushya,4.0
rahu,nakshatra,,2020-04-02T17:23:47.343750+00:00,2020,Punarvasu,4.0
rahu,nakshatra,,2020-12-10T12:24:15.468750+00:00,2020,Ardra,4.0
rahu,nakshatra,,2021-08-19T07:24:43.593750+00:00,2021,Mrigashirsha,4.0
rahu,nakshatra,,2022-04-28T02:25:11.718750+00:00,2022,Rohini,4.0
rahu,nakshatra,,2023-01-04T21:25:39.843750+00:00,2023,Krittika,4.0
rahu,nakshatra,,2023-09-13T16:26:07.968750+00:00,2023,Bharani,4.0
rahu,nakshatra,,2024-05-22T11:26:36.093750+00:00,2024,Ashwini,4.0
rahu,nakshatra,,2025-01-29T06:27:04.218750+00:00,2025,Revati,4.0
rahu,nakshatra,,2025-10-08T01:27:32.343750+00:00,2025,Uttara Bhadrapada,4.0
ketu,rashi,Taurus,1900-12-28T17:55:25.781250+00:00,1900,,
ketu,rashi,Aries,1902-07-18T06:41:29.062500+00:00,1902,,
ketu,rashi,Pisces,1904-02-04T19:27:32.343750+00:00,1904,,
ketu,rashi,Aquarius,1905-08-24T08:13:35.625000+00:00,1905,,
ketu,rashi,Capricorn,1907-03-13T20:59:38.906250+00:00,1907,,
ketu,rashi,Sagittarius,1908-09-30T09:45:42.187500+00:00,1908,,
ketu,rashi,Scorpio,1910-04-19T22:31:45.468750+00:00,1910,,
ketu,rashi,Libra,1911-11-07T11:17:48.750000+00:00,1911,,
ketu,rashi,Virgo,1913-05-26T23:58:35.625000+00:00,1913,,
ketu,rashi,Leo,1914-12-14T12:44:38.906250+00:00,1914,,
ketu,rashi,Cancer,1916-07-03T01:30:42.187500+00:00,1916,,
ketu,rashi,Gemini,1918-01-20T14:16:45.468750+00:00,1918,,
ketu,rashi,Taurus,1919-08-10T03:02:48.750000+00:00,1919,,
ketu,rashi,Aries,1921-02-26T15:48:52.031250+00:00,1921,,
ketu,rashi,Pisces,1922-09-16T04:34:55.312500+00:00,1922,,
ketu,rashi,Aquarius,1924-04-04T17:15:42.187500+00:00,1924,,
ketu,rashi,Capricorn,1925-10-23T06:01:45.468750+00:00,1925,,
ketu,rashi,Sagittarius,1927-05-12T18:47:48.750000+00:00,1927,,
ketu,rashi,Scorpio,1928-11-29T07:33:52.031250+00:00,1928,,
ketu,rashi,Libra,1930-06-18T20:19:55.312500+00:00,1930,,
ketu,rashi,Virgo,1932-01-06T09:05:58.593750+00:00,1932,,
ketu,rashi,Leo,1933-07-25T21:52:01.875000+00:00,1933,,
ketu,rashi,Cancer,1935-02-12T10:38:05.156250+00:00,1935,,
ketu,rashi,Gemini,1936-08-31T23:18:52.031250+00:00,1936,,
ketu,rashi,Taurus,1938-03-21T12:04:55.312500+00:00,1938,,
ketu,rashi,Aries,1939-10-09T00:50:58.593750+00:00,1939,,
ketu,rashi,Pisces,1941-04-27T13:37:01.875000+00:00,1941,,
ketu,rashi,Aquarius,1942-11-15T02:23:05.156250+00:00,1942,,
ketu,rashi,Capricorn,1944-06-03T15:09:08.437500+00:00,1944,,
ketu,rashi,Sagittarius,1945-12-22T03:55:11.718750+00:00,1945,,
ketu,rashi,Scorpio,1947-07-11T16:35:58.593750+00:00,1947,,
ketu,rashi,Libra,1949-01-28T05:22:01.875000+00:00,1949,,
ketu,rashi,Virgo,1950-08-17T18:08:05.156250+00:00,1950,,
ketu,rashi,Leo,1952-03-06T06:54:08.437500+00:00,1952,,
ketu,rashi,Cancer,1953-09-23T19:40:11.718750+00:00,1953,,
ketu,rashi,Gemini,1955-04-13T08:26:15+00:00,1955,,
ketu,rashi,Taurus,1956-10-30T21:12:18.281250+00:00,1956,,
ketu,rashi,Aries,1958-05-20T09:58:21.562500+00:00,1958,,
ketu,rashi,Pisces,1959-12-07T22:39:08.437500+00:00,1959,,
ketu,rashi,Aquarius,1961-06-26T11:25:11.718750+00:00,1961,,
ketu,rashi,Capricorn,1963-01-14T00:11:15+00:00,1963,,
ketu,rashi,Sagittarius,1964-08-02T12:57:18.281250+00:00,1964,,
ketu,rashi,Scorpio,1966-02-20T01:43:21.562500+00:00,1966,,
ketu,rashi,Libra,1967-09-09T14:29:24.843750+00:00,1967,,
ketu,rashi,Virgo,1969-03-29T03:15:28.125000+00:00,1969,,
ketu,rashi,Leo,1970-10-16T15:56:15+00:00,1970,,
ketu,rashi,Cancer,1972-05-05T04:42:18.281250+00:00,1972,,
ketu,rashi,Gemini,1973-11-22T17:28:21.562500+00:00,1973,,
ketu,rashi,Taurus,1975-06-12T06:14:24.843750+00:00,1975,,
ketu,rashi,Aries,1976-12-29T19:00:28.125000+00:00,1976,,
ketu,rashi,Pisces,1978-07-19T07:46:31.406250+00:00,1978,,
ketu,rashi,Aquarius,1980-02-05T20:32:34.687500+00:00,1980,,
ketu,rashi,Capricorn,1981-08-25T09:13:21.562500+00:00,1981,,
ketu,rashi,Sagittarius,1983-03-14T21:59:24.843750+00:00,1983,,
ketu,rashi,Scorpio,1984-10-01T10:45:28.125000+00:00,1984,,
ketu,rashi,Libra,1986-04-20T23:31:31.406250+00:00,1986,,
ketu,rashi,Virgo,1987-11-08T12:17:34.687500+00:00,1987,,
ketu,rashi,Leo,1989-05-28T01:03:37.968750+00:00,1989,,
ketu,rashi,Cancer,1990-12-15T13:49:41.250000+00:00,1990,,
ketu,rashi,Gemini,1992-07-04T02:35:44.531250+00:00,1992,,
ketu,rashi,Taurus,1994-01-21T15:16:31.406250+00:00,1994,,
ketu,rashi,Aries,1995-08-11T04:02:34.687500+00:00,1995,,
ketu,rashi,Pisces,1997-02-27T16:48:37.968750+00:00,1997,,
ketu,rashi,Aquarius,1998-09-17T05:34:41.250000+00:00,1998,,
ketu,rashi,Capricorn,2000-04-05T18:20:44.531250+00:00,2000,,
ketu,rashi,Sagittarius,2001-10-24T07:06:47.812500+00:00,2001,,
ketu,rashi,Scorpio,2003-05-13T19:52:51.093750+00:00,2003,,
ketu,rashi,Libra,2004-11-30T08:33:37.968750+00:00,2004,,
ketu,rashi,Virgo,2006-06-19T21:19:41.250000+00:00,2006,,
ketu,rashi,Leo,2008-01-07T10:05:44.531250+00:00,2008,,
ketu,rashi,Cancer,2009-07-26T22:51:47.812500+00:00,2009,,
ketu,rashi,Gemini,2011-02-13T11:37:51.093750+00:00,2011,,
ketu,rashi,Taurus,2012-09-02T00:23:54.375000+00:00,2012,,
ketu,rashi,Aries,2014-03-22T13:09:57.656250+00:00,2014,,
ketu,rashi,Pisces,2015-10-10T01:50:44.531250+00:00,2015,,
ketu,rashi,Aquarius,2017-04-28T14:36:47.812500+00:00,2017,,
ketu,rashi,Capricorn,2018-11-16T03:22:51.093750+00:00,2018,,
ketu,rashi,Sagittarius,2020-06-04T16:08:54.375000+00:00,2020,,
ketu,rashi,Scorpio,2021-12-23T04:54:57.656250+00:00,2021,,
ketu,rashi,Libra,2023-07-12T17:41:00.937500+00:00,2023,,
ketu,rashi,Virgo,2025-01-29T06:27:04.218750+00:00,2025,,
ketu,nakshatra,,1900-08-24T20:25:11.718750+00:00,1900,Mrigashirsha,4.0
ketu,nakshatra,,1901-05-03T15:25:39.843750+00:00,1901,Rohini,4.0
ketu,nakshatra,,1902-01-10T10:26:07.968750+00:00,1902,Krittika,4.0
ketu,nakshatra,,1902-09-19T05:26:36.093750+00:00,1902,Bharani,4.0
ketu,nakshatra,,1903-05-29T00:27:04.218750+00:00,1903,Ashwini,4.0
ketu,nakshatra,,1904-02-04T19:27:32.343750+00:00,1904,Revati,4.0
ketu,nakshatra,,1904-10-13T14:28:00.468750+00:00,1904,Uttara Bhadrapada,4.0
ketu,nakshatra,,1905-06-22T09:28:28.593750+00:00,1905,Purva Bhadrapada,4.0
ketu,nakshatra,,1906-03-01T04:28:56.718750+00:00,1906,Shatabhisha,4.0
ketu,nakshatra,,1906-11-07T23:29:24.843750+00:00,1906,Dhanishta,4.0
ketu,nakshatra,,1907-07-17T18:29:52.968750+00:00,1907,Shravana,4.0
ketu,nakshatra,,1908-03-25T13:30:21.093750+00:00,1908,Uttara Ashadha,4.0
ketu,nakshatra,,1908-12-02T08:30:49.218750+00:00,1908,Purva Ashadha,4.0
ketu,nakshatra,,1909-08-11T03:31:17.343750+00:00,1909,Mula,4.0
ketu,nakshatra,,1910-04-19T22:31:45.468750+00:00,1910,Jyeshtha,4.0
ketu,nakshatra,,1910-12-27T17:32:13.593750+00:00,1910,Anuradha,4.0
ketu,nakshatra,,1911-09-05T12:32:41.718750+00:00,1911,Vishakha,4.0
ketu,nakshatra,,1912-05-14T07:27:53.437500+00:00,1912,Svati,4.0
ketu,nakshatra,,1913-01-21T02:28:21.562500+00:00,1913,Chitra,4.0
ketu,nakshatra,,1913-09-29T21:28:49.687500+00:00,1913,Hasta,4.0
ketu,nakshatra,,1914-06-08T16:29:17.812500+00:00,1914,Uttara Phalguni,4.0
ketu,nakshatra,,1915-02-15T11:29:45.937500+00:00,1915,Purva Phalguni,4.0
ketu,nakshatra,,1915-10-25T06:30:14.062500+00:00,1915,Magha,4.0
ketu,nakshatra,,1916-07-03T01:30:42.187500+00:00,1916,Ashlesha,4.0
ketu,nakshatra,,1917-03-11T20:31:10.312500+00:00,1917,Pushya,4.0
ketu,nakshatra,,1917-11-18T15:31:38.437500+00:00,1917,Punarvasu,4.0
ketu,nakshatra,,1918-07-28T10:32:06.562500+00:00,1918,Ardra,4.0
ketu,nakshatra,,1919-04-06T05:32:34.687500+00:00,1919,Mrigashirsha,4.0
ketu,nakshatra,,1919-12-14T00:33:02.812500+00:00,1919,Rohini,4.0
ketu,nakshatra,,1920-08-21T19:33:30.937500+00:00,1920,Krittika,4.0
ketu,nakshatra,,1921-04-30T14:33:59.062500+00:00,1921,Bharani,4.0
ketu,nakshatra,,1922-01-07T09:34:27.187500+00:00,1922,Ashwini,4.0
ketu,nakshatra,,1922-09-16T04:34:55.312500+00:00,1922,Revati,4.0
ketu,nakshatra,,1923-05-25T23:35:23.437500+00:00,1923,Uttara Bhadrapada,4.0
ketu,nakshatra,,1924-02-01T18:30:35.156250+00:00,1924,Purva Bhadrapada,4.0
ketu,nakshatra,,1924-10-10T13:31:03.281250+00:00,1924,Shatabhisha,4.0
ketu,nakshatra,,1925-06-19T08:31:31.406250+00:00,1925,Dhanishta,4.0
ketu,nakshatra,,1926-02-26T03:31:59.531250+00:00,1926,Shravana,4.0
ketu,nakshatra,,1926-11-04T22:32:27.656250+00:00,1926,Uttara Ashadha,4.0
ketu,nakshatra,,1927-07-14T17:32:55.781250+00:00,1927,Purva Ashadha,4.0
ketu,nakshatra,,1928-03-22T12:33:23.906250+00:00,1928,Mula,4.0
ketu,nakshatra,,1928-11-29T07:33:52.031250+00:00,1928,Jyeshtha,4.0
ketu,nakshatra,,1929-08-08T02:34:20.156250+00:00,1929,Anuradha,4.0
ketu,nakshatra,,1930-04-16T21:34:48.281250+00:00,1930,Vishakha,4.0
ketu,nakshatra,,1930-12-24T16:35:16.406250+00:00,1930,Svati,4.0
ketu,nakshatra,,1931-09-02T11:35:44.531250+00:00,1931,Chitra,4.0
ketu,nakshatra,,1932-05-11T06:36:12.656250+00:00,1932,Hasta,4.0
ketu,nakshatra,,1933-01-18T01:36:40.781250+00:00,1933,Uttara Phalguni,4.0
ketu,nakshatra,,1933-09-26T20:37:08.906250+00:00,1933,Purva Phalguni,4.0
ketu,nakshatra,,1934-06-05T15:37:37.031250+00:00,1934,Magha,4.0
ketu,nakshatra,,1935-02-12T10:38:05.156250+00:00,1935,Ashlesha,4.0
ketu,nakshatra,,1935-10-22T05:33:16.875000+00:00,1935,Pushya,4.0
ketu,nakshatra,,1936-06-30T00:33:45+00:00,1936,Punarvasu,4.0
ketu,nakshatra,,1937-03-08T19:34:13.125000+00:00,1937,Ardra,4.0
ketu,nakshatra,,1937-11-15T14:34:41.250000+00:00,1937,Mrigashirsha,4.0
ketu,nakshatra,,1938-07-25T09:35:09.375000+00:00,1938,Rohini,4.0
ketu,nakshatra,,1939-04-03T04:35:37.500000+00:00,1939,Krittika,4.0
ketu,nakshatra,,1939-12-10T23:36:05.625000+00:00,1939,Bharani,4.0
ketu,nakshatra,,1940-08-18T18:36:33.750000+00:00,1940,Ashwini,4.0
ketu,nakshatra,,1941-04-27T13:37:01.875000+00:00,1941,Revati,4.0
ketu,nakshatra,,1942-01-04T08:37:30+00:00,1942,Uttara Bhadrapada,4.0
ketu,nakshatra,,1942-09-13T03:37:58.125000+00:00,1942,Purva Bhadrapada,4.0
ketu,nakshatra,,1943-05-22T22:38:26.250000+00:00,1943,Shatabhisha,4.0
ketu,nakshatra,,1944-01-29T17:38:54.375000+00:00,1944,Dhanishta,4.0
ketu,nakshatra,,1944-10-07T12:39:22.500000+00:00,1944,Shravana,4.0
ketu,nakshatra,,1945-06-16T07:39:50.625000+00:00,1945,Uttara Ashadha,4.0
ketu,nakshatra,,1946-02-23T02:40:18.750000+00:00,1946,Purva Ashadha,4.0
ketu,nakshatra,,1946-11-01T21:40:46.875000+00:00,1946,Mula,4.0
ketu,nakshatra,,1947-07-11T16:35:58.593750+00:00,1947,Jyeshtha,4.0
ketu,nakshatra,,1948-03-19T11:36:26.718750+00:00,1948,Anuradha,4.0
ketu,nakshatra,,1948-11-26T06:36:54.843750+00:00,1948,Vishakha,4.0
ketu,nakshatra,,1949-08-05T01:37:22.968750+00:00,1949,Svati,4.0
ketu,nakshatra,,1950-04-13T20:37:51.093750+00:00,1950,Chitra,4.0
ketu,nakshatra,,1950-12-21T15:38:19.218750+00:00,1950,Hasta,4.0
ketu,nakshatra,,1951-08-30T10:38:47.343750+00:00,1951,Uttara Phalguni,4.0
ketu,nakshatra,,1952-05-08T05:39:15.468750+00:00,1952,Purva Phalguni,4.0
ketu,nakshatra,,1953-01-15T00:39:43.593750+00:00,1953,Magha,4.0
ketu,nakshatra,,1953-09-23T19:40:11.718750+00:00,1953,Ashlesha,4.0
ketu,nakshatra,,1954-06-02T14:40:39.843750+00:00,1954,Pushya,4.0
ketu,nakshatra,,1955-02-09T09:41:07.968750+00:00,1955,Punarvasu,4.0
ketu,nakshatra,,1955-10-19T04:41:36.093750+00:00,1955,Ardra,4.0
ketu,nakshatra,,1956-06-26T23:42:04.218750+00:00,1956,Mrigashirsha,4.0
ketu,nakshatra,,1957-03-05T18:42:32.343750+00:00,1957,Rohini,4.0
ketu,nakshatra,,1957-11-12T13:43:00.468750+00:00,1957,Krittika,4.0
ketu,nakshatra,,1958-07-22T08:38:12.187500+00:00,1958,Bharani,4.0
ketu,nakshatra,,1959-03-31T03:38:40.312500+00:00,1959,Ashwini,4.0
ketu,nakshatra,,1959-12-07T22:39:08.437500+00:00,1959,Revati,4.0
ketu,nakshatra,,1960-08-15T17:39:36.562500+00:00,1960,Uttara Bhadrapada,4.0
ketu,nakshatra,,1961-04-24T12:40:04.687500+00:00,1961,Purva Bhadrapada,4.0
ketu,nakshatra,,1962-01-01T07:40:32.812500+00:00,1962,Shatabhisha,4.0
ketu,nakshatra,,1962-09-10T02:41:00.937500+00:00,1962,Dhanishta,4.0
ketu,nakshatra,,1963-05-19T21:41:29.062500+00:00,1963,Shravana,4.0
ketu,nakshatra,,1964-01-26T16:41:57.187500+00:00,1964,Uttara Ashadha,4.0
ketu,nakshatra,,1964-10-04T11:42:25.312500+00:00,1964,Purva Ashadha,4.0
ketu,nakshatra,,1965-06-13T06:42:53.437500+00:00,1965,Mula,4.0
ketu,nakshatra,,1966-02-20T01:43:21.562500+00:00,1966,Jyeshtha,4.0
ketu,nakshatra,,1966-10-29T20:43:49.687500+00:00,1966,Anuradha,4.0
ketu,nakshatra,,1967-07-08T15:44:17.812500+00:00,1967,Vishakha,4.0
ketu,nakshatra,,1968-03-16T10:44:45.937500+00:00,1968,Svati,4.0
ketu,nakshatra,,1968-11-23T05:45:14.062500+00:00,1968,Chitra,4.0
ketu,nakshatra,,1969-08-02T00:45:42.187500+00:00,1969,Hasta,4.0
ketu,nakshatra,,1970-04-10T19:40:53.906250+00:00,1970,Uttara Phalguni,4.0
ketu,nakshatra,,1970-12-18T14:41:22.031250+00:00,1970,Purva Phalguni,4.0
ketu,nakshatra,,1971-08-27T09:41:50.156250+00:00,1971,Magha,4.0
ketu,nakshatra,,1972-05-05T04:42:18.281250+00:00,1972,Ashlesha,4.0
ketu,nakshatra,,1973-01-11T23:42:46.406250+00:00,1973,Pushya,4.0
ketu,nakshatra,,1973-09-20T18:43:14.531250+00:00,1973,Punarvasu,4.0
ketu,nakshatra,,1974-05-30T13:43:42.656250+00:00,1974,Ardra,4.0
ketu,nakshatra,,1975-02-06T08:44:10.781250+00:00,1975,Mrigashirsha,4.0
ketu,nakshatra,,1975-10-16T03:44:38.906250+00:00,1975,Rohini,4.0
ketu,nakshatra,,1976-06-23T22:45:07.031250+00:00,1976,Krittika,4.0
ketu,nakshatra,,1977-03-02T17:45:35.156250+00:00,1977,Bharani,4.0
ketu,nakshatra,,1977-11-09T12:46:03.281250+00:00,1977,Ashwini,4.0
ketu,nakshatra,,1978-07-19T07:46:31.406250+00:00,1978,Revati,4.0
ketu,nakshatra,,1979-03-28T02:46:59.531250+00:00,1979,Uttara Bhadrapada,4.0
ketu,nakshatra,,1979-12-04T21:47:27.656250+00:00,1979,Purva Bhadrapada,4.0
ketu,nakshatra,,1980-08-12T16:47:55.781250+00:00,1980,Shatabhisha,4.0
ketu,nakshatra,,1981-04-21T11:43:07.500000+00:00,1981,Dhanishta,4.0
ketu,nakshatra,,1981-12-29T06:43:35.625000+00:00,1981,Shravana,4.0
ketu,nakshatra,,1982-09-07T01:44:03.750000+00:00,1982,Uttara Ashadha,4.0
ketu,nakshatra,,1983-05-16T20:44:31.875000+00:00,1983,Purva Ashadha,4.0
ketu,nakshatra,,1984-01-23T15:45:00+00:00,1984,Mula,4.0
ketu,nakshatra,,1984-10-01T10:45:28.125000+00:00,1984,Jyeshtha,4.0
ketu,nakshatra,,1985-06-10T05:45:56.250000+00:00,1985,Anuradha,4.0
ketu,nakshatra,,1986-02-17T00:46:24.375000+00:00,1986,Vishakha,4.0
ketu,nakshatra,,1986-10-26T19:46:52.500000+00:00,1986,Svati,4.0
ketu,nakshatra,,1987-07-05T14:47:20.625000+00:00,1987,Chitra,4.0
ketu,nakshatra,,1988-03-13T09:47:48.750000+00:00,1988,Hasta,4.0
ketu,nakshatra,,1988-11-20T04:48:16.875000+00:00,1988,Uttara Phalguni,4.0
ketu,nakshatra,,1989-07-29T23:48:45+00:00,1989,Purva Phalguni,4.0
ketu,nakshatra,,1990-04-07T18:49:13.125000+00:00,1990,Magha,4.0
ketu,nakshatra,,1990-12-15T13:49:41.250000+00:00,1990,Ashlesha,4.0
ketu,nakshatra,,1991-08-24T08:50:09.375000+00:00,1991,Pushya,4.0
ketu,nakshatra,,1992-05-02T03:50:37.500000+00:00,1992,Punarvasu,4.0
ketu,nakshatra,,1993-01-08T22:45:49.218750+00:00,1993,Ardra,4.0
ketu,nakshatra,,1993-09-17T17:46:17.343750+00:00,1993,Mrigashirsha,4.0
ketu,nakshatra,,1994-05-27T12:46:45.468750+00:00,1994,Rohini,4.0
ketu,nakshatra,,1995-02-03T07:47:13.593750+00:00,1995,Krittika,4.0
ketu,nakshatra,,1995-10-13T02:47:41.718750+00:00,1995,Bharani,4.0
ketu,nakshatra,,1996-06-20T21:48:09.843750+00:00,1996,Ashwini,4.0
ketu,nakshatra,,1997-02-27T16:48:37.968750+00:00,1997,Revati,4.0
ketu,nakshatra,,1997-11-06T11:49:06.093750+00:00,1997,Uttara Bhadrapada,4.0
ketu,nakshatra,,1998-07-16T06:49:34.218750+00:00,1998,Purva Bhadrapada,4.0
ketu,nakshatra,,1999-03-25T01:50:02.343750+00:00,1999,Shatabhisha,4.0
ketu,nakshatra,,1999-12-01T20:50:30.468750+00:00,1999,Dhanishta,4.0
ketu,nakshatra,,2000-08-09T15:50:58.593750+00:00,2000,Shravana,4.0
ketu,nakshatra,,2001-04-18T10:51:26.718750+00:00,2001,Uttara Ashadha,4.0
ketu,nakshatra,,2001-12-26T05:51:54.843750+00:00,2001,Purva Ashadha,4.0
ketu,nakshatra,,2002-09-04T00:52:22.968750+00:00,2002,Mula,4.0
ketu,nakshatra,,2003-05-13T19:52:51.093750+00:00,2003,Jyeshtha,4.0
ketu,nakshatra,,2004-01-20T14:48:02.812500+00:00,2004,Anuradha,4.0
ketu,nakshatra,,2004-09-28T09:48:30.937500+00:00,2004,Vishakha,4.0
ketu,nakshatra,,2005-06-07T04:48:59.062500+00:00,2005,Svati,4.0
ketu,nakshatra,,2006-02-13T23:49:27.187500+00:00,2006,Chitra,4.0
ketu,nakshatra,,2006-10-23T18:49:55.312500+00:00,2006,Hasta,4.0
ketu,nakshatra,,2007-07-02T13:50:23.437500+00:00,2007,Uttara Phalguni,4.0
ketu,nakshatra,,2008-03-10T08:50:51.562500+00:00,2008,Purva Phalguni,4.0
ketu,nakshatra,,2008-11-17T03:51:19.687500+00:00,2008,Magha,4.0
ketu,nakshatra,,2009-07-26T22:51:47.812500+00:00,2009,Ashlesha,4.0
ketu,nakshatra,,2010-04-04T17:52:15.937500+00:00,2010,Pushya,4.0
ketu,nakshatra,,2010-12-12T12:52:44.062500+00:00,2010,Punarvasu,4.0
ketu,nakshatra,,2011-08-21T07:53:12.187500+00:00,2011,Ardra,4.0
ketu,nakshatra,,2012-04-29T02:53:40.312500+00:00,2012,Mrigashirsha,4.0
ketu,nakshatra,,2013-01-05T21:54:08.437500+00:00,2013,Rohini,4.0
ketu,nakshatra,,2013-09-14T16:54:36.562500+00:00,2013,Krittika,4.0
ketu,nakshatra,,2014-05-24T11:55:04.687500+00:00,2014,Bharani,4.0
ketu,nakshatra,,2015-01-31T06:55:32.812500+00:00,2015,Ashwini,4.0
ketu,nakshatra,,2015-10-10T01:50:44.531250+00:00,2015,Revati,4.0
ketu,nakshatra,,2016-06-17T20:51:12.656250+00:00,2016,Uttara Bhadrapada,4.0
ketu,nakshatra,,2017-02-24T15:51:40.781250+00:00,2017,Purva Bhadrapada,4.0
ketu,nakshatra,,2017-11-03T10:52:08.906250+00:00,2017,Shatabhisha,4.0
ketu,nakshatra,,2018-07-13T05:52:37.031250+00:00,2018,Dhanishta,4.0
ketu,nakshatra,,2019-03-22T00:53:05.156250+00:00,2019,Shravana,4.0
ketu,nakshatra,,2019-11-28T19:53:33.281250+00:00,2019,Uttara Ashadha,4.0
ketu,nakshatra,,2020-08-06T14:54:01.406250+00:00,2020,Purva Ashadha,4.0
ketu,nakshatra,,2021-04-15T09:54:29.531250+00:00,2021,Mula,4.0
ketu,nakshatra,,2021-12-23T04:54:57.656250+00:00,2021,Jyeshtha,4.0
ketu,nakshatra,,2022-08-31T23:55:25.781250+00:00,2022,Anuradha,4.0
ketu,nakshatra,,2023-05-10T18:55:53.906250+00:00,2023,Vishakha,4.0
ketu,nakshatra,,2024-01-17T13:56:22.031250+00:00,2024,Svati,4.0
ketu,nakshatra,,2024-09-25T08:56:50.156250+00:00,2024,Chitra,4.0
ketu,nakshatra,,2025-06-04T03:57:18.281250+00:00,2025,Hasta,4.0
