planet,endpoint_type,to_sign,event_utc_dt,year
moon,rashi,Pisces,1900-01-12T23:31:52.500000+00:00,1900
moon,rashi,Aries,1900-01-27T12:39:22.500000+00:00,1900
moon,rashi,Pisces,1900-02-09T01:58:07.500000+00:00,1900
moon,rashi,Aries,1900-02-23T17:15:00+00:00,1900
moon,rashi,Pisces,1900-03-08T02:43:07.500000+00:00,1900
moon,rashi,Aries,1900-03-22T18:16:52.500000+00:00,1900
moon,rashi,Pisces,1900-04-04T05:54:22.500000+00:00,1900
moon,rashi,Aries,1900-04-18T19:52:30+00:00,1900
moon,rashi,Pisces,1900-05-01T13:07:30+00:00,1900
moon,rashi,Aries,1900-05-16T00:50:37.500000+00:00,1900
moon,rashi,Pisces,1900-05-28T22:24:22.500000+00:00,1900
moon,rashi,Aries,1900-06-12T08:43:07.500000+00:00,1900
moon,rashi,Pisces,1900-06-25T06:28:07.500000+00:00,1900
moon,rashi,Aries,1900-07-09T16:58:07.500000+00:00,1900
moon,rashi,Pisces,1900-07-22T11:09:22.500000+00:00,1900
moon,rashi,Aries,1900-08-05T23:03:45+00:00,1900
moon,rashi,Pisces,1900-08-18T12:28:07.500000+00:00,1900
moon,rashi,Aries,1900-09-02T01:46:52.500000+00:00,1900
moon,rashi,Pisces,1900-09-14T13:41:15+00:00,1900
moon,rashi,Aries,1900-09-29T03:00:00+00:00,1900
moon,rashi,Pisces,1900-10-11T18:39:22.500000+00:00,1900
moon,rashi,Aries,1900-10-26T05:54:22.500000+00:00,1900
moon,rashi,Pisces,1900-11-08T04:01:52.500000+00:00,1900
moon,rashi,Aries,1900-11-22T11:54:22.500000+00:00,1900
moon,rashi,Pisces,1900-12-05T14:43:07.500000+00:00,1900
moon,rashi,Aries,1900-12-19T19:35:37.500000+00:00,1900
moon,rashi,Pisces,1901-01-01T22:24:22.500000+00:00,1901
moon,rashi,Aries,1901-01-16T01:52:30+00:00,1901
moon,rashi,Pisces,1901-01-29T00:56:15+00:00,1901
moon,rashi,Aries,1901-02-12T05:03:45+00:00,1901
moon,rashi,Pisces,1901-02-25T01:13:07.500000+00:00,1901
moon,rashi,Aries,1901-03-11T06:33:45+00:00,1901
moon,rashi,Pisces,1901-03-24T04:24:22.500000+00:00,1901
moon,rashi,Aries,1901-04-07T09:22:30+00:00,1901
moon,rashi,Pisces,1901-04-20T12:39:22.500000+00:00,1901
moon,rashi,Aries,1901-05-04T14:43:07.500000+00:00,1901
moon,rashi,Pisces,1901-05-17T23:26:15+00:00,1901
moon,rashi,Aries,1901-05-31T21:11:15+00:00,1901
moon,rashi,Pisces,1901-06-14T09:00:00+00:00,1901
moon,rashi,Aries,1901-06-28T03:00:00+00:00,1901
moon,rashi,Pisces,1901-07-11T14:26:15+00:00,1901
moon,rashi,Aries,1901-07-25T06:39:22.500000+00:00,1901
moon,rashi,Pisces,1901-08-07T15:50:37.500000+00:00,1901
moon,rashi,Aries,1901-08-21T08:48:45+00:00,1901
moon,rashi,Pisces,1901-09-03T16:46:52.500000+00:00,1901
moon,rashi,Aries,1901-09-17T11:26:15+00:00,1901
moon,rashi,Pisces,1901-09-30T21:33:45+00:00,1901
moon,rashi,Aries,1901-10-14T16:07:30+00:00,1901
moon,rashi,Pisces,1901-10-28T07:13:07.500000+00:00,1901
moon,rashi,Aries,1901-11-10T22:24:22.500000+00:00,1901
moon,rashi,Pisces,1901-11-24T18:39:22.500000+00:00,1901
moon,rashi,Aries,1901-12-08T04:13:07.500000+00:00,1901
moon,rashi,Pisces,1901-12-22T03:28:07.500000+00:00,1901
moon,rashi,Aries,1902-01-04T07:41:15+00:00,1902
moon,rashi,Pisces,1902-01-18T06:45:00+00:00,1902
moon,rashi,Aries,1902-01-31T09:22:30+00:00,1902
moon,rashi,Pisces,1902-02-14T06:56:15+00:00,1902
moon,rashi,Aries,1902-02-27T12:05:37.500000+00:00,1902
moon,rashi,Pisces,1902-03-13T09:33:45+00:00,1902
moon,rashi,Aries,1902-03-26T17:26:15+00:00,1902
moon,rashi,Pisces,1902-04-09T17:03:45+00:00,1902
moon,rashi,Aries,1902-04-23T00:16:52.500000+00:00,1902
moon,rashi,Pisces,1902-05-07T03:39:22.500000+00:00,1902
moon,rashi,Aries,1902-05-20T06:28:07.500000+00:00,1902
moon,rashi,Pisces,1902-06-03T13:18:45+00:00,1902
moon,rashi,Aries,1902-06-16T10:13:07.500000+00:00,1902
moon,rashi,Pisces,1902-06-30T19:07:30+00:00,1902
moon,rashi,Aries,1902-07-13T12:05:37.500000+00:00,1902
moon,rashi,Pisces,1902-07-27T20:54:22.500000+00:00,1902
moon,rashi,Aries,1902-08-09T14:09:22.500000+00:00,1902
moon,rashi,Pisces,1902-08-23T21:45:00+00:00,1902
moon,rashi,Aries,1902-09-05T18:56:15+00:00,1902
moon,rashi,Pisces,1902-09-20T01:52:30+00:00,1902
moon,rashi,Aries,1902-10-03T02:15:00+00:00,1902
moon,rashi,Pisces,1902-10-17T10:07:30+00:00,1902
moon,rashi,Aries,1902-10-30T10:01:52.500000+00:00,1902
moon,rashi,Pisces,1902-11-13T20:31:52.500000+00:00,1902
moon,rashi,Aries,1902-11-26T15:16:52.500000+00:00,1902
moon,rashi,Pisces,1902-12-11T04:46:52.500000+00:00,1902
moon,rashi,Aries,1902-12-23T17:03:45+00:00,1902
moon,rashi,Pisces,1903-01-07T08:15:00+00:00,1903
moon,rashi,Aries,1903-01-19T18:00:00+00:00,1903
moon,rashi,Pisces,1903-02-03T08:43:07.500000+00:00,1903
moon,rashi,Aries,1903-02-15T22:07:30+00:00,1903
moon,rashi,Pisces,1903-03-02T10:58:07.500000+00:00,1903
moon,rashi,Aries,1903-03-15T06:16:52.500000+00:00,1903
moon,rashi,Pisces,1903-03-29T17:20:37.500000+00:00,1903
moon,rashi,Aries,1903-04-11T15:28:07.500000+00:00,1903
moon,rashi,Pisces,1903-04-26T02:09:22.500000+00:00,1903
moon,rashi,Aries,1903-05-08T22:24:22.500000+00:00,1903
moon,rashi,Pisces,1903-05-23T10:18:45+00:00,1903
moon,rashi,Aries,1903-06-05T01:30:00+00:00,1903
moon,rashi,Pisces,1903-06-19T15:11:15+00:00,1903
moon,rashi,Aries,1903-07-02T02:20:37.500000+00:00,1903
moon,rashi,Pisces,1903-07-16T16:58:07.500000+00:00,1903
moon,rashi,Aries,1903-07-29T04:46:52.500000+00:00,1903
moon,rashi,Pisces,1903-08-12T18:28:07.500000+00:00,1903
moon,rashi,Aries,1903-08-25T11:09:22.500000+00:00,1903
moon,rashi,Pisces,1903-09-08T22:24:22.500000+00:00,1903
moon,rashi,Aries,1903-09-21T20:48:45+00:00,1903
moon,rashi,Pisces,1903-10-06T05:20:37.500000+00:00,1903
moon,rashi,Aries,1903-10-19T06:28:07.500000+00:00,1903
moon,rashi,Pisces,1903-11-02T13:13:07.500000+00:00,1903
moon,rashi,Aries,1903-11-15T12:28:07.500000+00:00,1903
moon,rashi,Pisces,1903-11-29T19:18:45+00:00,1903
moon,rashi,Aries,1903-12-12T13:58:07.500000+00:00,1903
moon,rashi,Pisces,1903-12-26T21:56:15+00:00,1903
moon,rashi,Aries,1904-01-08T14:26:15+00:00,1904
moon,rashi,Pisces,1904-01-22T23:09:22.500000+00:00,1904
moon,rashi,Aries,1904-02-04T19:13:07.500000+00:00,1904
moon,rashi,Pisces,1904-02-19T02:20:37.500000+00:00,1904
moon,rashi,Aries,1904-03-03T04:52:30+00:00,1904
moon,rashi,Pisces,1904-03-17T08:15:00+00:00,1904
moon,rashi,Aries,1904-03-30T15:56:15+00:00,1904
moon,rashi,Pisces,1904-04-13T15:00:00+00:00,1904
moon,rashi,Aries,1904-04-27T00:11:15+00:00,1904
moon,rashi,Pisces,1904-05-10T20:26:15+00:00,1904
moon,rashi,Aries,1904-05-24T03:39:22.500000+00:00,1904
moon,rashi,Pisces,1904-06-06T23:31:52.500000+00:00,1904
moon,rashi,Aries,1904-06-20T04:18:45+00:00,1904
moon,rashi,Pisces,1904-07-04T01:35:37.500000+00:00,1904
moon,rashi,Aries,1904-07-17T06:33:45+00:00,1904
moon,rashi,Pisces,1904-07-31T04:41:15+00:00,1904
moon,rashi,Aries,1904-08-13T13:13:07.500000+00:00,1904
moon,rashi,Pisces,1904-08-27T09:50:37.500000+00:00,1904
moon,rashi,Aries,1904-09-09T23:31:52.500000+00:00,1904
moon,rashi,Pisces,1904-09-23T16:07:30+00:00,1904
moon,rashi,Aries,1904-10-07T10:18:45+00:00,1904
moon,rashi,Pisces,1904-10-20T21:39:22.500000+00:00,1904
moon,rashi,Aries,1904-11-03T17:20:37.500000+00:00,1904
moon,rashi,Pisces,1904-11-17T01:01:52.500000+00:00,1904
moon,rashi,Aries,1904-11-30T19:18:45+00:00,1904
moon,rashi,Pisces,1904-12-14T02:48:45+00:00,1904
moon,rashi,Aries,1904-12-27T19:35:37.500000+00:00,1904
moon,rashi,Pisces,1905-01-10T05:43:07.500000+00:00,1905
moon,rashi,Aries,1905-01-23T23:37:30+00:00,1905
moon,rashi,Pisces,1905-02-06T11:09:22.500000+00:00,1905
moon,rashi,Aries,1905-02-20T09:00:00+00:00,1905
moon,rashi,Pisces,1905-03-05T17:54:22.500000+00:00,1905
moon,rashi,Aries,1905-03-19T20:15:00+00:00,1905
moon,rashi,Pisces,1905-04-01T23:26:15+00:00,1905
moon,rashi,Aries,1905-04-16T05:03:45+00:00,1905
moon,rashi,Pisces,1905-04-29T02:26:15+00:00,1905
moon,rashi,Aries,1905-05-13T09:05:37.500000+00:00,1905
moon,rashi,Pisces,1905-05-26T04:07:30+00:00,1905
moon,rashi,Aries,1905-06-09T09:50:37.500000+00:00,1905
moon,rashi,Pisces,1905-06-22T07:01:52.500000+00:00,1905
moon,rashi,Aries,1905-07-06T11:43:07.500000+00:00,1905
moon,rashi,Pisces,1905-07-19T12:33:45+00:00,1905
moon,rashi,Aries,1905-08-02T17:31:52.500000+00:00,1905
moon,rashi,Pisces,1905-08-15T19:52:30+00:00,1905
moon,rashi,Aries,1905-08-30T02:54:22.500000+00:00,1905
moon,rashi,Pisces,1905-09-12T02:48:45+00:00,1905
moon,rashi,Aries,1905-09-26T12:56:15+00:00,1905
moon,rashi,Pisces,1905-10-09T07:07:30+00:00,1905
moon,rashi,Aries,1905-10-23T20:03:45+00:00,1905
moon,rashi,Pisces,1905-11-05T08:37:30+00:00,1905
moon,rashi,Aries,1905-11-19T22:18:45+00:00,1905
moon,rashi,Pisces,1905-12-02T10:07:30+00:00,1905
moon,rashi,Aries,1905-12-16T22:46:52.500000+00:00,1905
moon,rashi,Pisces,1905-12-29T15:05:37.500000+00:00,1905
moon,rashi,Aries,1906-01-13T02:09:22.500000+00:00,1906
moon,rashi,Pisces,1906-01-25T23:31:52.500000+00:00,1906
moon,rashi,Aries,1906-02-09T09:50:37.500000+00:00,1906
moon,rashi,Pisces,1906-02-22T08:09:22.500000+00:00,1906
moon,rashi,Aries,1906-03-08T19:30:00+00:00,1906
moon,rashi,Pisces,1906-03-21T13:41:15+00:00,1906
moon,rashi,Aries,1906-04-05T03:11:15+00:00,1906
moon,rashi,Pisces,1906-04-17T15:33:45+00:00,1906
moon,rashi,Aries,1906-05-02T06:50:37.500000+00:00,1906
moon,rashi,Pisces,1906-05-14T16:30:00+00:00,1906
moon,rashi,Aries,1906-05-29T07:58:07.500000+00:00,1906
moon,rashi,Pisces,1906-06-10T20:20:37.500000+00:00,1906
moon,rashi,Aries,1906-06-25T10:07:30+00:00,1906
moon,rashi,Pisces,1906-07-08T04:07:30+00:00,1906
moon,rashi,Aries,1906-07-22T15:16:52.500000+00:00,1906
moon,rashi,Pisces,1906-08-04T13:46:52.500000+00:00,1906
moon,rashi,Aries,1906-08-18T22:52:30+00:00,1906
moon,rashi,Pisces,1906-08-31T22:01:52.500000+00:00,1906
moon,rashi,Aries,1906-09-15T06:39:22.500000+00:00,1906
moon,rashi,Pisces,1906-09-28T02:26:15+00:00,1906
moon,rashi,Aries,1906-10-12T12:00:00+00:00,1906
moon,rashi,Pisces,1906-10-25T03:16:52.500000+00:00,1906
moon,rashi,Aries,1906-11-08T14:09:22.500000+00:00,1906
moon,rashi,Pisces,1906-11-21T04:41:15+00:00,1906
moon,rashi,Aries,1906-12-05T15:28:07.500000+00:00,1906
moon,rashi,Pisces,1906-12-18T10:46:52.500000+00:00,1906
moon,rashi,Aries,1907-01-01T19:13:07.500000+00:00,1907
moon,rashi,Pisces,1907-01-14T21:11:15+00:00,1907
moon,rashi,Aries,1907-01-29T01:46:52.500000+00:00,1907
moon,rashi,Pisces,1907-02-11T07:46:52.500000+00:00,1907
moon,rashi,Aries,1907-02-25T08:54:22.500000+00:00,1907
moon,rashi,Pisces,1907-03-10T14:26:15+00:00,1907
moon,rashi,Aries,1907-03-24T14:03:45+00:00,1907
moon,rashi,Pisces,1907-04-06T16:13:07.500000+00:00,1907
moon,rashi,Aries,1907-04-20T16:35:37.500000+00:00,1907
moon,rashi,Pisces,1907-05-03T16:52:30+00:00,1907
moon,rashi,Aries,1907-05-17T18:28:07.500000+00:00,1907
moon,rashi,Pisces,1907-05-30T20:48:45+00:00,1907
moon,rashi,Aries,1907-06-13T22:01:52.500000+00:00,1907
moon,rashi,Pisces,1907-06-27T05:20:37.500000+00:00,1907
moon,rashi,Aries,1907-07-11T03:39:22.500000+00:00,1907
moon,rashi,Pisces,1907-07-24T16:07:30+00:00,1907
moon,rashi,Aries,1907-08-07T09:50:37.500000+00:00,1907
moon,rashi,Pisces,1907-08-21T01:41:15+00:00,1907
moon,rashi,Aries,1907-09-03T15:05:37.500000+00:00,1907
moon,rashi,Pisces,1907-09-17T06:50:37.500000+00:00,1907
moon,rashi,Aries,1907-09-30T18:05:37.500000+00:00,1907
moon,rashi,Pisces,1907-10-14T07:52:30+00:00,1907
moon,rashi,Aries,1907-10-27T20:03:45+00:00,1907
moon,rashi,Pisces,1907-11-10T08:54:22.500000+00:00,1907
moon,rashi,Aries,1907-11-23T23:15:00+00:00,1907
moon,rashi,Pisces,1907-12-07T14:31:52.500000+00:00,1907
moon,rashi,Aries,1907-12-21T04:58:07.500000+00:00,1907
moon,rashi,Pisces,1908-01-04T00:56:15+00:00,1908
moon,rashi,Aries,1908-01-17T11:31:52.500000+00:00,1908
moon,rashi,Pisces,1908-01-31T12:11:15+00:00,1908
moon,rashi,Aries,1908-02-13T16:35:37.500000+00:00,1908
moon,rashi,Pisces,1908-02-27T19:46:52.500000+00:00,1908
moon,rashi,Aries,1908-03-11T19:13:07.500000+00:00,1908
moon,rashi,Pisces,1908-03-25T22:07:30+00:00,1908
moon,rashi,Aries,1908-04-07T20:54:22.500000+00:00,1908
moon,rashi,Pisces,1908-04-21T22:35:37.500000+00:00,1908
moon,rashi,Aries,1908-05-05T00:28:07.500000+00:00,1908
moon,rashi,Pisces,1908-05-19T01:58:07.500000+00:00,1908
moon,rashi,Aries,1908-06-01T06:33:45+00:00,1908
moon,rashi,Pisces,1908-06-15T09:39:22.500000+00:00,1908
moon,rashi,Aries,1908-06-28T13:35:37.500000+00:00,1908
moon,rashi,Pisces,1908-07-12T19:58:07.500000+00:00,1908
moon,rashi,Aries,1908-07-25T19:30:00+00:00,1908
moon,rashi,Pisces,1908-08-09T05:15:00+00:00,1908
moon,rashi,Aries,1908-08-21T22:52:30+00:00,1908
moon,rashi,Pisces,1908-09-05T10:46:52.500000+00:00,1908
moon,rashi,Aries,1908-09-18T00:16:52.500000+00:00,1908
moon,rashi,Pisces,1908-10-02T12:05:37.500000+00:00,1908
moon,rashi,Aries,1908-10-15T02:37:30+00:00,1908
moon,rashi,Pisces,1908-10-29T13:01:52.500000+00:00,1908
moon,rashi,Aries,1908-11-11T08:20:37.500000+00:00,1908
moon,rashi,Pisces,1908-11-25T17:37:30+00:00,1908
moon,rashi,Aries,1908-12-08T16:46:52.500000+00:00,1908
moon,rashi,Pisces,1908-12-23T02:31:52.500000+00:00,1908
moon,rashi,Aries,1909-01-05T00:39:22.500000+00:00,1909
moon,rashi,Pisces,1909-01-19T12:28:07.500000+00:00,1909
moon,rashi,Aries,1909-02-01T05:03:45+00:00,1909
moon,rashi,Pisces,1909-02-15T19:24:22.500000+00:00,1909
moon,rashi,Aries,1909-02-28T06:11:15+00:00,1909
moon,rashi,Pisces,1909-03-14T21:50:37.500000+00:00,1909
moon,rashi,Aries,1909-03-27T07:41:15+00:00,1909
moon,rashi,Pisces,1909-04-10T22:41:15+00:00,1909
moon,rashi,Aries,1909-04-23T12:56:15+00:00,1909
moon,rashi,Pisces,1909-05-08T01:46:52.500000+00:00,1909
moon,rashi,Aries,1909-05-20T21:33:45+00:00,1909
moon,rashi,Pisces,1909-06-04T08:20:37.500000+00:00,1909
moon,rashi,Aries,1909-06-17T06:39:22.500000+00:00,1909
moon,rashi,Pisces,1909-07-01T16:41:15+00:00,1909
moon,rashi,Aries,1909-07-14T13:18:45+00:00,1909
moon,rashi,Pisces,1909-07-29T00:11:15+00:00,1909
moon,rashi,Aries,1909-08-10T16:07:30+00:00,1909
moon,rashi,Pisces,1909-08-25T04:35:37.500000+00:00,1909
moon,rashi,Aries,1909-09-06T16:52:30+00:00,1909
moon,rashi,Pisces,1909-09-21T06:11:15+00:00,1909
moon,rashi,Aries,1909-10-03T19:35:37.500000+00:00,1909
moon,rashi,Pisces,1909-10-18T07:52:30+00:00,1909
moon,rashi,Aries,1909-10-31T02:54:22.500000+00:00,1909
moon,rashi,Pisces,1909-11-14T12:16:52.500000+00:00,1909
moon,rashi,Aries,1909-11-27T13:35:37.500000+00:00,1909
moon,rashi,Pisces,1909-12-11T19:24:22.500000+00:00,1909
moon,rashi,Aries,1909-12-24T23:15:00+00:00,1909
moon,rashi,Pisces,1910-01-08T02:43:07.500000+00:00,1910
moon,rashi,Aries,1910-01-21T04:24:22.500000+00:00,1910
moon,rashi,Pisces,1910-02-04T07:30:00+00:00,1910
moon,rashi,Aries,1910-02-17T05:15:00+00:00,1910
moon,rashi,Pisces,1910-03-03T09:28:07.500000+00:00,1910
moon,rashi,Aries,1910-03-16T06:22:30+00:00,1910
moon,rashi,Pisces,1910-03-30T11:20:37.500000+00:00,1910
moon,rashi,Aries,1910-04-12T12:11:15+00:00,1910
moon,rashi,Pisces,1910-04-26T15:28:07.500000+00:00,1910
moon,rashi,Aries,1910-05-09T22:01:52.500000+00:00,1910
moon,rashi,Pisces,1910-05-23T21:33:45+00:00,1910
moon,rashi,Aries,1910-06-06T08:43:07.500000+00:00,1910
moon,rashi,Pisces,1910-06-20T03:56:15+00:00,1910
moon,rashi,Aries,1910-07-03T16:30:00+00:00,1910
moon,rashi,Pisces,1910-07-17T08:43:07.500000+00:00,1910
moon,rashi,Aries,1910-07-30T19:41:15+00:00,1910
moon,rashi,Pisces,1910-08-13T11:26:15+00:00,1910
moon,rashi,Aries,1910-08-26T20:20:37.500000+00:00,1910
moon,rashi,Pisces,1910-09-09T13:35:37.500000+00:00,1910
moon,rashi,Aries,1910-09-22T22:46:52.500000+00:00,1910
moon,rashi,Pisces,1910-10-06T17:09:22.500000+00:00,1910
moon,rashi,Aries,1910-10-20T06:00:00+00:00,1910
moon,rashi,Pisces,1910-11-02T22:52:30+00:00,1910
moon,rashi,Aries,1910-11-16T17:09:22.500000+00:00,1910
moon,rashi,Pisces,1910-11-30T05:15:00+00:00,1910
moon,rashi,Aries,1910-12-14T03:50:37.500000+00:00,1910
moon,rashi,Pisces,1910-12-27T09:56:15+00:00,1910
moon,rashi,Aries,1911-01-10T10:01:52.500000+00:00,1911
moon,rashi,Pisces,1911-01-23T12:16:52.500000+00:00,1911
moon,rashi,Aries,1911-02-06T11:09:22.500000+00:00,1911
moon,rashi,Pisces,1911-02-19T14:09:22.500000+00:00,1911
moon,rashi,Aries,1911-03-05T11:54:22.500000+00:00,1911
moon,rashi,Pisces,1911-03-18T18:11:15+00:00,1911
moon,rashi,Aries,1911-04-01T16:58:07.500000+00:00,1911
moon,rashi,Pisces,1911-04-15T00:33:45+00:00,1911
moon,rashi,Aries,1911-04-29T02:20:37.500000+00:00,1911
moon,rashi,Pisces,1911-05-12T07:24:22.500000+00:00,1911
moon,rashi,Aries,1911-05-26T12:56:15+00:00,1911
moon,rashi,Pisces,1911-06-08T12:28:07.500000+00:00,1911
moon,rashi,Aries,1911-06-22T21:00:00+00:00,1911
moon,rashi,Pisces,1911-07-05T15:11:15+00:00,1911
moon,rashi,Aries,1911-07-20T00:39:22.500000+00:00,1911
moon,rashi,Pisces,1911-08-01T16:46:52.500000+00:00,1911
moon,rashi,Aries,1911-08-16T01:24:22.500000+00:00,1911
moon,rashi,Pisces,1911-08-28T19:58:07.500000+00:00,1911
moon,rashi,Aries,1911-09-12T03:28:07.500000+00:00,1911
moon,rashi,Pisces,1911-09-25T02:15:00+00:00,1911
moon,rashi,Aries,1911-10-09T09:39:22.500000+00:00,1911
moon,rashi,Pisces,1911-10-22T10:13:07.500000+00:00,1911
moon,rashi,Aries,1911-11-05T19:24:22.500000+00:00,1911
moon,rashi,Pisces,1911-11-18T17:03:45+00:00,1911
moon,rashi,Aries,1911-12-03T05:15:00+00:00,1911
moon,rashi,Pisces,1911-12-15T20:31:52.500000+00:00,1911
moon,rashi,Aries,1911-12-30T11:15:00+00:00,1911
moon,rashi,Pisces,1912-01-11T21:22:30+00:00,1912
moon,rashi,Aries,1912-01-26T12:45:00+00:00,1912
moon,rashi,Pisces,1912-02-07T23:31:52.500000+00:00,1912
moon,rashi,Aries,1912-02-22T13:35:37.500000+00:00,1912
moon,rashi,Pisces,1912-03-06T05:54:22.500000+00:00,1912
moon,rashi,Aries,1912-03-20T17:48:45+00:00,1912
moon,rashi,Pisces,1912-04-02T15:05:37.500000+00:00,1912
moon,rashi,Aries,1912-04-17T01:41:15+00:00,1912
moon,rashi,Pisces,1912-04-29T23:26:15+00:00,1912
moon,rashi,Aries,1912-05-14T10:30:00+00:00,1912
moon,rashi,Pisces,1912-05-27T04:35:37.500000+00:00,1912
moon,rashi,Aries,1912-06-10T17:09:22.500000+00:00,1912
moon,rashi,Pisces,1912-06-23T06:16:52.500000+00:00,1912
moon,rashi,Aries,1912-07-07T20:26:15+00:00,1912
moon,rashi,Pisces,1912-07-20T07:24:22.500000+00:00,1912
moon,rashi,Aries,1912-08-03T21:39:22.500000+00:00,1912
moon,rashi,Pisces,1912-08-16T11:37:30+00:00,1912
moon,rashi,Aries,1912-08-31T00:11:15+00:00,1912
moon,rashi,Pisces,1912-09-12T19:58:07.500000+00:00,1912
moon,rashi,Aries,1912-09-27T05:37:30+00:00,1912
moon,rashi,Pisces,1912-10-10T06:11:15+00:00,1912
moon,rashi,Aries,1912-10-24T13:18:45+00:00,1912
moon,rashi,Pisces,1912-11-06T14:26:15+00:00,1912
moon,rashi,Aries,1912-11-20T20:37:30+00:00,1912
moon,rashi,Pisces,1912-12-03T18:05:37.500000+00:00,1912
moon,rashi,Aries,1912-12-18T00:56:15+00:00,1912
moon,rashi,Pisces,1912-12-30T18:22:30+00:00,1912
moon,rashi,Aries,1913-01-14T02:31:52.500000+00:00,1913
moon,rashi,Pisces,1913-01-26T20:31:52.500000+00:00,1913
moon,rashi,Aries,1913-02-10T04:30:00+00:00,1913
moon,rashi,Pisces,1913-02-23T03:56:15+00:00,1913
moon,rashi,Aries,1913-03-09T09:05:37.500000+00:00,1913
moon,rashi,Pisces,1913-03-22T14:54:22.500000+00:00,1913
moon,rashi,Aries,1913-04-05T15:39:22.500000+00:00,1913
moon,rashi,Pisces,1913-04-19T00:56:15+00:00,1913
moon,rashi,Aries,1913-05-02T22:01:52.500000+00:00,1913
moon,rashi,Pisces,1913-05-16T06:56:15+00:00,1913
moon,rashi,Aries,1913-05-30T02:15:00+00:00,1913
moon,rashi,Pisces,1913-06-12T08:37:30+00:00,1913
moon,rashi,Aries,1913-06-26T04:35:37.500000+00:00,1913
moon,rashi,Pisces,1913-07-09T09:28:07.500000+00:00,1913
moon,rashi,Aries,1913-07-23T06:56:15+00:00,1913
moon,rashi,Pisces,1913-08-05T13:41:15+00:00,1913
moon,rashi,Aries,1913-08-19T11:03:45+00:00,1913
moon,rashi,Pisces,1913-09-01T22:30:00+00:00,1913
moon,rashi,Aries,1913-09-15T16:58:07.500000+00:00,1913
moon,rashi,Pisces,1913-09-29T09:33:45+00:00,1913
moon,rashi,Aries,1913-10-12T23:09:22.500000+00:00,1913
moon,rashi,Pisces,1913-10-26T19:01:52.500000+00:00,1913
moon,rashi,Aries,1913-11-09T03:39:22.500000+00:00,1913
moon,rashi,Pisces,1913-11-22T23:31:52.500000+00:00,1913
moon,rashi,Aries,1913-12-06T05:54:22.500000+00:00,1913
moon,rashi,Pisces,1913-12-19T23:54:22.500000+00:00,1913
moon,rashi,Aries,1914-01-02T07:58:07.500000+00:00,1914
moon,rashi,Pisces,1914-01-16T01:30:00+00:00,1914
moon,rashi,Aries,1914-01-29T12:16:52.500000+00:00,1914
moon,rashi,Pisces,1914-02-12T08:20:37.500000+00:00,1914
moon,rashi,Aries,1914-02-25T18:45:00+00:00,1914
moon,rashi,Pisces,1914-03-11T19:07:30+00:00,1914
moon,rashi,Aries,1914-03-25T01:07:30+00:00,1914
moon,rashi,Pisces,1914-04-08T05:37:30+00:00,1914
moon,rashi,Aries,1914-04-21T05:26:15+00:00,1914
moon,rashi,Pisces,1914-05-05T12:11:15+00:00,1914
moon,rashi,Aries,1914-05-18T07:30:00+00:00,1914
moon,rashi,Pisces,1914-06-01T14:15:00+00:00,1914
moon,rashi,Aries,1914-06-14T09:28:07.500000+00:00,1914
moon,rashi,Pisces,1914-06-28T15:00:00+00:00,1914
moon,rashi,Aries,1914-07-11T13:35:37.500000+00:00,1914
moon,rashi,Pisces,1914-07-25T18:39:22.500000+00:00,1914
moon,rashi,Aries,1914-08-07T20:20:37.500000+00:00,1914
moon,rashi,Pisces,1914-08-22T02:20:37.500000+00:00,1914
moon,rashi,Aries,1914-09-04T03:50:37.500000+00:00,1914
moon,rashi,Pisces,1914-09-18T12:33:45+00:00,1914
moon,rashi,Aries,1914-10-01T09:39:22.500000+00:00,1914
moon,rashi,Pisces,1914-10-15T21:33:45+00:00,1914
moon,rashi,Aries,1914-10-28T12:28:07.500000+00:00,1914
moon,rashi,Pisces,1914-11-12T02:15:00+00:00,1914
moon,rashi,Aries,1914-11-24T13:24:22.500000+00:00,1914
moon,rashi,Pisces,1914-12-09T03:05:37.500000+00:00,1914
moon,rashi,Aries,1914-12-21T16:24:22.500000+00:00,1914
moon,rashi,Pisces,1915-01-05T04:24:22.500000+00:00,1915
moon,rashi,Aries,1915-01-17T23:20:37.500000+00:00,1915
moon,rashi,Pisces,1915-02-01T10:01:52.500000+00:00,1915
moon,rashi,Aries,1915-02-14T08:26:15+00:00,1915
moon,rashi,Pisces,1915-02-28T19:07:30+00:00,1915
moon,rashi,Aries,1915-03-13T15:50:37.500000+00:00,1915
moon,rashi,Pisces,1915-03-28T04:13:07.500000+00:00,1915
moon,rashi,Aries,1915-04-09T19:30:00+00:00,1915
moon,rashi,Pisces,1915-04-24T09:56:15+00:00,1915
moon,rashi,Aries,1915-05-06T20:26:15+00:00,1915
moon,rashi,Pisces,1915-05-21T12:00:00+00:00,1915
moon,rashi,Aries,1915-06-02T22:24:22.500000+00:00,1915
moon,rashi,Pisces,1915-06-17T13:13:07.500000+00:00,1915
moon,rashi,Aries,1915-06-30T04:18:45+00:00,1915
moon,rashi,Pisces,1915-07-14T16:46:52.500000+00:00,1915
moon,rashi,Aries,1915-07-27T13:24:22.500000+00:00,1915
moon,rashi,Pisces,1915-08-10T23:15:00+00:00,1915
moon,rashi,Aries,1915-08-23T22:46:52.500000+00:00,1915
moon,rashi,Pisces,1915-09-07T07:18:45+00:00,1915
moon,rashi,Aries,1915-09-20T05:26:15+00:00,1915
moon,rashi,Pisces,1915-10-04T14:09:22.500000+00:00,1915
moon,rashi,Aries,1915-10-17T07:52:30+00:00,1915
moon,rashi,Pisces,1915-10-31T17:48:45+00:00,1915
moon,rashi,Aries,1915-11-13T08:15:00+00:00,1915
moon,rashi,Pisces,1915-11-27T19:07:30+00:00,1915
moon,rashi,Aries,1915-12-10T11:37:30+00:00,1915
moon,rashi,Pisces,1915-12-24T21:22:30+00:00,1915
moon,rashi,Aries,1916-01-06T20:15:00+00:00,1916
moon,rashi,Pisces,1916-01-21T02:43:07.500000+00:00,1916
moon,rashi,Aries,1916-02-03T07:24:22.500000+00:00,1916
moon,rashi,Pisces,1916-02-17T09:50:37.500000+00:00,1916
moon,rashi,Aries,1916-03-01T16:30:00+00:00,1916
moon,rashi,Pisces,1916-03-15T16:13:07.500000+00:00,1916
moon,rashi,Aries,1916-03-28T20:37:30+00:00,1916
moon,rashi,Pisces,1916-04-11T19:58:07.500000+00:00,1916
moon,rashi,Aries,1916-04-24T21:16:52.500000+00:00,1916
moon,rashi,Pisces,1916-05-08T21:50:37.500000+00:00,1916
moon,rashi,Aries,1916-05-21T23:03:45+00:00,1916
moon,rashi,Pisces,1916-06-05T00:28:07.500000+00:00,1916
moon,rashi,Aries,1916-06-18T05:15:00+00:00,1916
moon,rashi,Pisces,1916-07-02T05:03:45+00:00,1916
moon,rashi,Aries,1916-07-15T15:16:52.500000+00:00,1916
moon,rashi,Pisces,1916-07-29T11:09:22.500000+00:00,1916
moon,rashi,Aries,1916-08-12T01:58:07.500000+00:00,1916
moon,rashi,Pisces,1916-08-25T17:03:45+00:00,1916
moon,rashi,Aries,1916-09-08T09:39:22.500000+00:00,1916
moon,rashi,Pisces,1916-09-21T21:16:52.500000+00:00,1916
moon,rashi,Aries,1916-10-05T12:39:22.500000+00:00,1916
moon,rashi,Pisces,1916-10-18T23:26:15+00:00,1916
moon,rashi,Aries,1916-11-01T12:56:15+00:00,1916
moon,rashi,Pisces,1916-11-15T01:46:52.500000+00:00,1916
moon,rashi,Aries,1916-11-28T15:50:37.500000+00:00,1916
moon,rashi,Pisces,1916-12-12T06:16:52.500000+00:00,1916
moon,rashi,Aries,1916-12-26T00:05:37.500000+00:00,1916
moon,rashi,Pisces,1917-01-08T12:45:00+00:00,1917
moon,rashi,Aries,1917-01-22T11:31:52.500000+00:00,1917
moon,rashi,Pisces,1917-02-04T18:50:37.500000+00:00,1917
moon,rashi,Aries,1917-02-18T21:28:07.500000+00:00,1917
moon,rashi,Pisces,1917-03-03T22:41:15+00:00,1917
moon,rashi,Aries,1917-03-18T02:20:37.500000+00:00,1917
moon,rashi,Pisces,1917-03-31T00:28:07.500000+00:00,1917
moon,rashi,Aries,1917-04-14T03:11:15+00:00,1917
moon,rashi,Pisces,1917-04-27T02:48:45+00:00,1917
moon,rashi,Aries,1917-05-11T04:35:37.500000+00:00,1917
moon,rashi,Pisces,1917-05-24T07:41:15+00:00,1917
moon,rashi,Aries,1917-06-07T10:07:30+00:00,1917
moon,rashi,Pisces,1917-06-20T14:31:52.500000+00:00,1917
moon,rashi,Aries,1917-07-04T19:18:45+00:00,1917
moon,rashi,Pisces,1917-07-17T21:22:30+00:00,1917
moon,rashi,Aries,1917-08-01T05:37:30+00:00,1917
moon,rashi,Pisces,1917-08-14T02:09:22.500000+00:00,1917
moon,rashi,Aries,1917-08-28T13:18:45+00:00,1917
moon,rashi,Pisces,1917-09-10T04:18:45+00:00,1917
moon,rashi,Aries,1917-09-24T16:35:37.500000+00:00,1917
moon,rashi,Pisces,1917-10-07T05:37:30+00:00,1917
moon,rashi,Aries,1917-10-21T17:09:22.500000+00:00,1917
moon,rashi,Pisces,1917-11-03T09:33:45+00:00,1917
moon,rashi,Aries,1917-11-17T19:30:00+00:00,1917
moon,rashi,Pisces,1917-11-30T16:58:07.500000+00:00,1917
moon,rashi,Aries,1917-12-15T02:26:15+00:00,1917
moon,rashi,Pisces,1917-12-28T01:35:37.500000+00:00,1917
moon,rashi,Aries,1918-01-11T12:16:52.500000+00:00,1918
moon,rashi,Pisces,1918-01-24T08:03:45+00:00,1918
moon,rashi,Aries,1918-02-07T21:11:15+00:00,1918
moon,rashi,Pisces,1918-02-20T10:35:37.500000+00:00,1918
moon,rashi,Aries,1918-03-07T01:46:52.500000+00:00,1918
moon,rashi,Pisces,1918-03-19T11:20:37.500000+00:00,1918
moon,rashi,Aries,1918-04-03T02:54:22.500000+00:00,1918
moon,rashi,Pisces,1918-04-15T14:20:37.500000+00:00,1918
moon,rashi,Aries,1918-04-30T04:30:00+00:00,1918
moon,rashi,Pisces,1918-05-12T21:33:45+00:00,1918
moon,rashi,Aries,1918-05-27T09:16:52.500000+00:00,1918
moon,rashi,Pisces,1918-06-09T06:50:37.500000+00:00,1918
moon,rashi,Aries,1918-06-23T16:58:07.500000+00:00,1918
moon,rashi,Pisces,1918-07-06T15:05:37.500000+00:00,1918
moon,rashi,Aries,1918-07-21T01:13:07.500000+00:00,1918
moon,rashi,Pisces,1918-08-02T19:58:07.500000+00:00,1918
moon,rashi,Aries,1918-08-17T07:24:22.500000+00:00,1918
moon,rashi,Pisces,1918-08-29T21:22:30+00:00,1918
moon,rashi,Aries,1918-09-13T10:13:07.500000+00:00,1918
moon,rashi,Pisces,1918-09-25T22:30:00+00:00,1918
moon,rashi,Aries,1918-10-10T11:20:37.500000+00:00,1918
moon,rashi,Pisces,1918-10-23T03:22:30+00:00,1918
moon,rashi,Aries,1918-11-06T14:15:00+00:00,1918
moon,rashi,Pisces,1918-11-19T12:45:00+00:00,1918
moon,rashi,Aries,1918-12-03T20:15:00+00:00,1918
moon,rashi,Pisces,1918-12-16T23:31:52.500000+00:00,1918
moon,rashi,Aries,1918-12-31T03:45:00+00:00,1918
moon,rashi,Pisces,1919-01-13T07:24:22.500000+00:00,1919
moon,rashi,Aries,1919-01-27T09:56:15+00:00,1919
moon,rashi,Pisces,1919-02-09T10:01:52.500000+00:00,1919
moon,rashi,Aries,1919-02-23T13:07:30+00:00,1919
moon,rashi,Pisces,1919-03-08T10:18:45+00:00,1919
moon,rashi,Aries,1919-03-22T14:43:07.500000+00:00,1919
moon,rashi,Pisces,1919-04-04T13:24:22.500000+00:00,1919
moon,rashi,Aries,1919-04-18T17:37:30+00:00,1919
moon,rashi,Pisces,1919-05-01T21:28:07.500000+00:00,1919
moon,rashi,Aries,1919-05-15T22:52:30+00:00,1919
moon,rashi,Pisces,1919-05-29T08:15:00+00:00,1919
moon,rashi,Aries,1919-06-12T05:15:00+00:00,1919
moon,rashi,Pisces,1919-06-25T17:54:22.500000+00:00,1919
moon,rashi,Aries,1919-07-09T11:03:45+00:00,1919
moon,rashi,Pisces,1919-07-22T23:31:52.500000+00:00,1919
moon,rashi,Aries,1919-08-05T14:43:07.500000+00:00,1919
moon,rashi,Pisces,1919-08-19T01:01:52.500000+00:00,1919
moon,rashi,Aries,1919-09-01T16:52:30+00:00,1919
moon,rashi,Pisces,1919-09-15T01:52:30+00:00,1919
moon,rashi,Aries,1919-09-28T19:30:00+00:00,1919
moon,rashi,Pisces,1919-10-12T06:28:07.500000+00:00,1919
moon,rashi,Aries,1919-10-26T00:16:52.500000+00:00,1919
moon,rashi,Pisces,1919-11-08T16:01:52.500000+00:00,1919
moon,rashi,Aries,1919-11-22T06:33:45+00:00,1919
moon,rashi,Pisces,1919-12-06T03:33:45+00:00,1919
moon,rashi,Aries,1919-12-19T12:16:52.500000+00:00,1919
moon,rashi,Pisces,1920-01-02T12:28:07.500000+00:00,1920
moon,rashi,Aries,1920-01-15T15:45:00+00:00,1920
moon,rashi,Pisces,1920-01-29T15:50:37.500000+00:00,1920
moon,rashi,Aries,1920-02-11T17:26:15+00:00,1920
moon,rashi,Pisces,1920-02-25T16:01:52.500000+00:00,1920
moon,rashi,Aries,1920-03-09T20:09:22.500000+00:00,1920
moon,rashi,Pisces,1920-03-23T18:33:45+00:00,1920
moon,rashi,Aries,1920-04-06T01:35:37.500000+00:00,1920
moon,rashi,Pisces,1920-04-20T01:58:07.500000+00:00,1920
moon,rashi,Aries,1920-05-03T08:31:52.500000+00:00,1920
moon,rashi,Pisces,1920-05-17T12:22:30+00:00,1920
moon,rashi,Aries,1920-05-30T14:43:07.500000+00:00,1920
moon,rashi,Pisces,1920-06-13T22:01:52.500000+00:00,1920
moon,rashi,Aries,1920-06-26T18:33:45+00:00,1920
moon,rashi,Pisces,1920-07-11T04:01:52.500000+00:00,1920
moon,rashi,Aries,1920-07-23T20:20:37.500000+00:00,1920
moon,rashi,Pisces,1920-08-07T05:54:22.500000+00:00,1920
moon,rashi,Aries,1920-08-19T22:24:22.500000+00:00,1920
moon,rashi,Pisces,1920-09-03T06:45:00+00:00,1920
moon,rashi,Aries,1920-09-16T03:05:37.500000+00:00,1920
moon,rashi,Pisces,1920-09-30T10:41:15+00:00,1920
moon,rashi,Aries,1920-10-13T10:35:37.500000+00:00,1920
moon,rashi,Pisces,1920-10-27T18:50:37.500000+00:00,1920
moon,rashi,Aries,1920-11-09T18:28:07.500000+00:00,1920
moon,rashi,Pisces,1920-11-24T05:09:22.500000+00:00,1920
moon,rashi,Aries,1920-12-06T23:48:45+00:00,1920
moon,rashi,Pisces,1920-12-21T13:30:00+00:00,1920
moon,rashi,Aries,1921-01-03T01:35:37.500000+00:00,1921
moon,rashi,Pisces,1921-01-17T16:58:07.500000+00:00,1921
moon,rashi,Aries,1921-01-30T02:26:15+00:00,1921
moon,rashi,Pisces,1921-02-13T17:31:52.500000+00:00,1921
moon,rashi,Aries,1921-02-26T06:39:22.500000+00:00,1921
moon,rashi,Pisces,1921-03-12T19:46:52.500000+00:00,1921
moon,rashi,Aries,1921-03-25T14:48:45+00:00,1921
moon,rashi,Pisces,1921-04-09T01:58:07.500000+00:00,1921
moon,rashi,Aries,1921-04-22T00:00:00+00:00,1921
moon,rashi,Pisces,1921-05-06T10:35:37.500000+00:00,1921
moon,rashi,Aries,1921-05-19T07:01:52.500000+00:00,1921
moon,rashi,Pisces,1921-06-02T18:39:22.500000+00:00,1921
moon,rashi,Aries,1921-06-15T10:18:45+00:00,1921
moon,rashi,Pisces,1921-06-29T23:37:30+00:00,1921
moon,rashi,Aries,1921-07-12T11:15:00+00:00,1921
moon,rashi,Pisces,1921-07-27T01:30:00+00:00,1921
moon,rashi,Aries,1921-08-08T13:30:00+00:00,1921
moon,rashi,Pisces,1921-08-23T03:00:00+00:00,1921
moon,rashi,Aries,1921-09-04T19:46:52.500000+00:00,1921
moon,rashi,Pisces,1921-09-19T06:50:37.500000+00:00,1921
moon,rashi,Aries,1921-10-02T05:31:52.500000+00:00,1921
moon,rashi,Pisces,1921-10-16T13:41:15+00:00,1921
moon,rashi,Aries,1921-10-29T15:16:52.500000+00:00,1921
moon,rashi,Pisces,1921-11-12T21:28:07.500000+00:00,1921
moon,rashi,Aries,1921-11-25T21:33:45+00:00,1921
moon,rashi,Pisces,1921-12-10T03:28:07.500000+00:00,1921
moon,rashi,Aries,1921-12-22T22:58:07.500000+00:00,1921
moon,rashi,Pisces,1922-01-06T06:05:37.500000+00:00,1922
moon,rashi,Aries,1922-01-18T23:31:52.500000+00:00,1922
moon,rashi,Pisces,1922-02-02T07:24:22.500000+00:00,1922
moon,rashi,Aries,1922-02-15T04:07:30+00:00,1922
moon,rashi,Pisces,1922-03-01T10:41:15+00:00,1922
moon,rashi,Aries,1922-03-14T13:46:52.500000+00:00,1922
moon,rashi,Pisces,1922-03-28T16:30:00+00:00,1922
moon,rashi,Aries,1922-04-11T00:45:00+00:00,1922
moon,rashi,Pisces,1922-04-24T23:09:22.500000+00:00,1922
moon,rashi,Aries,1922-05-08T09:11:15+00:00,1922
moon,rashi,Pisces,1922-05-22T04:35:37.500000+00:00,1922
moon,rashi,Aries,1922-06-04T12:50:37.500000+00:00,1922
moon,rashi,Pisces,1922-06-18T07:41:15+00:00,1922
moon,rashi,Aries,1922-07-01T13:35:37.500000+00:00,1922
moon,rashi,Pisces,1922-07-15T09:45:00+00:00,1922
moon,rashi,Aries,1922-07-28T15:33:45+00:00,1922
moon,rashi,Pisces,1922-08-11T12:50:37.500000+00:00,1922
moon,rashi,Aries,1922-08-24T22:01:52.500000+00:00,1922
moon,rashi,Pisces,1922-09-07T18:00:00+00:00,1922
moon,rashi,Aries,1922-09-21T08:26:15+00:00,1922
moon,rashi,Pisces,1922-10-05T00:16:52.500000+00:00,1922
moon,rashi,Aries,1922-10-18T19:13:07.500000+00:00,1922
moon,rashi,Pisces,1922-11-01T05:48:45+00:00,1922
moon,rashi,Aries,1922-11-15T02:31:52.500000+00:00,1922
moon,rashi,Pisces,1922-11-28T09:05:37.500000+00:00,1922
moon,rashi,Aries,1922-12-12T04:35:37.500000+00:00,1922
moon,rashi,Pisces,1922-12-25T10:46:52.500000+00:00,1922
moon,rashi,Aries,1923-01-08T04:46:52.500000+00:00,1923
moon,rashi,Pisces,1923-01-21T13:46:52.500000+00:00,1923
moon,rashi,Aries,1923-02-04T08:43:07.500000+00:00,1923
moon,rashi,Pisces,1923-02-17T19:24:22.500000+00:00,1923
moon,rashi,Aries,1923-03-03T17:54:22.500000+00:00,1923
moon,rashi,Pisces,1923-03-17T02:09:22.500000+00:00,1923
moon,rashi,Aries,1923-03-31T05:03:45+00:00,1923
moon,rashi,Pisces,1923-04-13T07:41:15+00:00,1923
moon,rashi,Aries,1923-04-27T13:58:07.500000+00:00,1923
moon,rashi,Pisces,1923-05-10T10:46:52.500000+00:00,1923
moon,rashi,Aries,1923-05-24T18:11:15+00:00,1923
moon,rashi,Pisces,1923-06-06T12:28:07.500000+00:00,1923
moon,rashi,Aries,1923-06-20T19:01:52.500000+00:00,1923
moon,rashi,Pisces,1923-07-03T15:16:52.500000+00:00,1923
moon,rashi,Aries,1923-07-17T20:43:07.500000+00:00,1923
moon,rashi,Pisces,1923-07-30T20:48:45+00:00,1923
moon,rashi,Aries,1923-08-14T02:20:37.500000+00:00,1923
moon,rashi,Pisces,1923-08-27T04:13:07.500000+00:00,1923
moon,rashi,Aries,1923-09-10T11:37:30+00:00,1923
moon,rashi,Pisces,1923-09-23T11:15:00+00:00,1923
moon,rashi,Aries,1923-10-07T21:39:22.500000+00:00,1923
moon,rashi,Pisces,1923-10-20T15:33:45+00:00,1923
moon,rashi,Aries,1923-11-04T04:52:30+00:00,1923
moon,rashi,Pisces,1923-11-16T17:03:45+00:00,1923
moon,rashi,Aries,1923-12-01T07:13:07.500000+00:00,1923
moon,rashi,Pisces,1923-12-13T18:28:07.500000+00:00,1923
moon,rashi,Aries,1923-12-28T07:41:15+00:00,1923
moon,rashi,Pisces,1924-01-09T23:31:52.500000+00:00,1924
moon,rashi,Aries,1924-01-24T10:58:07.500000+00:00,1924
moon,rashi,Pisces,1924-02-06T08:03:45+00:00,1924
moon,rashi,Aries,1924-02-20T18:33:45+00:00,1924
moon,rashi,Pisces,1924-03-04T16:41:15+00:00,1924
moon,rashi,Aries,1924-03-19T04:01:52.500000+00:00,1924
moon,rashi,Pisces,1924-03-31T22:24:22.500000+00:00,1924
moon,rashi,Aries,1924-04-15T11:43:07.500000+00:00,1924
moon,rashi,Pisces,1924-04-28T00:22:30+00:00,1924
moon,rashi,Aries,1924-05-12T15:28:07.500000+00:00,1924
moon,rashi,Pisces,1924-05-25T01:18:45+00:00,1924
moon,rashi,Aries,1924-06-08T16:41:15+00:00,1924
moon,rashi,Pisces,1924-06-21T04:58:07.500000+00:00,1924
moon,rashi,Aries,1924-07-05T18:39:22.500000+00:00,1924
moon,rashi,Pisces,1924-07-18T12:39:22.500000+00:00,1924
moon,rashi,Aries,1924-08-01T23:43:07.500000+00:00,1924
moon,rashi,Pisces,1924-08-14T22:24:22.500000+00:00,1924
moon,rashi,Aries,1924-08-29T07:13:07.500000+00:00,1924
moon,rashi,Pisces,1924-09-11T06:50:37.500000+00:00,1924
moon,rashi,Aries,1924-09-25T15:00:00+00:00,1924
moon,rashi,Pisces,1924-10-08T11:26:15+00:00,1924
moon,rashi,Aries,1924-10-22T20:20:37.500000+00:00,1924
moon,rashi,Pisces,1924-11-04T12:16:52.500000+00:00,1924
moon,rashi,Aries,1924-11-18T22:30:00+00:00,1924
moon,rashi,Pisces,1924-12-01T13:35:37.500000+00:00,1924
moon,rashi,Aries,1924-12-15T23:48:45+00:00,1924
moon,rashi,Pisces,1924-12-28T19:35:37.500000+00:00,1924
moon,rashi,Aries,1925-01-12T03:39:22.500000+00:00,1925
moon,rashi,Pisces,1925-01-25T06:05:37.500000+00:00,1925
moon,rashi,Aries,1925-02-08T10:07:30+00:00,1925
moon,rashi,Pisces,1925-02-21T16:41:15+00:00,1925
moon,rashi,Aries,1925-03-07T17:09:22.500000+00:00,1925
moon,rashi,Pisces,1925-03-20T23:31:52.500000+00:00,1925
moon,rashi,Aries,1925-04-03T22:13:07.500000+00:00,1925
moon,rashi,Pisces,1925-04-17T01:30:00+00:00,1925
moon,rashi,Aries,1925-05-01T00:45:00+00:00,1925
moon,rashi,Pisces,1925-05-14T02:03:45+00:00,1925
moon,rashi,Aries,1925-05-28T02:43:07.500000+00:00,1925
moon,rashi,Pisces,1925-06-10T05:48:45+00:00,1925
moon,rashi,Aries,1925-06-24T06:16:52.500000+00:00,1925
moon,rashi,Pisces,1925-07-07T14:09:22.500000+00:00,1925
moon,rashi,Aries,1925-07-21T11:48:45+00:00,1925
moon,rashi,Pisces,1925-08-04T01:01:52.500000+00:00,1925
moon,rashi,Aries,1925-08-17T18:05:37.500000+00:00,1925
moon,rashi,Pisces,1925-08-31T10:41:15+00:00,1925
moon,rashi,Aries,1925-09-13T23:15:00+00:00,1925
moon,rashi,Pisces,1925-09-27T16:07:30+00:00,1925
moon,rashi,Aries,1925-10-11T02:15:00+00:00,1925
moon,rashi,Pisces,1925-10-24T17:09:22.500000+00:00,1925
moon,rashi,Aries,1925-11-07T04:07:30+00:00,1925
moon,rashi,Pisces,1925-11-20T18:05:37.500000+00:00,1925
moon,rashi,Aries,1925-12-04T07:24:22.500000+00:00,1925
moon,rashi,Pisces,1925-12-17T23:31:52.500000+00:00,1925
moon,rashi,Aries,1925-12-31T13:07:30+00:00,1925
moon,rashi,Pisces,1926-01-14T09:56:15+00:00,1926
moon,rashi,Aries,1926-01-27T19:46:52.500000+00:00,1926
moon,rashi,Pisces,1926-02-10T21:11:15+00:00,1926
moon,rashi,Aries,1926-02-24T00:50:37.500000+00:00,1926
moon,rashi,Pisces,1926-03-10T04:46:52.500000+00:00,1926
moon,rashi,Aries,1926-03-23T03:28:07.500000+00:00,1926
moon,rashi,Pisces,1926-04-06T07:18:45+00:00,1926
moon,rashi,Aries,1926-04-19T05:09:22.500000+00:00,1926
moon,rashi,Pisces,1926-05-03T07:46:52.500000+00:00,1926
moon,rashi,Aries,1926-05-16T08:37:30+00:00,1926
moon,rashi,Pisces,1926-05-30T10:58:07.500000+00:00,1926
moon,rashi,Aries,1926-06-12T14:43:07.500000+00:00,1926
moon,rashi,Pisces,1926-06-26T18:28:07.500000+00:00,1926
moon,rashi,Aries,1926-07-09T21:56:15+00:00,1926
moon,rashi,Pisces,1926-07-24T04:35:37.500000+00:00,1926
moon,rashi,Aries,1926-08-06T03:56:15+00:00,1926
moon,rashi,Pisces,1926-08-20T14:03:45+00:00,1926
moon,rashi,Aries,1926-09-02T07:18:45+00:00,1926
moon,rashi,Pisces,1926-09-16T19:41:15+00:00,1926
moon,rashi,Aries,1926-09-29T08:43:07.500000+00:00,1926
moon,rashi,Pisces,1926-10-13T21:05:37.500000+00:00,1926
moon,rashi,Aries,1926-10-26T10:58:07.500000+00:00,1926
moon,rashi,Pisces,1926-11-09T21:56:15+00:00,1926
moon,rashi,Aries,1926-11-22T16:41:15+00:00,1926
moon,rashi,Pisces,1926-12-07T02:31:52.500000+00:00,1926
moon,rashi,Aries,1926-12-20T01:13:07.500000+00:00,1926
moon,rashi,Pisces,1927-01-03T11:15:00+00:00,1927
moon,rashi,Aries,1927-01-16T09:11:15+00:00,1927
moon,rashi,Pisces,1927-01-30T21:05:37.500000+00:00,1927
moon,rashi,Aries,1927-02-12T13:46:52.500000+00:00,1927
moon,rashi,Pisces,1927-02-27T04:01:52.500000+00:00,1927
moon,rashi,Aries,1927-03-11T14:54:22.500000+00:00,1927
moon,rashi,Pisces,1927-03-26T06:33:45+00:00,1927
moon,rashi,Aries,1927-04-07T16:18:45+00:00,1927
moon,rashi,Pisces,1927-04-22T07:24:22.500000+00:00,1927
moon,rashi,Aries,1927-05-04T21:28:07.500000+00:00,1927
moon,rashi,Pisces,1927-05-19T10:24:22.500000+00:00,1927
moon,rashi,Aries,1927-06-01T06:05:37.500000+00:00,1927
moon,rashi,Pisces,1927-06-15T16:46:52.500000+00:00,1927
moon,rashi,Aries,1927-06-28T15:16:52.500000+00:00,1927
moon,rashi,Pisces,1927-07-13T01:01:52.500000+00:00,1927
moon,rashi,Aries,1927-07-25T22:07:30+00:00,1927
moon,rashi,Pisces,1927-08-09T08:31:52.500000+00:00,1927
moon,rashi,Aries,1927-08-22T01:07:30+00:00,1927
moon,rashi,Pisces,1927-09-05T13:01:52.500000+00:00,1927
moon,rashi,Aries,1927-09-18T01:46:52.500000+00:00,1927
moon,rashi,Pisces,1927-10-02T14:37:30+00:00,1927
moon,rashi,Aries,1927-10-15T04:18:45+00:00,1927
moon,rashi,Pisces,1927-10-29T16:18:45+00:00,1927
moon,rashi,Aries,1927-11-11T11:43:07.500000+00:00,1927
moon,rashi,Pisces,1927-11-25T20:43:07.500000+00:00,1927
moon,rashi,Aries,1927-12-08T22:24:22.500000+00:00,1927
moon,rashi,Pisces,1927-12-23T03:45:00+00:00,1927
moon,rashi,Aries,1928-01-05T08:15:00+00:00,1928
moon,rashi,Pisces,1928-01-19T10:58:07.500000+00:00,1928
moon,rashi,Aries,1928-02-01T13:30:00+00:00,1928
moon,rashi,Pisces,1928-02-15T15:33:45+00:00,1928
moon,rashi,Aries,1928-02-28T14:20:37.500000+00:00,1928
moon,rashi,Pisces,1928-03-13T17:37:30+00:00,1928
moon,rashi,Aries,1928-03-26T15:28:07.500000+00:00,1928
moon,rashi,Pisces,1928-04-09T19:35:37.500000+00:00,1928
moon,rashi,Aries,1928-04-22T21:05:37.500000+00:00,1928
moon,rashi,Pisces,1928-05-06T23:43:07.500000+00:00,1928
moon,rashi,Aries,1928-05-20T06:50:37.500000+00:00,1928
moon,rashi,Pisces,1928-06-03T05:48:45+00:00,1928
moon,rashi,Aries,1928-06-16T17:31:52.500000+00:00,1928
moon,rashi,Pisces,1928-06-30T12:05:37.500000+00:00,1928
moon,rashi,Aries,1928-07-14T01:30:00+00:00,1928
moon,rashi,Pisces,1928-07-27T16:52:30+00:00,1928
moon,rashi,Aries,1928-08-10T04:58:07.500000+00:00,1928
moon,rashi,Pisces,1928-08-23T19:35:37.500000+00:00,1928
moon,rashi,Aries,1928-09-06T05:31:52.500000+00:00,1928
moon,rashi,Pisces,1928-09-19T21:39:22.500000+00:00,1928
moon,rashi,Aries,1928-10-03T07:46:52.500000+00:00,1928
moon,rashi,Pisces,1928-10-17T01:18:45+00:00,1928
moon,rashi,Aries,1928-10-30T15:00:00+00:00,1928
moon,rashi,Pisces,1928-11-13T07:07:30+00:00,1928
moon,rashi,Aries,1928-11-27T02:03:45+00:00,1928
moon,rashi,Pisces,1928-12-10T13:24:22.500000+00:00,1928
moon,rashi,Aries,1928-12-24T12:56:15+00:00,1928
moon,rashi,Pisces,1929-01-06T18:05:37.500000+00:00,1929
moon,rashi,Aries,1929-01-20T19:07:30+00:00,1929
moon,rashi,Pisces,1929-02-02T20:20:37.500000+00:00,1929
moon,rashi,Aries,1929-02-16T20:20:37.500000+00:00,1929
moon,rashi,Pisces,1929-03-01T22:13:07.500000+00:00,1929
moon,rashi,Aries,1929-03-15T21:05:37.500000+00:00,1929
moon,rashi,Pisces,1929-03-29T02:20:37.500000+00:00,1929
moon,rashi,Aries,1929-04-12T01:58:07.500000+00:00,1929
moon,rashi,Pisces,1929-04-25T08:48:45+00:00,1929
moon,rashi,Aries,1929-05-09T11:09:22.500000+00:00,1929
moon,rashi,Pisces,1929-05-22T15:39:22.500000+00:00,1929
moon,rashi,Aries,1929-06-05T21:39:22.500000+00:00,1929
moon,rashi,Pisces,1929-06-18T20:48:45+00:00,1929
moon,rashi,Aries,1929-07-03T05:48:45+00:00,1929
moon,rashi,Pisces,1929-07-15T23:31:52.500000+00:00,1929
moon,rashi,Aries,1929-07-30T09:39:22.500000+00:00,1929
moon,rashi,Pisces,1929-08-12T01:01:52.500000+00:00,1929
moon,rashi,Aries,1929-08-26T10:30:00+00:00,1929
moon,rashi,Pisces,1929-09-08T04:13:07.500000+00:00,1929
moon,rashi,Aries,1929-09-22T12:22:30+00:00,1929
moon,rashi,Pisces,1929-10-05T10:30:00+00:00,1929
moon,rashi,Aries,1929-10-19T18:28:07.500000+00:00,1929
moon,rashi,Pisces,1929-11-01T18:39:22.500000+00:00,1929
moon,rashi,Aries,1929-11-16T04:07:30+00:00,1929
moon,rashi,Pisces,1929-11-29T01:35:37.500000+00:00,1929
moon,rashi,Aries,1929-12-13T13:58:07.500000+00:00,1929
moon,rashi,Pisces,1929-12-26T05:03:45+00:00,1929
moon,rashi,Aries,1930-01-09T19:58:07.500000+00:00,1930
moon,rashi,Pisces,1930-01-22T05:54:22.500000+00:00,1930
moon,rashi,Aries,1930-02-05T21:28:07.500000+00:00,1930
moon,rashi,Pisces,1930-02-18T08:03:45+00:00,1930
moon,rashi,Aries,1930-03-04T22:18:45+00:00,1930
moon,rashi,Pisces,1930-03-17T14:20:37.500000+00:00,1930
moon,rashi,Aries,1930-04-01T02:31:52.500000+00:00,1930
moon,rashi,Pisces,1930-04-13T23:31:52.500000+00:00,1930
moon,rashi,Aries,1930-04-28T10:13:07.500000+00:00,1930
moon,rashi,Pisces,1930-05-11T08:03:45+00:00,1930
moon,rashi,Aries,1930-05-25T18:50:37.500000+00:00,1930
moon,rashi,Pisces,1930-06-07T13:18:45+00:00,1930
moon,rashi,Aries,1930-06-22T01:35:37.500000+00:00,1930
moon,rashi,Pisces,1930-07-04T15:05:37.500000+00:00,1930
moon,rashi,Aries,1930-07-19T04:52:30+00:00,1930
moon,rashi,Pisces,1930-07-31T16:13:07.500000+00:00,1930
moon,rashi,Aries,1930-08-15T06:11:15+00:00,1930
moon,rashi,Pisces,1930-08-27T20:15:00+00:00,1930
moon,rashi,Aries,1930-09-11T08:37:30+00:00,1930
moon,rashi,Pisces,1930-09-24T04:35:37.500000+00:00,1930
moon,rashi,Aries,1930-10-08T13:58:07.500000+00:00,1930
moon,rashi,Pisces,1930-10-21T14:54:22.500000+00:00,1930
moon,rashi,Aries,1930-11-04T21:39:22.500000+00:00,1930
moon,rashi,Pisces,1930-11-17T23:20:37.500000+00:00,1930
moon,rashi,Aries,1930-12-02T04:52:30+00:00,1930
moon,rashi,Pisces,1930-12-15T03:05:37.500000+00:00,1930
moon,rashi,Aries,1930-12-29T09:05:37.500000+00:00,1930
moon,rashi,Pisces,1931-01-11T03:22:30+00:00,1931
moon,rashi,Aries,1931-01-25T10:41:15+00:00,1931
moon,rashi,Pisces,1931-02-07T05:31:52.500000+00:00,1931
moon,rashi,Aries,1931-02-21T12:45:00+00:00,1931
moon,rashi,Pisces,1931-03-06T12:50:37.500000+00:00,1931
moon,rashi,Aries,1931-03-20T17:20:37.500000+00:00,1931
moon,rashi,Pisces,1931-04-02T23:43:07.500000+00:00,1931
moon,rashi,Aries,1931-04-16T23:48:45+00:00,1931
moon,rashi,Pisces,1931-04-30T09:50:37.500000+00:00,1931
moon,rashi,Aries,1931-05-14T06:05:37.500000+00:00,1931
moon,rashi,Pisces,1931-05-27T16:01:52.500000+00:00,1931
moon,rashi,Aries,1931-06-10T10:18:45+00:00,1931
moon,rashi,Pisces,1931-06-23T17:48:45+00:00,1931
moon,rashi,Aries,1931-07-07T12:39:22.500000+00:00,1931
moon,rashi,Pisces,1931-07-20T18:39:22.500000+00:00,1931
moon,rashi,Aries,1931-08-03T15:00:00+00:00,1931
moon,rashi,Pisces,1931-08-16T22:41:15+00:00,1931
moon,rashi,Aries,1931-08-30T19:07:30+00:00,1931
moon,rashi,Pisces,1931-09-13T07:18:45+00:00,1931
moon,rashi,Aries,1931-09-27T01:07:30+00:00,1931
moon,rashi,Pisces,1931-10-10T18:22:30+00:00,1931
moon,rashi,Aries,1931-10-24T07:18:45+00:00,1931
moon,rashi,Pisces,1931-11-07T04:01:52.500000+00:00,1931
moon,rashi,Aries,1931-11-20T11:43:07.500000+00:00,1931
moon,rashi,Pisces,1931-12-04T08:37:30+00:00,1931
moon,rashi,Aries,1931-12-17T13:58:07.500000+00:00,1931
moon,rashi,Pisces,1931-12-31T09:05:37.500000+00:00,1931
moon,rashi,Aries,1932-01-13T15:56:15+00:00,1932
moon,rashi,Pisces,1932-01-27T10:35:37.500000+00:00,1932
moon,rashi,Aries,1932-02-09T20:20:37.500000+00:00,1932
moon,rashi,Pisces,1932-02-23T17:15:00+00:00,1932
moon,rashi,Aries,1932-03-08T02:54:22.500000+00:00,1932
moon,rashi,Pisces,1932-03-22T03:56:15+00:00,1932
moon,rashi,Aries,1932-04-04T09:16:52.500000+00:00,1932
moon,rashi,Pisces,1932-04-18T14:26:15+00:00,1932
moon,rashi,Aries,1932-05-01T13:35:37.500000+00:00,1932
moon,rashi,Pisces,1932-05-15T21:05:37.500000+00:00,1932
moon,rashi,Aries,1932-05-28T15:45:00+00:00,1932
moon,rashi,Pisces,1932-06-11T23:20:37.500000+00:00,1932
moon,rashi,Aries,1932-06-24T17:37:30+00:00,1932
moon,rashi,Pisces,1932-07-09T00:05:37.500000+00:00,1932
moon,rashi,Aries,1932-07-21T21:45:00+00:00,1932
moon,rashi,Pisces,1932-08-05T03:28:07.500000+00:00,1932
moon,rashi,Aries,1932-08-18T04:30:00+00:00,1932
moon,rashi,Pisces,1932-09-01T11:03:45+00:00,1932
moon,rashi,Aries,1932-09-14T12:05:37.500000+00:00,1932
moon,rashi,Pisces,1932-09-28T21:11:15+00:00,1932
moon,rashi,Aries,1932-10-11T18:05:37.500000+00:00,1932
moon,rashi,Pisces,1932-10-26T06:11:15+00:00,1932
moon,rashi,Aries,1932-11-07T20:48:45+00:00,1932
moon,rashi,Pisces,1932-11-22T11:03:45+00:00,1932
moon,rashi,Aries,1932-12-04T21:45:00+00:00,1932
moon,rashi,Pisces,1932-12-19T11:48:45+00:00,1932
moon,rashi,Aries,1933-01-01T00:39:22.500000+00:00,1933
moon,rashi,Pisces,1933-01-15T13:13:07.500000+00:00,1933
moon,rashi,Aries,1933-01-28T07:46:52.500000+00:00,1933
moon,rashi,Pisces,1933-02-11T18:45:00+00:00,1933
moon,rashi,Aries,1933-02-24T16:52:30+00:00,1933
moon,rashi,Pisces,1933-03-11T03:39:22.500000+00:00,1933
moon,rashi,Aries,1933-03-24T00:28:07.500000+00:00,1933
moon,rashi,Pisces,1933-04-07T12:33:45+00:00,1933
moon,rashi,Aries,1933-04-20T04:07:30+00:00,1933
moon,rashi,Pisces,1933-05-04T18:22:30+00:00,1933
moon,rashi,Aries,1933-05-17T05:09:22.500000+00:00,1933
moon,rashi,Pisces,1933-05-31T20:31:52.500000+00:00,1933
moon,rashi,Aries,1933-06-13T07:07:30+00:00,1933
moon,rashi,Pisces,1933-06-27T21:45:00+00:00,1933
moon,rashi,Aries,1933-07-10T12:45:00+00:00,1933
moon,rashi,Pisces,1933-07-25T01:07:30+00:00,1933
moon,rashi,Aries,1933-08-06T21:50:37.500000+00:00,1933
moon,rashi,Pisces,1933-08-21T07:35:37.500000+00:00,1933
moon,rashi,Aries,1933-09-03T07:30:00+00:00,1933
moon,rashi,Pisces,1933-09-17T15:33:45+00:00,1933
moon,rashi,Aries,1933-09-30T14:20:37.500000+00:00,1933
moon,rashi,Pisces,1933-10-14T22:24:22.500000+00:00,1933
moon,rashi,Aries,1933-10-27T16:46:52.500000+00:00,1933
moon,rashi,Pisces,1933-11-11T02:03:45+00:00,1933
moon,rashi,Aries,1933-11-23T17:09:22.500000+00:00,1933
moon,rashi,Pisces,1933-12-08T03:16:52.500000+00:00,1933
moon,rashi,Aries,1933-12-20T20:26:15+00:00,1933
moon,rashi,Pisces,1934-01-04T05:37:30+00:00,1934
moon,rashi,Aries,1934-01-17T05:03:45+00:00,1934
moon,rashi,Pisces,1934-01-31T10:58:07.500000+00:00,1934
moon,rashi,Aries,1934-02-13T16:13:07.500000+00:00,1934
moon,rashi,Pisces,1934-02-27T18:00:00+00:00,1934
moon,rashi,Aries,1934-03-13T01:24:22.500000+00:00,1934
moon,rashi,Pisces,1934-03-27T00:11:15+00:00,1934
moon,rashi,Aries,1934-04-09T05:37:30+00:00,1934
moon,rashi,Pisces,1934-04-23T03:56:15+00:00,1934
moon,rashi,Aries,1934-05-06T06:22:30+00:00,1934
moon,rashi,Pisces,1934-05-20T05:54:22.500000+00:00,1934
moon,rashi,Aries,1934-06-02T08:03:45+00:00,1934
moon,rashi,Pisces,1934-06-16T08:31:52.500000+00:00,1934
moon,rashi,Aries,1934-06-29T14:03:45+00:00,1934
moon,rashi,Pisces,1934-07-13T13:07:30+00:00,1934
moon,rashi,Aries,1934-07-27T00:00:00+00:00,1934
moon,rashi,Pisces,1934-08-09T19:13:07.500000+00:00,1934
moon,rashi,Aries,1934-08-23T10:46:52.500000+00:00,1934
moon,rashi,Pisces,1934-09-06T01:07:30+00:00,1934
moon,rashi,Aries,1934-09-19T18:45:00+00:00,1934
moon,rashi,Pisces,1934-10-03T05:15:00+00:00,1934
moon,rashi,Aries,1934-10-16T21:45:00+00:00,1934
moon,rashi,Pisces,1934-10-30T07:24:22.500000+00:00,1934
moon,rashi,Aries,1934-11-12T22:01:52.500000+00:00,1934
moon,rashi,Pisces,1934-11-26T09:45:00+00:00,1934
moon,rashi,Aries,1934-12-10T00:50:37.500000+00:00,1934
moon,rashi,Pisces,1934-12-23T14:20:37.500000+00:00,1934
moon,rashi,Aries,1935-01-06T09:00:00+00:00,1935
moon,rashi,Pisces,1935-01-19T20:54:22.500000+00:00,1935
moon,rashi,Aries,1935-02-02T20:26:15+00:00,1935
moon,rashi,Pisces,1935-02-16T03:00:00+00:00,1935
moon,rashi,Aries,1935-03-02T06:16:52.500000+00:00,1935
moon,rashi,Pisces,1935-03-15T06:45:00+00:00,1935
moon,rashi,Aries,1935-03-29T11:20:37.500000+00:00,1935
moon,rashi,Pisces,1935-04-11T08:31:52.500000+00:00,1935
moon,rashi,Aries,1935-04-25T12:16:52.500000+00:00,1935
moon,rashi,Pisces,1935-05-08T10:52:30+00:00,1935
moon,rashi,Aries,1935-05-22T13:35:37.500000+00:00,1935
moon,rashi,Pisces,1935-06-04T15:45:00+00:00,1935
moon,rashi,Aries,1935-06-18T18:50:37.500000+00:00,1935
moon,rashi,Pisces,1935-07-01T22:41:15+00:00,1935
moon,rashi,Aries,1935-07-16T03:56:15+00:00,1935
moon,rashi,Pisces,1935-07-29T05:37:30+00:00,1935
moon,rashi,Aries,1935-08-12T14:15:00+00:00,1935
moon,rashi,Pisces,1935-08-25T10:30:00+00:00,1935
moon,rashi,Aries,1935-09-08T22:07:30+00:00,1935
moon,rashi,Pisces,1935-09-21T12:33:45+00:00,1935
moon,rashi,Aries,1935-10-06T01:30:00+00:00,1935
moon,rashi,Pisces,1935-10-18T13:52:30+00:00,1935
moon,rashi,Aries,1935-11-02T02:03:45+00:00,1935
moon,rashi,Pisces,1935-11-14T17:43:07.500000+00:00,1935
moon,rashi,Aries,1935-11-29T04:18:45+00:00,1935
moon,rashi,Pisces,1935-12-12T01:13:07.500000+00:00,1935
moon,rashi,Aries,1935-12-26T11:03:45+00:00,1935
moon,rashi,Pisces,1936-01-08T10:01:52.500000+00:00,1936
moon,rashi,Aries,1936-01-22T20:48:45+00:00,1936
moon,rashi,Pisces,1936-02-04T16:35:37.500000+00:00,1936
moon,rashi,Aries,1936-02-19T05:37:30+00:00,1936
moon,rashi,Pisces,1936-03-02T19:07:30+00:00,1936
moon,rashi,Aries,1936-03-17T10:18:45+00:00,1936
moon,rashi,Pisces,1936-03-29T19:52:30+00:00,1936
moon,rashi,Aries,1936-04-13T11:31:52.500000+00:00,1936
moon,rashi,Pisces,1936-04-25T22:52:30+00:00,1936
moon,rashi,Aries,1936-05-10T13:01:52.500000+00:00,1936
moon,rashi,Pisces,1936-05-23T06:00:00+00:00,1936
moon,rashi,Aries,1936-06-06T17:43:07.500000+00:00,1936
moon,rashi,Pisces,1936-06-19T15:16:52.500000+00:00,1936
moon,rashi,Aries,1936-07-04T01:18:45+00:00,1936
moon,rashi,Pisces,1936-07-16T23:48:45+00:00,1936
moon,rashi,Aries,1936-07-31T09:28:07.500000+00:00,1936
moon,rashi,Pisces,1936-08-13T04:46:52.500000+00:00,1936
moon,rashi,Aries,1936-08-27T15:39:22.500000+00:00,1936
moon,rashi,Pisces,1936-09-09T06:16:52.500000+00:00,1936
moon,rashi,Aries,1936-09-23T18:28:07.500000+00:00,1936
moon,rashi,Pisces,1936-10-06T07:13:07.500000+00:00,1936
moon,rashi,Aries,1936-10-20T19:41:15+00:00,1936
moon,rashi,Pisces,1936-11-02T12:00:00+00:00,1936
moon,rashi,Aries,1936-11-16T22:35:37.500000+00:00,1936
moon,rashi,Pisces,1936-11-29T21:28:07.500000+00:00,1936
moon,rashi,Aries,1936-12-14T04:30:00+00:00,1936
moon,rashi,Pisces,1936-12-27T08:26:15+00:00,1936
moon,rashi,Aries,1937-01-10T11:54:22.500000+00:00,1937
moon,rashi,Pisces,1937-01-23T16:18:45+00:00,1937
moon,rashi,Aries,1937-02-06T18:00:00+00:00,1937
moon,rashi,Pisces,1937-02-19T19:01:52.500000+00:00,1937
moon,rashi,Aries,1937-03-05T21:11:15+00:00,1937
moon,rashi,Pisces,1937-03-18T19:18:45+00:00,1937
moon,rashi,Aries,1937-04-01T22:46:52.500000+00:00,1937
moon,rashi,Pisces,1937-04-14T22:24:22.500000+00:00,1937
moon,rashi,Aries,1937-04-29T01:46:52.500000+00:00,1937
moon,rashi,Pisces,1937-05-12T06:16:52.500000+00:00,1937
moon,rashi,Aries,1937-05-26T06:56:15+00:00,1937
moon,rashi,Pisces,1937-06-08T16:58:07.500000+00:00,1937
moon,rashi,Aries,1937-06-22T13:24:22.500000+00:00,1937
moon,rashi,Pisces,1937-07-06T02:43:07.500000+00:00,1937
moon,rashi,Aries,1937-07-19T19:07:30+00:00,1937
moon,rashi,Pisces,1937-08-02T08:37:30+00:00,1937
moon,rashi,Aries,1937-08-15T22:46:52.500000+00:00,1937
moon,rashi,Pisces,1937-08-29T10:13:07.500000+00:00,1937
moon,rashi,Aries,1937-09-12T00:56:15+00:00,1937
moon,rashi,Pisces,1937-09-25T10:58:07.500000+00:00,1937
moon,rashi,Aries,1937-10-09T03:33:45+00:00,1937
moon,rashi,Pisces,1937-10-22T15:28:07.500000+00:00,1937
moon,rashi,Aries,1937-11-05T08:20:37.500000+00:00,1937
moon,rashi,Pisces,1937-11-19T00:56:15+00:00,1937
moon,rashi,Aries,1937-12-02T14:43:07.500000+00:00,1937
moon,rashi,Pisces,1937-12-16T12:33:45+00:00,1937
moon,rashi,Aries,1937-12-29T20:26:15+00:00,1937
moon,rashi,Pisces,1938-01-12T21:28:07.500000+00:00,1938
moon,rashi,Aries,1938-01-25T23:48:45+00:00,1938
moon,rashi,Pisces,1938-02-09T00:56:15+00:00,1938
moon,rashi,Aries,1938-02-22T01:30:00+00:00,1938
moon,rashi,Pisces,1938-03-08T01:13:07.500000+00:00,1938
moon,rashi,Aries,1938-03-21T04:13:07.500000+00:00,1938
moon,rashi,Pisces,1938-04-04T03:39:22.500000+00:00,1938
moon,rashi,Aries,1938-04-17T09:39:22.500000+00:00,1938
moon,rashi,Pisces,1938-05-01T10:46:52.500000+00:00,1938
moon,rashi,Aries,1938-05-14T16:41:15+00:00,1938
moon,rashi,Pisces,1938-05-28T21:00:00+00:00,1938
moon,rashi,Aries,1938-06-10T22:58:07.500000+00:00,1938
moon,rashi,Pisces,1938-06-25T06:45:00+00:00,1938
moon,rashi,Aries,1938-07-08T02:54:22.500000+00:00,1938
moon,rashi,Pisces,1938-07-22T12:56:15+00:00,1938
moon,rashi,Aries,1938-08-04T04:41:15+00:00,1938
moon,rashi,Pisces,1938-08-18T15:00:00+00:00,1938
moon,rashi,Aries,1938-08-31T06:39:22.500000+00:00,1938
moon,rashi,Pisces,1938-09-14T15:45:00+00:00,1938
moon,rashi,Aries,1938-09-27T11:20:37.500000+00:00,1938
moon,rashi,Pisces,1938-10-11T19:24:22.500000+00:00,1938
moon,rashi,Aries,1938-10-24T18:56:15+00:00,1938
moon,rashi,Pisces,1938-11-08T03:33:45+00:00,1938
moon,rashi,Aries,1938-11-21T02:54:22.500000+00:00,1938
moon,rashi,Pisces,1938-12-05T13:46:52.500000+00:00,1938
moon,rashi,Aries,1938-12-18T08:20:37.500000+00:00,1938
moon,rashi,Pisces,1939-01-01T22:07:30+00:00,1939
moon,rashi,Aries,1939-01-14T10:07:30+00:00,1939
moon,rashi,Pisces,1939-01-29T01:41:15+00:00,1939
moon,rashi,Aries,1939-02-10T10:58:07.500000+00:00,1939
moon,rashi,Pisces,1939-02-25T02:15:00+00:00,1939
moon,rashi,Aries,1939-03-09T15:05:37.500000+00:00,1939
moon,rashi,Pisces,1939-03-24T04:24:22.500000+00:00,1939
moon,rashi,Aries,1939-04-05T23:15:00+00:00,1939
moon,rashi,Pisces,1939-04-20T10:30:00+00:00,1939
moon,rashi,Aries,1939-05-03T08:31:52.500000+00:00,1939
moon,rashi,Pisces,1939-05-17T19:01:52.500000+00:00,1939
moon,rashi,Aries,1939-05-30T15:45:00+00:00,1939
moon,rashi,Pisces,1939-06-14T03:00:00+00:00,1939
moon,rashi,Aries,1939-06-26T19:07:30+00:00,1939
moon,rashi,Pisces,1939-07-11T08:03:45+00:00,1939
moon,rashi,Aries,1939-07-23T20:03:45+00:00,1939
moon,rashi,Pisces,1939-08-07T10:01:52.500000+00:00,1939
moon,rashi,Aries,1939-08-19T22:13:07.500000+00:00,1939
moon,rashi,Pisces,1939-09-03T11:31:52.500000+00:00,1939
moon,rashi,Aries,1939-09-16T04:24:22.500000+00:00,1939
moon,rashi,Pisces,1939-09-30T15:16:52.500000+00:00,1939
moon,rashi,Aries,1939-10-13T14:09:22.500000+00:00,1939
moon,rashi,Pisces,1939-10-27T21:56:15+00:00,1939
moon,rashi,Aries,1939-11-10T00:11:15+00:00,1939
moon,rashi,Pisces,1939-11-24T05:43:07.500000+00:00,1939
moon,rashi,Aries,1939-12-07T06:33:45+00:00,1939
moon,rashi,Pisces,1939-12-21T11:37:30+00:00,1939
moon,rashi,Aries,1940-01-03T08:03:45+00:00,1940
moon,rashi,Pisces,1940-01-17T14:15:00+00:00,1940
moon,rashi,Aries,1940-01-30T08:31:52.500000+00:00,1940
moon,rashi,Pisces,1940-02-13T15:39:22.500000+00:00,1940
moon,rashi,Aries,1940-02-26T13:07:30+00:00,1940
moon,rashi,Pisces,1940-03-11T18:56:15+00:00,1940
moon,rashi,Aries,1940-03-24T22:35:37.500000+00:00,1940
moon,rashi,Pisces,1940-04-08T00:45:00+00:00,1940
moon,rashi,Aries,1940-04-21T09:33:45+00:00,1940
moon,rashi,Pisces,1940-05-05T07:18:45+00:00,1940
moon,rashi,Aries,1940-05-18T18:05:37.500000+00:00,1940
moon,rashi,Pisces,1940-06-01T12:39:22.500000+00:00,1940
moon,rashi,Aries,1940-06-14T22:01:52.500000+00:00,1940
moon,rashi,Pisces,1940-06-28T15:50:37.500000+00:00,1940
moon,rashi,Aries,1940-07-11T22:46:52.500000+00:00,1940
moon,rashi,Pisces,1940-07-25T17:54:22.500000+00:00,1940
moon,rashi,Aries,1940-08-08T00:39:22.500000+00:00,1940
moon,rashi,Pisces,1940-08-21T21:00:00+00:00,1940
moon,rashi,Aries,1940-09-04T06:56:15+00:00,1940
moon,rashi,Pisces,1940-09-18T02:09:22.500000+00:00,1940
moon,rashi,Aries,1940-10-01T17:15:00+00:00,1940
moon,rashi,Pisces,1940-10-15T08:26:15+00:00,1940
moon,rashi,Aries,1940-10-29T04:13:07.500000+00:00,1940
moon,rashi,Pisces,1940-11-11T13:58:07.500000+00:00,1940
moon,rashi,Aries,1940-11-25T11:37:30+00:00,1940
moon,rashi,Pisces,1940-12-08T17:09:22.500000+00:00,1940
moon,rashi,Aries,1940-12-22T13:46:52.500000+00:00,1940
moon,rashi,Pisces,1941-01-04T18:50:37.500000+00:00,1941
moon,rashi,Aries,1941-01-18T13:58:07.500000+00:00,1941
moon,rashi,Pisces,1941-01-31T21:56:15+00:00,1941
moon,rashi,Aries,1941-02-14T17:48:45+00:00,1941
moon,rashi,Pisces,1941-02-28T03:33:45+00:00,1941
moon,rashi,Aries,1941-03-14T02:48:45+00:00,1941
moon,rashi,Pisces,1941-03-27T10:24:22.500000+00:00,1941
moon,rashi,Aries,1941-04-10T13:52:30+00:00,1941
moon,rashi,Pisces,1941-04-23T15:56:15+00:00,1941
moon,rashi,Aries,1941-05-07T22:46:52.500000+00:00,1941
moon,rashi,Pisces,1941-05-20T19:01:52.500000+00:00,1941
moon,rashi,Aries,1941-06-04T03:11:15+00:00,1941
moon,rashi,Pisces,1941-06-16T20:43:07.500000+00:00,1941
moon,rashi,Aries,1941-07-01T04:07:30+00:00,1941
moon,rashi,Pisces,1941-07-13T23:26:15+00:00,1941
moon,rashi,Aries,1941-07-28T05:43:07.500000+00:00,1941
moon,rashi,Pisces,1941-08-10T04:58:07.500000+00:00,1941
moon,rashi,Aries,1941-08-24T11:09:22.500000+00:00,1941
moon,rashi,Pisces,1941-09-06T12:33:45+00:00,1941
moon,rashi,Aries,1941-09-20T20:20:37.500000+00:00,1941
moon,rashi,Pisces,1941-10-03T19:41:15+00:00,1941
moon,rashi,Aries,1941-10-18T06:22:30+00:00,1941
moon,rashi,Pisces,1941-10-31T00:05:37.500000+00:00,1941
moon,rashi,Aries,1941-11-14T13:41:15+00:00,1941
moon,rashi,Pisces,1941-11-27T01:30:00+00:00,1941
moon,rashi,Aries,1941-12-11T16:07:30+00:00,1941
moon,rashi,Pisces,1941-12-24T02:54:22.500000+00:00,1941
moon,rashi,Aries,1942-01-07T16:30:00+00:00,1942
moon,rashi,Pisces,1942-01-20T07:58:07.500000+00:00,1942
moon,rashi,Aries,1942-02-03T19:41:15+00:00,1942
moon,rashi,Pisces,1942-02-16T16:30:00+00:00,1942
moon,rashi,Aries,1942-03-03T03:11:15+00:00,1942
moon,rashi,Pisces,1942-03-16T01:18:45+00:00,1942
moon,rashi,Aries,1942-03-30T12:33:45+00:00,1942
moon,rashi,Pisces,1942-04-12T07:07:30+00:00,1942
moon,rashi,Aries,1942-04-26T20:09:22.500000+00:00,1942
moon,rashi,Pisces,1942-05-09T09:11:15+00:00,1942
moon,rashi,Aries,1942-05-24T00:00:00+00:00,1942
moon,rashi,Pisces,1942-06-05T10:07:30+00:00,1942
moon,rashi,Aries,1942-06-20T01:18:45+00:00,1942
moon,rashi,Pisces,1942-07-02T13:41:15+00:00,1942
moon,rashi,Aries,1942-07-17T03:16:52.500000+00:00,1942
moon,rashi,Pisces,1942-07-29T21:16:52.500000+00:00,1942
moon,rashi,Aries,1942-08-13T08:09:22.500000+00:00,1942
moon,rashi,Pisces,1942-08-26T07:01:52.500000+00:00,1942
moon,rashi,Aries,1942-09-09T15:33:45+00:00,1942
moon,rashi,Pisces,1942-09-22T15:45:00+00:00,1942
moon,rashi,Aries,1942-10-06T23:20:37.500000+00:00,1942
moon,rashi,Pisces,1942-10-19T20:31:52.500000+00:00,1942
moon,rashi,Aries,1942-11-03T04:41:15+00:00,1942
moon,rashi,Pisces,1942-11-15T21:22:30+00:00,1942
moon,rashi,Aries,1942-11-30T06:50:37.500000+00:00,1942
moon,rashi,Pisces,1942-12-12T22:30:00+00:00,1942
moon,rashi,Aries,1942-12-27T08:09:22.500000+00:00,1942
moon,rashi,Pisces,1943-01-09T04:30:00+00:00,1943
moon,rashi,Aries,1943-01-23T12:00:00+00:00,1943
moon,rashi,Pisces,1943-02-05T14:54:22.500000+00:00,1943
moon,rashi,Aries,1943-02-19T18:22:30+00:00,1943
moon,rashi,Pisces,1943-03-05T01:41:15+00:00,1943
moon,rashi,Aries,1943-03-19T01:18:45+00:00,1943
moon,rashi,Pisces,1943-04-01T08:31:52.500000+00:00,1943
moon,rashi,Aries,1943-04-15T06:22:30+00:00,1943
moon,rashi,Pisces,1943-04-28T10:41:15+00:00,1943
moon,rashi,Aries,1943-05-12T08:54:22.500000+00:00,1943
moon,rashi,Pisces,1943-05-25T11:20:37.500000+00:00,1943
moon,rashi,Aries,1943-06-08T10:58:07.500000+00:00,1943
moon,rashi,Pisces,1943-06-21T14:54:22.500000+00:00,1943
moon,rashi,Aries,1943-07-05T14:31:52.500000+00:00,1943
moon,rashi,Pisces,1943-07-18T22:58:07.500000+00:00,1943
moon,rashi,Aries,1943-08-01T20:03:45+00:00,1943
moon,rashi,Pisces,1943-08-15T09:50:37.500000+00:00,1943
moon,rashi,Aries,1943-08-29T02:15:00+00:00,1943
moon,rashi,Pisces,1943-09-11T19:41:15+00:00,1943
moon,rashi,Aries,1943-09-25T07:24:22.500000+00:00,1943
moon,rashi,Pisces,1943-10-09T01:18:45+00:00,1943
moon,rashi,Aries,1943-10-22T10:18:45+00:00,1943
moon,rashi,Pisces,1943-11-05T02:26:15+00:00,1943
moon,rashi,Aries,1943-11-18T12:11:15+00:00,1943
moon,rashi,Pisces,1943-12-02T03:11:15+00:00,1943
moon,rashi,Aries,1943-12-15T15:33:45+00:00,1943
moon,rashi,Pisces,1943-12-29T08:37:30+00:00,1943
moon,rashi,Aries,1944-01-11T21:22:30+00:00,1944
moon,rashi,Pisces,1944-01-25T18:56:15+00:00,1944
moon,rashi,Aries,1944-02-08T04:01:52.500000+00:00,1944
moon,rashi,Pisces,1944-02-22T06:05:37.500000+00:00,1944
moon,rashi,Aries,1944-03-06T09:05:37.500000+00:00,1944
moon,rashi,Pisces,1944-03-20T13:46:52.500000+00:00,1944
moon,rashi,Aries,1944-04-02T11:43:07.500000+00:00,1944
moon,rashi,Pisces,1944-04-16T16:24:22.500000+00:00,1944
moon,rashi,Aries,1944-04-29T13:24:22.500000+00:00,1944
moon,rashi,Pisces,1944-05-13T16:58:07.500000+00:00,1944
moon,rashi,Aries,1944-05-26T16:52:30+00:00,1944
moon,rashi,Pisces,1944-06-09T19:58:07.500000+00:00,1944
moon,rashi,Aries,1944-06-22T22:58:07.500000+00:00,1944
moon,rashi,Pisces,1944-07-07T03:16:52.500000+00:00,1944
moon,rashi,Aries,1944-07-20T06:11:15+00:00,1944
moon,rashi,Pisces,1944-08-03T13:18:45+00:00,1944
moon,rashi,Aries,1944-08-16T12:22:30+00:00,1944
moon,rashi,Pisces,1944-08-30T22:52:30+00:00,1944
moon,rashi,Aries,1944-09-12T15:50:37.500000+00:00,1944
moon,rashi,Pisces,1944-09-27T04:35:37.500000+00:00,1944
moon,rashi,Aries,1944-10-09T17:09:22.500000+00:00,1944
moon,rashi,Pisces,1944-10-24T06:05:37.500000+00:00,1944
moon,rashi,Aries,1944-11-05T19:18:45+00:00,1944
moon,rashi,Pisces,1944-11-20T06:56:15+00:00,1944
moon,rashi,Aries,1944-12-03T01:07:30+00:00,1944
moon,rashi,Pisces,1944-12-17T11:20:37.500000+00:00,1944
moon,rashi,Aries,1944-12-30T09:45:00+00:00,1944
moon,rashi,Pisces,1945-01-13T19:58:07.500000+00:00,1945
moon,rashi,Aries,1945-01-26T17:48:45+00:00,1945
moon,rashi,Pisces,1945-02-10T05:43:07.500000+00:00,1945
moon,rashi,Aries,1945-02-22T22:24:22.500000+00:00,1945
moon,rashi,Pisces,1945-03-09T12:33:45+00:00,1945
moon,rashi,Aries,1945-03-21T23:37:30+00:00,1945
moon,rashi,Pisces,1945-04-05T15:11:15+00:00,1945
moon,rashi,Aries,1945-04-18T01:01:52.500000+00:00,1945
moon,rashi,Pisces,1945-05-02T16:07:30+00:00,1945
moon,rashi,Aries,1945-05-15T06:05:37.500000+00:00,1945
moon,rashi,Pisces,1945-05-29T19:01:52.500000+00:00,1945
moon,rashi,Aries,1945-06-11T14:37:30+00:00,1945
moon,rashi,Pisces,1945-06-26T01:18:45+00:00,1945
moon,rashi,Aries,1945-07-09T00:00:00+00:00,1945
moon,rashi,Pisces,1945-07-23T09:28:07.500000+00:00,1945
moon,rashi,Aries,1945-08-05T07:01:52.500000+00:00,1945
moon,rashi,Pisces,1945-08-19T16:52:30+00:00,1945
moon,rashi,Aries,1945-09-01T10:07:30+00:00,1945
moon,rashi,Pisces,1945-09-15T21:22:30+00:00,1945
moon,rashi,Aries,1945-09-28T10:46:52.500000+00:00,1945
moon,rashi,Pisces,1945-10-12T23:03:45+00:00,1945
moon,rashi,Aries,1945-10-25T13:13:07.500000+00:00,1945
moon,rashi,Pisces,1945-11-09T00:45:00+00:00,1945
moon,rashi,Aries,1945-11-21T20:26:15+00:00,1945
moon,rashi,Pisces,1945-12-06T05:03:45+00:00,1945
moon,rashi,Aries,1945-12-19T07:18:45+00:00,1945
moon,rashi,Pisces,1946-01-02T12:05:37.500000+00:00,1946
moon,rashi,Aries,1946-01-15T17:15:00+00:00,1946
moon,rashi,Pisces,1946-01-29T19:07:30+00:00,1946
moon,rashi,Aries,1946-02-11T22:35:37.500000+00:00,1946
moon,rashi,Pisces,1946-02-25T23:43:07.500000+00:00,1946
moon,rashi,Aries,1946-03-10T23:31:52.500000+00:00,1946
moon,rashi,Pisces,1946-03-25T01:46:52.500000+00:00,1946
moon,rashi,Aries,1946-04-07T00:39:22.500000+00:00,1946
moon,rashi,Pisces,1946-04-21T03:50:37.500000+00:00,1946
moon,rashi,Aries,1946-05-04T06:00:00+00:00,1946
moon,rashi,Pisces,1946-05-18T07:58:07.500000+00:00,1946
moon,rashi,Aries,1946-05-31T15:39:22.500000+00:00,1946
moon,rashi,Pisces,1946-06-14T13:58:07.500000+00:00,1946
moon,rashi,Aries,1946-06-28T02:20:37.500000+00:00,1946
moon,rashi,Pisces,1946-07-11T20:15:00+00:00,1946
moon,rashi,Aries,1946-07-25T10:35:37.500000+00:00,1946
moon,rashi,Pisces,1946-08-08T01:01:52.500000+00:00,1946
moon,rashi,Aries,1946-08-21T14:15:00+00:00,1946
moon,rashi,Pisces,1946-09-04T03:45:00+00:00,1946
moon,rashi,Aries,1946-09-17T14:48:45+00:00,1946
moon,rashi,Pisces,1946-10-01T05:48:45+00:00,1946
moon,rashi,Aries,1946-10-14T16:52:30+00:00,1946
moon,rashi,Pisces,1946-10-28T09:28:07.500000+00:00,1946
moon,rashi,Aries,1946-11-10T23:54:22.500000+00:00,1946
moon,rashi,Pisces,1946-11-24T15:16:52.500000+00:00,1946
moon,rashi,Aries,1946-12-08T11:03:45+00:00,1946
moon,rashi,Pisces,1946-12-21T21:39:22.500000+00:00,1946
moon,rashi,Aries,1947-01-04T21:56:15+00:00,1947
moon,rashi,Pisces,1947-01-18T02:15:00+00:00,1947
moon,rashi,Aries,1947-02-01T04:13:07.500000+00:00,1947
moon,rashi,Pisces,1947-02-14T04:30:00+00:00,1947
moon,rashi,Aries,1947-02-28T05:31:52.500000+00:00,1947
moon,rashi,Pisces,1947-03-13T06:22:30+00:00,1947
moon,rashi,Aries,1947-03-27T06:16:52.500000+00:00,1947
moon,rashi,Pisces,1947-04-09T10:30:00+00:00,1947
moon,rashi,Aries,1947-04-23T10:58:07.500000+00:00,1947
moon,rashi,Pisces,1947-05-06T16:58:07.500000+00:00,1947
moon,rashi,Aries,1947-05-20T19:58:07.500000+00:00,1947
moon,rashi,Pisces,1947-06-02T23:54:22.500000+00:00,1947
moon,rashi,Aries,1947-06-17T06:22:30+00:00,1947
moon,rashi,Pisces,1947-06-30T05:09:22.500000+00:00,1947
moon,rashi,Aries,1947-07-14T14:37:30+00:00,1947
moon,rashi,Pisces,1947-07-27T07:52:30+00:00,1947
moon,rashi,Aries,1947-08-10T18:39:22.500000+00:00,1947
moon,rashi,Pisces,1947-08-23T09:22:30+00:00,1947
moon,rashi,Aries,1947-09-06T19:30:00+00:00,1947
moon,rashi,Pisces,1947-09-19T12:28:07.500000+00:00,1947
moon,rashi,Aries,1947-10-03T21:16:52.500000+00:00,1947
moon,rashi,Pisces,1947-10-16T18:50:37.500000+00:00,1947
moon,rashi,Aries,1947-10-31T03:11:15+00:00,1947
moon,rashi,Pisces,1947-11-13T03:05:37.500000+00:00,1947
moon,rashi,Aries,1947-11-27T12:50:37.500000+00:00,1947
moon,rashi,Pisces,1947-12-10T10:07:30+00:00,1947
moon,rashi,Aries,1947-12-24T22:35:37.500000+00:00,1947
moon,rashi,Pisces,1948-01-06T13:41:15+00:00,1948
moon,rashi,Aries,1948-01-21T04:35:37.500000+00:00,1948
moon,rashi,Pisces,1948-02-02T14:26:15+00:00,1948
moon,rashi,Aries,1948-02-17T06:11:15+00:00,1948
moon,rashi,Pisces,1948-02-29T16:35:37.500000+00:00,1948
moon,rashi,Aries,1948-03-15T07:01:52.500000+00:00,1948
moon,rashi,Pisces,1948-03-27T22:52:30+00:00,1948
moon,rashi,Aries,1948-04-11T11:09:22.500000+00:00,1948
moon,rashi,Pisces,1948-04-24T08:03:45+00:00,1948
moon,rashi,Aries,1948-05-08T18:39:22.500000+00:00,1948
moon,rashi,Pisces,1948-05-21T16:41:15+00:00,1948
moon,rashi,Aries,1948-06-05T03:11:15+00:00,1948
moon,rashi,Pisces,1948-06-17T22:07:30+00:00,1948
moon,rashi,Aries,1948-07-02T09:56:15+00:00,1948
moon,rashi,Pisces,1948-07-15T00:00:00+00:00,1948
moon,rashi,Aries,1948-07-29T13:24:22.500000+00:00,1948
moon,rashi,Pisces,1948-08-11T01:01:52.500000+00:00,1948
moon,rashi,Aries,1948-08-25T14:43:07.500000+00:00,1948
moon,rashi,Pisces,1948-09-07T04:58:07.500000+00:00,1948
moon,rashi,Aries,1948-09-21T17:03:45+00:00,1948
moon,rashi,Pisces,1948-10-04T13:13:07.500000+00:00,1948
moon,rashi,Aries,1948-10-18T22:18:45+00:00,1948
moon,rashi,Pisces,1948-10-31T23:43:07.500000+00:00,1948
moon,rashi,Aries,1948-11-15T05:54:22.500000+00:00,1948
moon,rashi,Pisces,1948-11-28T08:20:37.500000+00:00,1948
moon,rashi,Aries,1948-12-12T13:01:52.500000+00:00,1948
moon,rashi,Pisces,1948-12-25T12:11:15+00:00,1948
moon,rashi,Aries,1949-01-08T17:15:00+00:00,1949
moon,rashi,Pisces,1949-01-21T12:28:07.500000+00:00,1949
moon,rashi,Aries,1949-02-04T18:50:37.500000+00:00,1949
moon,rashi,Pisces,1949-02-17T14:31:52.500000+00:00,1949
moon,rashi,Aries,1949-03-03T20:54:22.500000+00:00,1949
moon,rashi,Pisces,1949-03-16T21:45:00+00:00,1949
moon,rashi,Aries,1949-03-31T01:35:37.500000+00:00,1949
moon,rashi,Pisces,1949-04-13T08:26:15+00:00,1949
moon,rashi,Aries,1949-04-27T08:03:45+00:00,1949
moon,rashi,Pisces,1949-05-10T18:39:22.500000+00:00,1949
moon,rashi,Aries,1949-05-24T14:09:22.500000+00:00,1949
moon,rashi,Pisces,1949-06-07T01:01:52.500000+00:00,1949
moon,rashi,Aries,1949-06-20T18:22:30+00:00,1949
moon,rashi,Pisces,1949-07-04T03:05:37.500000+00:00,1949
moon,rashi,Aries,1949-07-17T20:48:45+00:00,1949
moon,rashi,Pisces,1949-07-31T03:50:37.500000+00:00,1949
moon,rashi,Aries,1949-08-13T23:09:22.500000+00:00,1949
moon,rashi,Pisces,1949-08-27T07:35:37.500000+00:00,1949
moon,rashi,Aries,1949-09-10T03:16:52.500000+00:00,1949
moon,rashi,Pisces,1949-09-23T16:07:30+00:00,1949
moon,rashi,Aries,1949-10-07T09:16:52.500000+00:00,1949
moon,rashi,Pisces,1949-10-21T03:16:52.500000+00:00,1949
moon,rashi,Aries,1949-11-03T15:28:07.500000+00:00,1949
moon,rashi,Pisces,1949-11-17T13:01:52.500000+00:00,1949
moon,rashi,Aries,1949-11-30T19:52:30+00:00,1949
moon,rashi,Pisces,1949-12-14T17:48:45+00:00,1949
moon,rashi,Aries,1949-12-27T21:56:15+00:00,1949
moon,rashi,Pisces,1950-01-10T18:11:15+00:00,1950
moon,rashi,Aries,1950-01-24T00:00:00+00:00,1950
moon,rashi,Pisces,1950-02-06T19:41:15+00:00,1950
moon,rashi,Aries,1950-02-20T04:30:00+00:00,1950
moon,rashi,Pisces,1950-03-06T02:15:00+00:00,1950
moon,rashi,Aries,1950-03-19T11:03:45+00:00,1950
moon,rashi,Pisces,1950-04-02T12:39:22.500000+00:00,1950
moon,rashi,Aries,1950-04-15T17:31:52.500000+00:00,1950
moon,rashi,Pisces,1950-04-29T23:09:22.500000+00:00,1950
moon,rashi,Aries,1950-05-12T21:50:37.500000+00:00,1950
moon,rashi,Pisces,1950-05-27T06:00:00+00:00,1950
moon,rashi,Aries,1950-06-09T00:00:00+00:00,1950
moon,rashi,Pisces,1950-06-23T08:20:37.500000+00:00,1950
moon,rashi,Aries,1950-07-06T01:52:30+00:00,1950
moon,rashi,Pisces,1950-07-20T09:05:37.500000+00:00,1950
moon,rashi,Aries,1950-08-02T05:54:22.500000+00:00,1950
moon,rashi,Pisces,1950-08-16T12:16:52.500000+00:00,1950
moon,rashi,Aries,1950-08-29T12:45:00+00:00,1950
moon,rashi,Pisces,1950-09-12T19:41:15+00:00,1950
moon,rashi,Aries,1950-09-25T20:26:15+00:00,1950
moon,rashi,Pisces,1950-10-10T05:48:45+00:00,1950
moon,rashi,Aries,1950-10-23T02:31:52.500000+00:00,1950
moon,rashi,Pisces,1950-11-06T14:54:22.500000+00:00,1950
moon,rashi,Aries,1950-11-19T05:20:37.500000+00:00,1950
moon,rashi,Pisces,1950-12-03T19:46:52.500000+00:00,1950
moon,rashi,Aries,1950-12-16T06:05:37.500000+00:00,1950
moon,rashi,Pisces,1950-12-30T20:37:30+00:00,1950
moon,rashi,Aries,1951-01-12T09:05:37.500000+00:00,1951
moon,rashi,Pisces,1951-01-26T21:56:15+00:00,1951
moon,rashi,Aries,1951-02-08T16:13:07.500000+00:00,1951
moon,rashi,Pisces,1951-02-23T03:22:30+00:00,1951
moon,rashi,Aries,1951-03-08T01:24:22.500000+00:00,1951
moon,rashi,Pisces,1951-03-22T12:11:15+00:00,1951
moon,rashi,Aries,1951-04-04T09:00:00+00:00,1951
moon,rashi,Pisces,1951-04-18T21:00:00+00:00,1951
moon,rashi,Aries,1951-05-01T12:50:37.500000+00:00,1951
moon,rashi,Pisces,1951-05-16T02:48:45+00:00,1951
moon,rashi,Aries,1951-05-28T13:58:07.500000+00:00,1951
moon,rashi,Pisces,1951-06-12T05:03:45+00:00,1951
moon,rashi,Aries,1951-06-24T15:45:00+00:00,1951
moon,rashi,Pisces,1951-07-09T06:22:30+00:00,1951
moon,rashi,Aries,1951-07-21T21:16:52.500000+00:00,1951
moon,rashi,Pisces,1951-08-05T09:33:45+00:00,1951
moon,rashi,Aries,1951-08-18T06:22:30+00:00,1951
moon,rashi,Pisces,1951-09-01T15:50:37.500000+00:00,1951
moon,rashi,Aries,1951-09-14T16:07:30+00:00,1951
moon,rashi,Pisces,1951-09-28T23:48:45+00:00,1951
moon,rashi,Aries,1951-10-11T23:15:00+00:00,1951
moon,rashi,Pisces,1951-10-26T06:39:22.500000+00:00,1951
moon,rashi,Aries,1951-11-08T01:46:52.500000+00:00,1951
moon,rashi,Pisces,1951-11-22T10:13:07.500000+00:00,1951
moon,rashi,Aries,1951-12-05T02:03:45+00:00,1951
moon,rashi,Pisces,1951-12-19T11:31:52.500000+00:00,1951
moon,rashi,Aries,1952-01-01T05:20:37.500000+00:00,1952
moon,rashi,Pisces,1952-01-15T13:52:30+00:00,1952
moon,rashi,Aries,1952-01-28T13:52:30+00:00,1952
moon,rashi,Pisces,1952-02-11T19:13:07.500000+00:00,1952
moon,rashi,Aries,1952-02-25T01:01:52.500000+00:00,1952
moon,rashi,Pisces,1952-03-10T02:09:22.500000+00:00,1952
moon,rashi,Aries,1952-03-23T10:18:45+00:00,1952
moon,rashi,Pisces,1952-04-06T08:15:00+00:00,1952
moon,rashi,Aries,1952-04-19T14:43:07.500000+00:00,1952
moon,rashi,Pisces,1952-05-03T12:00:00+00:00,1952
moon,rashi,Aries,1952-05-16T15:33:45+00:00,1952
moon,rashi,Pisces,1952-05-30T14:03:45+00:00,1952
moon,rashi,Aries,1952-06-12T17:09:22.500000+00:00,1952
moon,rashi,Pisces,1952-06-26T16:41:15+00:00,1952
moon,rashi,Aries,1952-07-09T22:58:07.500000+00:00,1952
moon,rashi,Pisces,1952-07-23T21:16:52.500000+00:00,1952
moon,rashi,Aries,1952-08-06T08:43:07.500000+00:00,1952
moon,rashi,Pisces,1952-08-20T03:22:30+00:00,1952
moon,rashi,Aries,1952-09-02T19:35:37.500000+00:00,1952
moon,rashi,Pisces,1952-09-16T09:16:52.500000+00:00,1952
moon,rashi,Aries,1952-09-30T03:45:00+00:00,1952
moon,rashi,Pisces,1952-10-13T13:18:45+00:00,1952
moon,rashi,Aries,1952-10-27T06:56:15+00:00,1952
moon,rashi,Pisces,1952-11-09T15:22:30+00:00,1952
moon,rashi,Aries,1952-11-23T07:07:30+00:00,1952
moon,rashi,Pisces,1952-12-06T17:43:07.500000+00:00,1952
moon,rashi,Aries,1952-12-20T09:50:37.500000+00:00,1952
moon,rashi,Pisces,1953-01-02T22:24:22.500000+00:00,1953
moon,rashi,Aries,1953-01-16T17:54:22.500000+00:00,1953
moon,rashi,Pisces,1953-01-30T05:03:45+00:00,1953
moon,rashi,Aries,1953-02-13T05:15:00+00:00,1953
moon,rashi,Pisces,1953-02-26T11:09:22.500000+00:00,1953
moon,rashi,Aries,1953-03-12T15:11:15+00:00,1953
moon,rashi,Pisces,1953-03-25T14:54:22.500000+00:00,1953
moon,rashi,Aries,1953-04-08T20:15:00+00:00,1953
moon,rashi,Pisces,1953-04-21T16:41:15+00:00,1953
moon,rashi,Aries,1953-05-05T21:22:30+00:00,1953
moon,rashi,Pisces,1953-05-18T19:01:52.500000+00:00,1953
moon,rashi,Aries,1953-06-01T22:35:37.500000+00:00,1953
moon,rashi,Pisces,1953-06-14T23:54:22.500000+00:00,1953
moon,rashi,Aries,1953-06-29T03:39:22.500000+00:00,1953
moon,rashi,Pisces,1953-07-12T06:50:37.500000+00:00,1953
moon,rashi,Aries,1953-07-26T12:33:45+00:00,1953
moon,rashi,Pisces,1953-08-08T13:52:30+00:00,1953
moon,rashi,Aries,1953-08-22T22:46:52.500000+00:00,1953
moon,rashi,Pisces,1953-09-04T18:50:37.500000+00:00,1953
moon,rashi,Aries,1953-09-19T06:50:37.500000+00:00,1953
moon,rashi,Pisces,1953-10-01T21:00:00+00:00,1953
moon,rashi,Aries,1953-10-16T10:18:45+00:00,1953
moon,rashi,Pisces,1953-10-28T22:13:07.500000+00:00,1953
moon,rashi,Aries,1953-11-12T10:52:30+00:00,1953
moon,rashi,Pisces,1953-11-25T01:58:07.500000+00:00,1953
moon,rashi,Aries,1953-12-09T13:01:52.500000+00:00,1953
moon,rashi,Pisces,1953-12-22T09:39:22.500000+00:00,1953
moon,rashi,Aries,1954-01-05T19:46:52.500000+00:00,1954
moon,rashi,Pisces,1954-01-18T18:33:45+00:00,1954
moon,rashi,Aries,1954-02-02T05:26:15+00:00,1954
moon,rashi,Pisces,1954-02-15T01:07:30+00:00,1954
moon,rashi,Aries,1954-03-01T14:03:45+00:00,1954
moon,rashi,Pisces,1954-03-14T03:45:00+00:00,1954
moon,rashi,Aries,1954-03-28T18:45:00+00:00,1954
moon,rashi,Pisces,1954-04-10T04:30:00+00:00,1954
moon,rashi,Aries,1954-04-24T20:03:45+00:00,1954
moon,rashi,Pisces,1954-05-07T07:30:00+00:00,1954
moon,rashi,Aries,1954-05-21T21:39:22.500000+00:00,1954
moon,rashi,Pisces,1954-06-03T14:26:15+00:00,1954
moon,rashi,Aries,1954-06-18T02:09:22.500000+00:00,1954
moon,rashi,Pisces,1954-06-30T23:48:45+00:00,1954
moon,rashi,Aries,1954-07-15T09:33:45+00:00,1954
moon,rashi,Pisces,1954-07-28T08:26:15+00:00,1954
moon,rashi,Aries,1954-08-11T17:43:07.500000+00:00,1954
moon,rashi,Pisces,1954-08-24T13:41:15+00:00,1954
moon,rashi,Aries,1954-09-07T23:54:22.500000+00:00,1954
moon,rashi,Pisces,1954-09-20T15:11:15+00:00,1954
moon,rashi,Aries,1954-10-05T02:48:45+00:00,1954
moon,rashi,Pisces,1954-10-17T16:01:52.500000+00:00,1954
moon,rashi,Aries,1954-11-01T04:01:52.500000+00:00,1954
moon,rashi,Pisces,1954-11-13T20:43:07.500000+00:00,1954
moon,rashi,Aries,1954-11-28T06:50:37.500000+00:00,1954
moon,rashi,Pisces,1954-12-11T06:11:15+00:00,1954
moon,rashi,Aries,1954-12-25T12:45:00+00:00,1954
moon,rashi,Pisces,1955-01-07T17:15:00+00:00,1955
moon,rashi,Aries,1955-01-21T20:03:45+00:00,1955
moon,rashi,Pisces,1955-02-04T01:18:45+00:00,1955
moon,rashi,Aries,1955-02-18T02:03:45+00:00,1955
moon,rashi,Pisces,1955-03-03T04:07:30+00:00,1955
moon,rashi,Aries,1955-03-17T05:09:22.500000+00:00,1955
moon,rashi,Pisces,1955-03-30T04:30:00+00:00,1955
moon,rashi,Aries,1955-04-13T06:56:15+00:00,1955
moon,rashi,Pisces,1955-04-26T07:24:22.500000+00:00,1955
moon,rashi,Aries,1955-05-10T09:56:15+00:00,1955
moon,rashi,Pisces,1955-05-23T15:05:37.500000+00:00,1955
moon,rashi,Aries,1955-06-06T15:05:37.500000+00:00,1955
moon,rashi,Pisces,1955-06-20T01:41:15+00:00,1955
moon,rashi,Aries,1955-07-03T21:28:07.500000+00:00,1955
moon,rashi,Pisces,1955-07-17T11:31:52.500000+00:00,1955
moon,rashi,Aries,1955-07-31T03:05:37.500000+00:00,1955
moon,rashi,Pisces,1955-08-13T17:43:07.500000+00:00,1955
moon,rashi,Aries,1955-08-27T06:50:37.500000+00:00,1955
moon,rashi,Pisces,1955-09-09T19:24:22.500000+00:00,1955
moon,rashi,Aries,1955-09-23T08:54:22.500000+00:00,1955
moon,rashi,Pisces,1955-10-06T20:03:45+00:00,1955
moon,rashi,Aries,1955-10-20T11:31:52.500000+00:00,1955
moon,rashi,Pisces,1955-11-03T00:22:30+00:00,1955
moon,rashi,Aries,1955-11-16T16:24:22.500000+00:00,1955
moon,rashi,Pisces,1955-11-30T09:50:37.500000+00:00,1955
moon,rashi,Aries,1955-12-13T22:52:30+00:00,1955
moon,rashi,Pisces,1955-12-27T21:28:07.500000+00:00,1955
moon,rashi,Aries,1956-01-10T04:35:37.500000+00:00,1956
moon,rashi,Pisces,1956-01-24T06:28:07.500000+00:00,1956
moon,rashi,Aries,1956-02-06T07:52:30+00:00,1956
moon,rashi,Pisces,1956-02-20T10:01:52.500000+00:00,1956
moon,rashi,Aries,1956-03-04T09:28:07.500000+00:00,1956
moon,rashi,Pisces,1956-03-18T10:18:45+00:00,1956
moon,rashi,Aries,1956-03-31T12:16:52.500000+00:00,1956
moon,rashi,Pisces,1956-04-14T12:39:22.500000+00:00,1956
moon,rashi,Aries,1956-04-27T17:48:45+00:00,1956
moon,rashi,Pisces,1956-05-11T19:35:37.500000+00:00,1956
moon,rashi,Aries,1956-05-25T00:50:37.500000+00:00,1956
moon,rashi,Pisces,1956-06-08T05:43:07.500000+00:00,1956
moon,rashi,Aries,1956-06-21T07:13:07.500000+00:00,1956
moon,rashi,Pisces,1956-07-05T15:28:07.500000+00:00,1956
moon,rashi,Aries,1956-07-18T11:09:22.500000+00:00,1956
moon,rashi,Pisces,1956-08-01T21:50:37.500000+00:00,1956
moon,rashi,Aries,1956-08-14T12:56:15+00:00,1956
moon,rashi,Pisces,1956-08-28T23:54:22.500000+00:00,1956
moon,rashi,Aries,1956-09-10T14:54:22.500000+00:00,1956
moon,rashi,Pisces,1956-09-25T00:39:22.500000+00:00,1956
moon,rashi,Aries,1956-10-07T19:35:37.500000+00:00,1956
moon,rashi,Pisces,1956-10-22T04:13:07.500000+00:00,1956
moon,rashi,Aries,1956-11-04T03:11:15+00:00,1956
moon,rashi,Pisces,1956-11-18T12:11:15+00:00,1956
moon,rashi,Aries,1956-12-01T11:20:37.500000+00:00,1956
moon,rashi,Pisces,1956-12-15T22:24:22.500000+00:00,1956
moon,rashi,Aries,1956-12-28T16:52:30+00:00,1956
moon,rashi,Pisces,1957-01-12T06:39:22.500000+00:00,1957
moon,rashi,Aries,1957-01-24T18:39:22.500000+00:00,1957
moon,rashi,Pisces,1957-02-08T10:18:45+00:00,1957
moon,rashi,Aries,1957-02-20T19:30:00+00:00,1957
moon,rashi,Pisces,1957-03-07T10:52:30+00:00,1957
moon,rashi,Aries,1957-03-19T23:37:30+00:00,1957
moon,rashi,Pisces,1957-04-03T13:07:30+00:00,1957
moon,rashi,Aries,1957-04-16T07:41:15+00:00,1957
moon,rashi,Pisces,1957-04-30T19:01:52.500000+00:00,1957
moon,rashi,Aries,1957-05-13T17:03:45+00:00,1957
moon,rashi,Pisces,1957-05-28T03:22:30+00:00,1957
moon,rashi,Aries,1957-06-10T00:22:30+00:00,1957
moon,rashi,Pisces,1957-06-24T11:15:00+00:00,1957
moon,rashi,Aries,1957-07-07T04:01:52.500000+00:00,1957
moon,rashi,Pisces,1957-07-21T16:24:22.500000+00:00,1957
moon,rashi,Aries,1957-08-03T04:58:07.500000+00:00,1957
moon,rashi,Pisces,1957-08-17T18:28:07.500000+00:00,1957
moon,rashi,Aries,1957-08-30T06:56:15+00:00,1957
moon,rashi,Pisces,1957-09-13T19:58:07.500000+00:00,1957
moon,rashi,Aries,1957-09-26T13:01:52.500000+00:00,1957
moon,rashi,Pisces,1957-10-10T23:37:30+00:00,1957
moon,rashi,Aries,1957-10-23T22:52:30+00:00,1957
moon,rashi,Pisces,1957-11-07T06:16:52.500000+00:00,1957
moon,rashi,Aries,1957-11-20T09:00:00+00:00,1957
moon,rashi,Pisces,1957-12-04T13:58:07.500000+00:00,1957
moon,rashi,Aries,1957-12-17T15:33:45+00:00,1957
moon,rashi,Pisces,1957-12-31T19:46:52.500000+00:00,1957
moon,rashi,Aries,1958-01-13T17:09:22.500000+00:00,1958
moon,rashi,Pisces,1958-01-27T22:24:22.500000+00:00,1958
moon,rashi,Aries,1958-02-09T17:31:52.500000+00:00,1958
moon,rashi,Pisces,1958-02-23T23:54:22.500000+00:00,1958
moon,rashi,Aries,1958-03-08T22:01:52.500000+00:00,1958
moon,rashi,Pisces,1958-03-23T03:11:15+00:00,1958
moon,rashi,Aries,1958-04-05T07:24:22.500000+00:00,1958
moon,rashi,Pisces,1958-04-19T08:54:22.500000+00:00,1958
moon,rashi,Aries,1958-05-02T18:22:30+00:00,1958
moon,rashi,Pisces,1958-05-16T15:28:07.500000+00:00,1958
moon,rashi,Aries,1958-05-30T03:05:37.500000+00:00,1958
moon,rashi,Pisces,1958-06-12T20:43:07.500000+00:00,1958
moon,rashi,Aries,1958-06-26T07:13:07.500000+00:00,1958
moon,rashi,Pisces,1958-07-09T23:54:22.500000+00:00,1958
moon,rashi,Aries,1958-07-23T08:03:45+00:00,1958
moon,rashi,Pisces,1958-08-06T01:58:07.500000+00:00,1958
moon,rashi,Aries,1958-08-19T09:45:00+00:00,1958
moon,rashi,Pisces,1958-09-02T05:03:45+00:00,1958
moon,rashi,Aries,1958-09-15T15:50:37.500000+00:00,1958
moon,rashi,Pisces,1958-09-29T10:18:45+00:00,1958
moon,rashi,Aries,1958-10-13T02:03:45+00:00,1958
moon,rashi,Pisces,1958-10-26T16:35:37.500000+00:00,1958
moon,rashi,Aries,1958-11-09T13:13:07.500000+00:00,1958
moon,rashi,Pisces,1958-11-22T22:07:30+00:00,1958
moon,rashi,Aries,1958-12-06T20:43:07.500000+00:00,1958
moon,rashi,Pisces,1958-12-20T01:13:07.500000+00:00,1958
moon,rashi,Aries,1959-01-02T22:58:07.500000+00:00,1959
moon,rashi,Pisces,1959-01-16T02:54:22.500000+00:00,1959
moon,rashi,Aries,1959-01-29T23:09:22.500000+00:00,1959
moon,rashi,Pisces,1959-02-12T06:00:00+00:00,1959
moon,rashi,Aries,1959-02-26T02:54:22.500000+00:00,1959
moon,rashi,Pisces,1959-03-11T11:48:45+00:00,1959
moon,rashi,Aries,1959-03-25T11:43:07.500000+00:00,1959
moon,rashi,Pisces,1959-04-07T18:39:22.500000+00:00,1959
moon,rashi,Aries,1959-04-21T22:35:37.500000+00:00,1959
moon,rashi,Pisces,1959-05-05T00:11:15+00:00,1959
moon,rashi,Aries,1959-05-19T07:35:37.500000+00:00,1959
moon,rashi,Pisces,1959-06-01T03:22:30+00:00,1959
moon,rashi,Aries,1959-06-15T12:11:15+00:00,1959
moon,rashi,Pisces,1959-06-28T04:58:07.500000+00:00,1959
moon,rashi,Aries,1959-07-12T13:13:07.500000+00:00,1959
moon,rashi,Pisces,1959-07-25T07:41:15+00:00,1959
moon,rashi,Aries,1959-08-08T14:43:07.500000+00:00,1959
moon,rashi,Pisces,1959-08-21T13:13:07.500000+00:00,1959
moon,rashi,Aries,1959-09-04T19:58:07.500000+00:00,1959
moon,rashi,Pisces,1959-09-17T20:48:45+00:00,1959
moon,rashi,Aries,1959-10-02T04:58:07.500000+00:00,1959
moon,rashi,Pisces,1959-10-15T04:07:30+00:00,1959
moon,rashi,Aries,1959-10-29T15:05:37.500000+00:00,1959
moon,rashi,Pisces,1959-11-11T08:37:30+00:00,1959
moon,rashi,Aries,1959-11-25T22:24:22.500000+00:00,1959
moon,rashi,Pisces,1959-12-08T10:01:52.500000+00:00,1959
moon,rashi,Aries,1959-12-23T00:50:37.500000+00:00,1959
moon,rashi,Pisces,1960-01-04T11:20:37.500000+00:00,1960
moon,rashi,Aries,1960-01-19T01:18:45+00:00,1960
moon,rashi,Pisces,1960-01-31T16:24:22.500000+00:00,1960
moon,rashi,Aries,1960-02-15T04:30:00+00:00,1960
moon,rashi,Pisces,1960-02-28T01:01:52.500000+00:00,1960
moon,rashi,Aries,1960-03-13T11:48:45+00:00,1960
moon,rashi,Pisces,1960-03-26T09:56:15+00:00,1960
moon,rashi,Aries,1960-04-09T21:00:00+00:00,1960
moon,rashi,Pisces,1960-04-22T15:50:37.500000+00:00,1960
moon,rashi,Aries,1960-05-07T04:35:37.500000+00:00,1960
moon,rashi,Pisces,1960-05-19T18:00:00+00:00,1960
moon,rashi,Aries,1960-06-03T08:31:52.500000+00:00,1960
moon,rashi,Pisces,1960-06-15T18:56:15+00:00,1960
moon,rashi,Aries,1960-06-30T09:56:15+00:00,1960
moon,rashi,Pisces,1960-07-12T22:18:45+00:00,1960
moon,rashi,Aries,1960-07-27T11:48:45+00:00,1960
moon,rashi,Pisces,1960-08-09T05:48:45+00:00,1960
moon,rashi,Aries,1960-08-23T16:35:37.500000+00:00,1960
moon,rashi,Pisces,1960-09-05T15:45:00+00:00,1960
moon,rashi,Aries,1960-09-19T23:54:22.500000+00:00,1960
moon,rashi,Pisces,1960-10-03T00:39:22.500000+00:00,1960
moon,rashi,Aries,1960-10-17T07:35:37.500000+00:00,1960
moon,rashi,Pisces,1960-10-30T05:31:52.500000+00:00,1960
moon,rashi,Aries,1960-11-13T12:56:15+00:00,1960
moon,rashi,Pisces,1960-11-26T06:22:30+00:00,1960
moon,rashi,Aries,1960-12-10T15:05:37.500000+00:00,1960
moon,rashi,Pisces,1960-12-23T07:30:00+00:00,1960
moon,rashi,Aries,1961-01-06T16:30:00+00:00,1961
moon,rashi,Pisces,1961-01-19T13:24:22.500000+00:00,1961
moon,rashi,Aries,1961-02-02T20:20:37.500000+00:00,1961
moon,rashi,Pisces,1961-02-15T23:48:45+00:00,1961
moon,rashi,Aries,1961-03-02T02:43:07.500000+00:00,1961
moon,rashi,Pisces,1961-03-15T10:35:37.500000+00:00,1961
moon,rashi,Aries,1961-03-29T09:28:07.500000+00:00,1961
moon,rashi,Pisces,1961-04-11T17:37:30+00:00,1961
moon,rashi,Aries,1961-04-25T14:26:15+00:00,1961
moon,rashi,Pisces,1961-05-08T19:58:07.500000+00:00,1961
moon,rashi,Aries,1961-05-22T17:03:45+00:00,1961
moon,rashi,Pisces,1961-06-04T20:31:52.500000+00:00,1961
moon,rashi,Aries,1961-06-18T19:07:30+00:00,1961
moon,rashi,Pisces,1961-07-01T23:54:22.500000+00:00,1961
moon,rashi,Aries,1961-07-15T22:41:15+00:00,1961
moon,rashi,Pisces,1961-07-29T07:52:30+00:00,1961
moon,rashi,Aries,1961-08-12T04:13:07.500000+00:00,1961
moon,rashi,Pisces,1961-08-25T18:39:22.500000+00:00,1961
moon,rashi,Aries,1961-09-08T10:30:00+00:00,1961
moon,rashi,Pisces,1961-09-22T04:41:15+00:00,1961
moon,rashi,Aries,1961-10-05T15:33:45+00:00,1961
moon,rashi,Pisces,1961-10-19T10:30:00+00:00,1961
moon,rashi,Aries,1961-11-01T18:28:07.500000+00:00,1961
moon,rashi,Pisces,1961-11-15T11:37:30+00:00,1961
moon,rashi,Aries,1961-11-28T20:15:00+00:00,1961
moon,rashi,Pisces,1961-12-12T12:22:30+00:00,1961
moon,rashi,Aries,1961-12-25T23:43:07.500000+00:00,1961
moon,rashi,Pisces,1962-01-08T17:43:07.500000+00:00,1962
moon,rashi,Aries,1962-01-22T05:37:30+00:00,1962
moon,rashi,Pisces,1962-02-05T03:50:37.500000+00:00,1962
moon,rashi,Aries,1962-02-18T12:16:52.500000+00:00,1962
moon,rashi,Pisces,1962-03-04T15:00:00+00:00,1962
moon,rashi,Aries,1962-03-17T17:20:37.500000+00:00,1962
moon,rashi,Pisces,1962-03-31T22:46:52.500000+00:00,1962
moon,rashi,Aries,1962-04-13T19:58:07.500000+00:00,1962
moon,rashi,Pisces,1962-04-28T01:35:37.500000+00:00,1962
moon,rashi,Aries,1962-05-10T21:39:22.500000+00:00,1962
moon,rashi,Pisces,1962-05-25T02:09:22.500000+00:00,1962
moon,rashi,Aries,1962-06-07T01:07:30+00:00,1962
moon,rashi,Pisces,1962-06-21T04:58:07.500000+00:00,1962
moon,rashi,Aries,1962-07-04T07:13:07.500000+00:00,1962
moon,rashi,Pisces,1962-07-18T12:05:37.500000+00:00,1962
moon,rashi,Aries,1962-07-31T14:31:52.500000+00:00,1962
moon,rashi,Pisces,1962-08-14T22:01:52.500000+00:00,1962
moon,rashi,Aries,1962-08-27T20:48:45+00:00,1962
moon,rashi,Pisces,1962-09-11T07:35:37.500000+00:00,1962
moon,rashi,Aries,1962-09-24T00:16:52.500000+00:00,1962
moon,rashi,Pisces,1962-10-08T13:30:00+00:00,1962
moon,rashi,Aries,1962-10-21T01:35:37.500000+00:00,1962
moon,rashi,Pisces,1962-11-04T15:05:37.500000+00:00,1962
moon,rashi,Aries,1962-11-17T03:39:22.500000+00:00,1962
moon,rashi,Pisces,1962-12-01T15:45:00+00:00,1962
moon,rashi,Aries,1962-12-14T09:33:45+00:00,1962
moon,rashi,Pisces,1962-12-28T20:09:22.500000+00:00,1962
moon,rashi,Aries,1963-01-10T18:16:52.500000+00:00,1963
moon,rashi,Pisces,1963-01-25T04:41:15+00:00,1963
moon,rashi,Aries,1963-02-07T02:26:15+00:00,1963
moon,rashi,Pisces,1963-02-21T14:15:00+00:00,1963
moon,rashi,Aries,1963-03-06T07:07:30+00:00,1963
moon,rashi,Pisces,1963-03-20T21:05:37.500000+00:00,1963
moon,rashi,Aries,1963-04-02T08:20:37.500000+00:00,1963
moon,rashi,Pisces,1963-04-16T23:48:45+00:00,1963
moon,rashi,Aries,1963-04-29T09:45:00+00:00,1963
moon,rashi,Pisces,1963-05-14T00:50:37.500000+00:00,1963
moon,rashi,Aries,1963-05-26T14:37:30+00:00,1963
moon,rashi,Pisces,1963-06-10T03:39:22.500000+00:00,1963
moon,rashi,Aries,1963-06-22T23:09:22.500000+00:00,1963
moon,rashi,Pisces,1963-07-07T09:45:00+00:00,1963
moon,rashi,Aries,1963-07-20T08:37:30+00:00,1963
moon,rashi,Pisces,1963-08-03T17:48:45+00:00,1963
moon,rashi,Aries,1963-08-16T15:50:37.500000+00:00,1963
moon,rashi,Pisces,1963-08-31T01:13:07.500000+00:00,1963
moon,rashi,Aries,1963-09-12T19:07:30+00:00,1963
moon,rashi,Pisces,1963-09-27T05:48:45+00:00,1963
moon,rashi,Aries,1963-10-09T19:46:52.500000+00:00,1963
moon,rashi,Pisces,1963-10-24T07:30:00+00:00,1963
moon,rashi,Aries,1963-11-05T22:01:52.500000+00:00,1963
moon,rashi,Pisces,1963-11-20T09:05:37.500000+00:00,1963
moon,rashi,Aries,1963-12-03T05:15:00+00:00,1963
moon,rashi,Pisces,1963-12-17T13:30:00+00:00,1963
moon,rashi,Aries,1963-12-30T16:07:30+00:00,1963
moon,rashi,Pisces,1964-01-13T20:26:15+00:00,1964
moon,rashi,Aries,1964-01-27T02:15:00+00:00,1964
moon,rashi,Pisces,1964-02-10T03:22:30+00:00,1964
moon,rashi,Aries,1964-02-23T07:41:15+00:00,1964
moon,rashi,Pisces,1964-03-08T07:52:30+00:00,1964
moon,rashi,Aries,1964-03-21T08:43:07.500000+00:00,1964
moon,rashi,Pisces,1964-04-04T09:56:15+00:00,1964
moon,rashi,Aries,1964-04-17T09:45:00+00:00,1964
moon,rashi,Pisces,1964-05-01T12:05:37.500000+00:00,1964
moon,rashi,Aries,1964-05-14T15:00:00+00:00,1964
moon,rashi,Pisces,1964-05-28T16:13:07.500000+00:00,1964
moon,rashi,Aries,1964-06-11T00:28:07.500000+00:00,1964
moon,rashi,Pisces,1964-06-24T22:13:07.500000+00:00,1964
moon,rashi,Aries,1964-07-08T11:15:00+00:00,1964
moon,rashi,Pisces,1964-07-22T04:24:22.500000+00:00,1964
moon,rashi,Aries,1964-08-04T19:35:37.500000+00:00,1964
moon,rashi,Pisces,1964-08-18T09:11:15+00:00,1964
moon,rashi,Aries,1964-08-31T23:31:52.500000+00:00,1964
moon,rashi,Pisces,1964-09-14T11:48:45+00:00,1964
moon,rashi,Aries,1964-09-28T00:05:37.500000+00:00,1964
moon,rashi,Pisces,1964-10-11T13:52:30+00:00,1964
moon,rashi,Aries,1964-10-25T01:58:07.500000+00:00,1964
moon,rashi,Pisces,1964-11-07T17:37:30+00:00,1964
moon,rashi,Aries,1964-11-21T08:54:22.500000+00:00,1964
moon,rashi,Pisces,1964-12-04T23:31:52.500000+00:00,1964
moon,rashi,Aries,1964-12-18T19:58:07.500000+00:00,1964
moon,rashi,Pisces,1965-01-01T05:54:22.500000+00:00,1965
moon,rashi,Aries,1965-01-15T06:56:15+00:00,1965
moon,rashi,Pisces,1965-01-28T10:30:00+00:00,1965
moon,rashi,Aries,1965-02-11T13:18:45+00:00,1965
moon,rashi,Pisces,1965-02-24T12:39:22.500000+00:00,1965
moon,rashi,Aries,1965-03-10T14:43:07.500000+00:00,1965
moon,rashi,Pisces,1965-03-23T14:31:52.500000+00:00,1965
moon,rashi,Aries,1965-04-06T15:28:07.500000+00:00,1965
moon,rashi,Pisces,1965-04-19T18:39:22.500000+00:00,1965
moon,rashi,Aries,1965-05-03T19:58:07.500000+00:00,1965
moon,rashi,Pisces,1965-05-17T01:13:07.500000+00:00,1965
moon,rashi,Aries,1965-05-31T04:41:15+00:00,1965
moon,rashi,Pisces,1965-06-13T08:15:00+00:00,1965
moon,rashi,Aries,1965-06-27T15:05:37.500000+00:00,1965
moon,rashi,Pisces,1965-07-10T13:35:37.500000+00:00,1965
moon,rashi,Aries,1965-07-24T23:26:15+00:00,1965
moon,rashi,Pisces,1965-08-06T16:18:45+00:00,1965
moon,rashi,Aries,1965-08-21T03:39:22.500000+00:00,1965
moon,rashi,Pisces,1965-09-02T17:43:07.500000+00:00,1965
moon,rashi,Aries,1965-09-17T04:35:37.500000+00:00,1965
moon,rashi,Pisces,1965-09-29T20:48:45+00:00,1965
moon,rashi,Aries,1965-10-14T06:11:15+00:00,1965
moon,rashi,Pisces,1965-10-27T03:11:15+00:00,1965
moon,rashi,Aries,1965-11-10T12:00:00+00:00,1965
moon,rashi,Pisces,1965-11-23T11:31:52.500000+00:00,1965
moon,rashi,Aries,1965-12-07T21:28:07.500000+00:00,1965
moon,rashi,Pisces,1965-12-20T18:45:00+00:00,1965
moon,rashi,Aries,1966-01-04T07:13:07.500000+00:00,1966
moon,rashi,Pisces,1966-01-16T22:18:45+00:00,1966
moon,rashi,Aries,1966-01-31T13:18:45+00:00,1966
moon,rashi,Pisces,1966-02-12T23:03:45+00:00,1966
moon,rashi,Aries,1966-02-27T14:54:22.500000+00:00,1966
moon,rashi,Pisces,1966-03-12T01:07:30+00:00,1966
moon,rashi,Aries,1966-03-26T15:50:37.500000+00:00,1966
moon,rashi,Pisces,1966-04-08T07:24:22.500000+00:00,1966
moon,rashi,Aries,1966-04-22T19:46:52.500000+00:00,1966
moon,rashi,Pisces,1966-05-05T16:35:37.500000+00:00,1966
moon,rashi,Aries,1966-05-20T03:05:37.500000+00:00,1966
moon,rashi,Pisces,1966-06-02T01:18:45+00:00,1966
moon,rashi,Aries,1966-06-16T11:37:30+00:00,1966
moon,rashi,Pisces,1966-06-29T06:56:15+00:00,1966
moon,rashi,Aries,1966-07-13T18:22:30+00:00,1966
moon,rashi,Pisces,1966-07-26T09:00:00+00:00,1966
moon,rashi,Aries,1966-08-09T21:50:37.500000+00:00,1966
moon,rashi,Pisces,1966-08-22T09:50:37.500000+00:00,1966
moon,rashi,Aries,1966-09-05T23:15:00+00:00,1966
moon,rashi,Pisces,1966-09-18T13:41:15+00:00,1966
moon,rashi,Aries,1966-10-03T01:30:00+00:00,1966
moon,rashi,Pisces,1966-10-15T21:56:15+00:00,1966
moon,rashi,Aries,1966-10-30T06:45:00+00:00,1966
moon,rashi,Pisces,1966-11-12T08:31:52.500000+00:00,1966
moon,rashi,Aries,1966-11-26T14:15:00+00:00,1966
moon,rashi,Pisces,1966-12-09T17:20:37.500000+00:00,1966
moon,rashi,Aries,1966-12-23T21:16:52.500000+00:00,1966
moon,rashi,Pisces,1967-01-05T21:16:52.500000+00:00,1967
moon,rashi,Aries,1967-01-20T01:24:22.500000+00:00,1967
moon,rashi,Pisces,1967-02-01T21:33:45+00:00,1967
moon,rashi,Aries,1967-02-16T03:00:00+00:00,1967
moon,rashi,Pisces,1967-02-28T23:31:52.500000+00:00,1967
moon,rashi,Aries,1967-03-15T05:15:00+00:00,1967
moon,rashi,Pisces,1967-03-28T06:39:22.500000+00:00,1967
moon,rashi,Aries,1967-04-11T09:50:37.500000+00:00,1967
moon,rashi,Pisces,1967-04-24T17:15:00+00:00,1967
moon,rashi,Aries,1967-05-08T16:13:07.500000+00:00,1967
moon,rashi,Pisces,1967-05-22T03:33:45+00:00,1967
moon,rashi,Aries,1967-06-04T22:18:45+00:00,1967
moon,rashi,Pisces,1967-06-18T10:07:30+00:00,1967
moon,rashi,Aries,1967-07-02T02:31:52.500000+00:00,1967
moon,rashi,Pisces,1967-07-15T12:22:30+00:00,1967
moon,rashi,Aries,1967-07-29T04:52:30+00:00,1967
moon,rashi,Pisces,1967-08-11T13:01:52.500000+00:00,1967
moon,rashi,Aries,1967-08-25T07:13:07.500000+00:00,1967
moon,rashi,Pisces,1967-09-07T16:35:37.500000+00:00,1967
moon,rashi,Aries,1967-09-21T11:26:15+00:00,1967
moon,rashi,Pisces,1967-10-05T00:56:15+00:00,1967
moon,rashi,Aries,1967-10-18T17:26:15+00:00,1967
moon,rashi,Pisces,1967-11-01T12:11:15+00:00,1967
moon,rashi,Aries,1967-11-14T23:37:30+00:00,1967
moon,rashi,Pisces,1967-11-28T22:01:52.500000+00:00,1967
moon,rashi,Aries,1967-12-12T03:56:15+00:00,1967
moon,rashi,Pisces,1967-12-26T02:54:22.500000+00:00,1967
moon,rashi,Aries,1968-01-08T06:00:00+00:00,1968
moon,rashi,Pisces,1968-01-22T03:22:30+00:00,1968
moon,rashi,Aries,1968-02-04T08:03:45+00:00,1968
moon,rashi,Pisces,1968-02-18T04:52:30+00:00,1968
moon,rashi,Aries,1968-03-02T12:39:22.500000+00:00,1968
moon,rashi,Pisces,1968-03-16T11:15:00+00:00,1968
moon,rashi,Aries,1968-03-29T19:13:07.500000+00:00,1968
moon,rashi,Pisces,1968-04-12T21:28:07.500000+00:00,1968
moon,rashi,Aries,1968-04-26T01:46:52.500000+00:00,1968
moon,rashi,Pisces,1968-05-10T07:52:30+00:00,1968
moon,rashi,Aries,1968-05-23T06:11:15+00:00,1968
moon,rashi,Pisces,1968-06-06T14:54:22.500000+00:00,1968
moon,rashi,Aries,1968-06-19T08:20:37.500000+00:00,1968
moon,rashi,Pisces,1968-07-03T17:26:15+00:00,1968
moon,rashi,Aries,1968-07-16T10:07:30+00:00,1968
moon,rashi,Pisces,1968-07-30T18:11:15+00:00,1968
moon,rashi,Aries,1968-08-12T14:09:22.500000+00:00,1968
moon,rashi,Pisces,1968-08-26T21:11:15+00:00,1968
moon,rashi,Aries,1968-09-08T21:00:00+00:00,1968
moon,rashi,Pisces,1968-09-23T04:24:22.500000+00:00,1968
moon,rashi,Aries,1968-10-06T04:52:30+00:00,1968
moon,rashi,Pisces,1968-10-20T14:26:15+00:00,1968
moon,rashi,Aries,1968-11-02T11:03:45+00:00,1968
moon,rashi,Pisces,1968-11-16T23:37:30+00:00,1968
moon,rashi,Aries,1968-11-29T13:46:52.500000+00:00,1968
moon,rashi,Pisces,1968-12-14T04:30:00+00:00,1968
moon,rashi,Aries,1968-12-26T14:31:52.500000+00:00,1968
moon,rashi,Pisces,1969-01-10T05:20:37.500000+00:00,1969
moon,rashi,Aries,1969-01-22T17:31:52.500000+00:00,1969
moon,rashi,Pisces,1969-02-06T06:45:00+00:00,1969
moon,rashi,Aries,1969-02-19T00:39:22.500000+00:00,1969
moon,rashi,Pisces,1969-03-05T12:00:00+00:00,1969
moon,rashi,Aries,1969-03-18T09:56:15+00:00,1969
moon,rashi,Pisces,1969-04-01T20:37:30+00:00,1969
moon,rashi,Aries,1969-04-14T17:37:30+00:00,1969
moon,rashi,Pisces,1969-04-29T05:20:37.500000+00:00,1969
moon,rashi,Aries,1969-05-11T21:39:22.500000+00:00,1969
moon,rashi,Pisces,1969-05-26T11:15:00+00:00,1969
moon,rashi,Aries,1969-06-07T22:46:52.500000+00:00,1969
moon,rashi,Pisces,1969-06-22T13:35:37.500000+00:00,1969
moon,rashi,Aries,1969-07-05T00:28:07.500000+00:00,1969
moon,rashi,Pisces,1969-07-19T14:54:22.500000+00:00,1969
moon,rashi,Aries,1969-08-01T05:54:22.500000+00:00,1969
moon,rashi,Pisces,1969-08-15T18:00:00+00:00,1969
moon,rashi,Aries,1969-08-28T15:00:00+00:00,1969
moon,rashi,Pisces,1969-09-12T00:11:15+00:00,1969
moon,rashi,Aries,1969-09-25T00:50:37.500000+00:00,1969
moon,rashi,Pisces,1969-10-09T08:03:45+00:00,1969
moon,rashi,Aries,1969-10-22T08:09:22.500000+00:00,1969
moon,rashi,Pisces,1969-11-05T14:48:45+00:00,1969
moon,rashi,Aries,1969-11-18T10:46:52.500000+00:00,1969
moon,rashi,Pisces,1969-12-02T18:22:30+00:00,1969
moon,rashi,Aries,1969-12-15T11:03:45+00:00,1969
moon,rashi,Pisces,1969-12-29T19:46:52.500000+00:00,1969
moon,rashi,Aries,1970-01-11T14:15:00+00:00,1970
moon,rashi,Pisces,1970-01-25T22:07:30+00:00,1970
moon,rashi,Aries,1970-02-07T22:41:15+00:00,1970
moon,rashi,Pisces,1970-02-22T03:28:07.500000+00:00,1970
moon,rashi,Aries,1970-03-07T09:50:37.500000+00:00,1970
moon,rashi,Pisces,1970-03-21T10:18:45+00:00,1970
moon,rashi,Aries,1970-04-03T19:13:07.500000+00:00,1970
moon,rashi,Pisces,1970-04-17T16:18:45+00:00,1970
moon,rashi,Aries,1970-04-30T23:48:45+00:00,1970
moon,rashi,Pisces,1970-05-14T20:03:45+00:00,1970
moon,rashi,Aries,1970-05-28T00:45:00+00:00,1970
moon,rashi,Pisces,1970-06-10T22:07:30+00:00,1970
moon,rashi,Aries,1970-06-24T02:15:00+00:00,1970
moon,rashi,Pisces,1970-07-08T00:45:00+00:00,1970
moon,rashi,Aries,1970-07-21T07:46:52.500000+00:00,1970
moon,rashi,Pisces,1970-08-04T05:20:37.500000+00:00,1970
moon,rashi,Aries,1970-08-17T17:31:52.500000+00:00,1970
moon,rashi,Pisces,1970-08-31T11:26:15+00:00,1970
moon,rashi,Aries,1970-09-14T04:30:00+00:00,1970
moon,rashi,Pisces,1970-09-27T17:20:37.500000+00:00,1970
moon,rashi,Aries,1970-10-11T12:50:37.500000+00:00,1970
moon,rashi,Pisces,1970-10-24T21:22:30+00:00,1970
moon,rashi,Aries,1970-11-07T16:07:30+00:00,1970
moon,rashi,Pisces,1970-11-20T23:20:37.500000+00:00,1970
moon,rashi,Aries,1970-12-04T16:18:45+00:00,1970
moon,rashi,Pisces,1970-12-18T01:41:15+00:00,1970
moon,rashi,Aries,1970-12-31T18:50:37.500000+00:00,1970
moon,rashi,Pisces,1971-01-14T06:33:45+00:00,1971
moon,rashi,Aries,1971-01-28T02:48:45+00:00,1971
moon,rashi,Pisces,1971-02-10T13:13:07.500000+00:00,1971
moon,rashi,Aries,1971-02-24T14:03:45+00:00,1971
moon,rashi,Pisces,1971-03-09T19:18:45+00:00,1971
moon,rashi,Aries,1971-03-24T00:00:00+00:00,1971
moon,rashi,Pisces,1971-04-05T23:03:45+00:00,1971
moon,rashi,Aries,1971-04-20T05:15:00+00:00,1971
moon,rashi,Pisces,1971-05-03T00:50:37.500000+00:00,1971
moon,rashi,Aries,1971-05-17T06:28:07.500000+00:00,1971
moon,rashi,Pisces,1971-05-30T03:11:15+00:00,1971
moon,rashi,Aries,1971-06-13T07:41:15+00:00,1971
moon,rashi,Pisces,1971-06-26T07:58:07.500000+00:00,1971
moon,rashi,Aries,1971-07-10T12:28:07.500000+00:00,1971
moon,rashi,Pisces,1971-07-23T15:00:00+00:00,1971
moon,rashi,Aries,1971-08-06T21:11:15+00:00,1971
moon,rashi,Pisces,1971-08-19T22:07:30+00:00,1971
moon,rashi,Aries,1971-09-03T07:24:22.500000+00:00,1971
moon,rashi,Pisces,1971-09-16T03:11:15+00:00,1971
moon,rashi,Aries,1971-09-30T15:33:45+00:00,1971
moon,rashi,Pisces,1971-10-13T05:20:37.500000+00:00,1971
moon,rashi,Aries,1971-10-27T19:13:07.500000+00:00,1971
moon,rashi,Pisces,1971-11-09T06:28:07.500000+00:00,1971
moon,rashi,Aries,1971-11-23T19:41:15+00:00,1971
moon,rashi,Pisces,1971-12-06T10:18:45+00:00,1971
moon,rashi,Aries,1971-12-20T21:50:37.500000+00:00,1971
moon,rashi,Pisces,1972-01-02T18:00:00+00:00,1972
moon,rashi,Aries,1972-01-17T04:24:22.500000+00:00,1972
moon,rashi,Pisces,1972-01-30T03:00:00+00:00,1972
moon,rashi,Aries,1972-02-13T13:52:30+00:00,1972
moon,rashi,Pisces,1972-02-26T09:39:22.500000+00:00,1972
moon,rashi,Aries,1972-03-11T22:30:00+00:00,1972
moon,rashi,Pisces,1972-03-24T12:22:30+00:00,1972
moon,rashi,Aries,1972-04-08T03:16:52.500000+00:00,1972
moon,rashi,Pisces,1972-04-20T13:13:07.500000+00:00,1972
moon,rashi,Aries,1972-05-05T04:41:15+00:00,1972
moon,rashi,Pisces,1972-05-17T16:01:52.500000+00:00,1972
moon,rashi,Aries,1972-06-01T06:11:15+00:00,1972
moon,rashi,Pisces,1972-06-13T22:52:30+00:00,1972
moon,rashi,Aries,1972-06-28T10:35:37.500000+00:00,1972
moon,rashi,Pisces,1972-07-11T08:20:37.500000+00:00,1972
moon,rashi,Aries,1972-07-25T17:54:22.500000+00:00,1972
moon,rashi,Pisces,1972-08-07T17:03:45+00:00,1972
moon,rashi,Aries,1972-08-22T01:58:07.500000+00:00,1972
moon,rashi,Pisces,1972-09-03T22:30:00+00:00,1972
moon,rashi,Aries,1972-09-18T08:09:22.500000+00:00,1972
moon,rashi,Pisces,1972-10-01T00:05:37.500000+00:00,1972
moon,rashi,Aries,1972-10-15T11:03:45+00:00,1972
moon,rashi,Pisces,1972-10-28T00:50:37.500000+00:00,1972
moon,rashi,Aries,1972-11-11T12:16:52.500000+00:00,1972
moon,rashi,Pisces,1972-11-24T05:26:15+00:00,1972
moon,rashi,Aries,1972-12-08T15:05:37.500000+00:00,1972
moon,rashi,Pisces,1972-12-21T15:00:00+00:00,1972
moon,rashi,Aries,1973-01-04T21:00:00+00:00,1973
moon,rashi,Pisces,1973-01-18T02:03:45+00:00,1973
moon,rashi,Aries,1973-02-01T04:13:07.500000+00:00,1973
moon,rashi,Pisces,1973-02-14T10:13:07.500000+00:00,1973
moon,rashi,Aries,1973-02-28T10:07:30+00:00,1973
moon,rashi,Pisces,1973-03-13T13:13:07.500000+00:00,1973
moon,rashi,Aries,1973-03-27T13:13:07.500000+00:00,1973
moon,rashi,Pisces,1973-04-09T13:35:37.500000+00:00,1973
moon,rashi,Aries,1973-04-23T15:00:00+00:00,1973
moon,rashi,Pisces,1973-05-06T16:18:45+00:00,1973
moon,rashi,Aries,1973-05-20T18:00:00+00:00,1973
moon,rashi,Pisces,1973-06-02T23:48:45+00:00,1973
moon,rashi,Aries,1973-06-16T23:15:00+00:00,1973
moon,rashi,Pisces,1973-06-30T10:24:22.500000+00:00,1973
moon,rashi,Aries,1973-07-14T05:31:52.500000+00:00,1973
moon,rashi,Pisces,1973-07-27T20:26:15+00:00,1973
moon,rashi,Aries,1973-08-10T11:09:22.500000+00:00,1973
moon,rashi,Pisces,1973-08-24T02:48:45+00:00,1973
moon,rashi,Aries,1973-09-06T14:48:45+00:00,1973
moon,rashi,Pisces,1973-09-20T04:41:15+00:00,1973
moon,rashi,Aries,1973-10-03T16:52:30+00:00,1973
moon,rashi,Pisces,1973-10-17T05:09:22.500000+00:00,1973
moon,rashi,Aries,1973-10-30T19:35:37.500000+00:00,1973
moon,rashi,Pisces,1973-11-13T09:22:30+00:00,1973
moon,rashi,Aries,1973-11-27T00:28:07.500000+00:00,1973
moon,rashi,Pisces,1973-12-10T18:39:22.500000+00:00,1973
moon,rashi,Aries,1973-12-24T07:01:52.500000+00:00,1973
moon,rashi,Pisces,1974-01-07T06:16:52.500000+00:00,1974
moon,rashi,Aries,1974-01-20T12:39:22.500000+00:00,1974
moon,rashi,Pisces,1974-02-03T15:22:30+00:00,1974
moon,rashi,Aries,1974-02-16T15:56:15+00:00,1974
moon,rashi,Pisces,1974-03-02T19:01:52.500000+00:00,1974
moon,rashi,Aries,1974-03-15T17:31:52.500000+00:00,1974
moon,rashi,Pisces,1974-03-29T19:24:22.500000+00:00,1974
moon,rashi,Aries,1974-04-11T20:20:37.500000+00:00,1974
moon,rashi,Pisces,1974-04-25T21:39:22.500000+00:00,1974
moon,rashi,Aries,1974-05-09T01:52:30+00:00,1974
moon,rashi,Pisces,1974-05-23T04:24:22.500000+00:00,1974
moon,rashi,Aries,1974-06-05T09:00:00+00:00,1974
moon,rashi,Pisces,1974-06-19T14:20:37.500000+00:00,1974
moon,rashi,Aries,1974-07-02T15:28:07.500000+00:00,1974
moon,rashi,Pisces,1974-07-17T00:05:37.500000+00:00,1974
moon,rashi,Aries,1974-07-29T19:30:00+00:00,1974
moon,rashi,Pisces,1974-08-13T06:39:22.500000+00:00,1974
moon,rashi,Aries,1974-08-25T21:16:52.500000+00:00,1974
moon,rashi,Pisces,1974-09-09T08:54:22.500000+00:00,1974
moon,rashi,Aries,1974-09-21T23:03:45+00:00,1974
moon,rashi,Pisces,1974-10-06T09:33:45+00:00,1974
moon,rashi,Aries,1974-10-19T03:45:00+00:00,1974
moon,rashi,Pisces,1974-11-02T12:56:15+00:00,1974
moon,rashi,Aries,1974-11-15T11:31:52.500000+00:00,1974
moon,rashi,Pisces,1974-11-29T20:54:22.500000+00:00,1974
moon,rashi,Aries,1974-12-12T19:52:30+00:00,1974
moon,rashi,Pisces,1974-12-27T07:01:52.500000+00:00,1974
moon,rashi,Aries,1975-01-09T01:24:22.500000+00:00,1975
moon,rashi,Pisces,1975-01-23T15:16:52.500000+00:00,1975
moon,rashi,Aries,1975-02-05T03:11:15+00:00,1975
moon,rashi,Pisces,1975-02-19T18:50:37.500000+00:00,1975
moon,rashi,Aries,1975-03-04T04:01:52.500000+00:00,1975
moon,rashi,Pisces,1975-03-18T19:35:37.500000+00:00,1975
moon,rashi,Aries,1975-03-31T08:03:45+00:00,1975
moon,rashi,Pisces,1975-04-14T21:45:00+00:00,1975
moon,rashi,Aries,1975-04-27T16:07:30+00:00,1975
moon,rashi,Pisces,1975-05-12T03:28:07.500000+00:00,1975
moon,rashi,Aries,1975-05-25T01:35:37.500000+00:00,1975
moon,rashi,Pisces,1975-06-08T11:37:30+00:00,1975
moon,rashi,Aries,1975-06-21T09:05:37.500000+00:00,1975
moon,rashi,Pisces,1975-07-05T19:35:37.500000+00:00,1975
moon,rashi,Aries,1975-07-18T12:50:37.500000+00:00,1975
moon,rashi,Pisces,1975-08-02T00:45:00+00:00,1975
moon,rashi,Aries,1975-08-14T13:52:30+00:00,1975
moon,rashi,Pisces,1975-08-29T02:54:22.500000+00:00,1975
moon,rashi,Aries,1975-09-10T15:39:22.500000+00:00,1975
moon,rashi,Pisces,1975-09-25T04:18:45+00:00,1975
moon,rashi,Aries,1975-10-07T21:39:22.500000+00:00,1975
moon,rashi,Pisces,1975-10-22T07:58:07.500000+00:00,1975
moon,rashi,Aries,1975-11-04T07:35:37.500000+00:00,1975
moon,rashi,Pisces,1975-11-18T14:31:52.500000+00:00,1975
moon,rashi,Aries,1975-12-01T17:54:22.500000+00:00,1975
moon,rashi,Pisces,1975-12-15T22:07:30+00:00,1975
moon,rashi,Aries,1975-12-29T00:28:07.500000+00:00,1975
moon,rashi,Pisces,1976-01-12T03:56:15+00:00,1976
moon,rashi,Aries,1976-01-25T02:09:22.500000+00:00,1976
moon,rashi,Pisces,1976-02-08T06:28:07.500000+00:00,1976
moon,rashi,Aries,1976-02-21T02:37:30+00:00,1976
moon,rashi,Pisces,1976-03-06T08:03:45+00:00,1976
moon,rashi,Aries,1976-03-19T06:56:15+00:00,1976
moon,rashi,Pisces,1976-04-02T11:26:15+00:00,1976
moon,rashi,Aries,1976-04-15T16:13:07.500000+00:00,1976
moon,rashi,Pisces,1976-04-29T17:03:45+00:00,1976
moon,rashi,Aries,1976-05-13T03:11:15+00:00,1976
moon,rashi,Pisces,1976-05-26T23:31:52.500000+00:00,1976
moon,rashi,Aries,1976-06-09T12:00:00+00:00,1976
moon,rashi,Pisces,1976-06-23T04:46:52.500000+00:00,1976
moon,rashi,Aries,1976-07-06T16:18:45+00:00,1976
moon,rashi,Pisces,1976-07-20T07:58:07.500000+00:00,1976
moon,rashi,Aries,1976-08-02T17:15:00+00:00,1976
moon,rashi,Pisces,1976-08-16T10:01:52.500000+00:00,1976
moon,rashi,Aries,1976-08-29T18:50:37.500000+00:00,1976
moon,rashi,Pisces,1976-09-12T13:07:30+00:00,1976
moon,rashi,Aries,1976-09-26T00:45:00+00:00,1976
moon,rashi,Pisces,1976-10-09T18:22:30+00:00,1976
moon,rashi,Aries,1976-10-23T10:58:07.500000+00:00,1976
moon,rashi,Pisces,1976-11-06T00:45:00+00:00,1976
moon,rashi,Aries,1976-11-19T22:07:30+00:00,1976
moon,rashi,Pisces,1976-12-03T06:16:52.500000+00:00,1976
moon,rashi,Aries,1976-12-17T05:48:45+00:00,1976
moon,rashi,Pisces,1976-12-30T09:16:52.500000+00:00,1976
moon,rashi,Aries,1977-01-13T08:03:45+00:00,1977
moon,rashi,Pisces,1977-01-26T10:52:30+00:00,1977
moon,rashi,Aries,1977-02-09T08:15:00+00:00,1977
moon,rashi,Pisces,1977-02-22T14:03:45+00:00,1977
moon,rashi,Aries,1977-03-08T11:54:22.500000+00:00,1977
moon,rashi,Pisces,1977-03-21T19:58:07.500000+00:00,1977
moon,rashi,Aries,1977-04-04T20:31:52.500000+00:00,1977
moon,rashi,Pisces,1977-04-18T02:48:45+00:00,1977
moon,rashi,Aries,1977-05-02T07:18:45+00:00,1977
moon,rashi,Pisces,1977-05-15T08:26:15+00:00,1977
moon,rashi,Aries,1977-05-29T16:24:22.500000+00:00,1977
moon,rashi,Pisces,1977-06-11T11:37:30+00:00,1977
moon,rashi,Aries,1977-06-25T21:11:15+00:00,1977
moon,rashi,Pisces,1977-07-08T13:18:45+00:00,1977
moon,rashi,Aries,1977-07-22T22:18:45+00:00,1977
moon,rashi,Pisces,1977-08-04T15:56:15+00:00,1977
moon,rashi,Aries,1977-08-18T23:43:07.500000+00:00,1977
moon,rashi,Pisces,1977-08-31T21:22:30+00:00,1977
moon,rashi,Aries,1977-09-15T04:41:15+00:00,1977
moon,rashi,Pisces,1977-09-28T05:09:22.500000+00:00,1977
moon,rashi,Aries,1977-10-12T13:35:37.500000+00:00,1977
moon,rashi,Pisces,1977-10-25T12:33:45+00:00,1977
moon,rashi,Aries,1977-11-08T23:43:07.500000+00:00,1977
moon,rashi,Pisces,1977-11-21T17:09:22.500000+00:00,1977
moon,rashi,Aries,1977-12-06T07:07:30+00:00,1977
moon,rashi,Pisces,1977-12-18T18:28:07.500000+00:00,1977
moon,rashi,Aries,1978-01-02T09:39:22.500000+00:00,1978
moon,rashi,Pisces,1978-01-14T19:46:52.500000+00:00,1978
moon,rashi,Aries,1978-01-29T10:01:52.500000+00:00,1978
moon,rashi,Pisces,1978-02-11T00:50:37.500000+00:00,1978
moon,rashi,Aries,1978-02-25T13:13:07.500000+00:00,1978
moon,rashi,Pisces,1978-03-10T09:33:45+00:00,1978
moon,rashi,Aries,1978-03-24T20:26:15+00:00,1978
moon,rashi,Pisces,1978-04-06T18:28:07.500000+00:00,1978
moon,rashi,Aries,1978-04-21T05:26:15+00:00,1978
moon,rashi,Pisces,1978-05-04T00:33:45+00:00,1978
moon,rashi,Aries,1978-05-18T12:56:15+00:00,1978
moon,rashi,Pisces,1978-05-31T02:48:45+00:00,1978
moon,rashi,Aries,1978-06-14T17:03:45+00:00,1978
moon,rashi,Pisces,1978-06-27T03:45:00+00:00,1978
moon,rashi,Aries,1978-07-11T18:28:07.500000+00:00,1978
moon,rashi,Pisces,1978-07-24T07:01:52.500000+00:00,1978
moon,rashi,Aries,1978-08-07T20:20:37.500000+00:00,1978
moon,rashi,Pisces,1978-08-20T14:26:15+00:00,1978
moon,rashi,Aries,1978-09-04T01:01:52.500000+00:00,1978
moon,rashi,Pisces,1978-09-17T00:22:30+00:00,1978
moon,rashi,Aries,1978-10-01T08:15:00+00:00,1978
moon,rashi,Pisces,1978-10-14T09:28:07.500000+00:00,1978
moon,rashi,Aries,1978-10-28T15:56:15+00:00,1978
moon,rashi,Pisces,1978-11-10T14:31:52.500000+00:00,1978
moon,rashi,Aries,1978-11-24T21:11:15+00:00,1978
moon,rashi,Pisces,1978-12-07T15:22:30+00:00,1978
moon,rashi,Aries,1978-12-21T23:15:00+00:00,1978
moon,rashi,Pisces,1979-01-03T16:30:00+00:00,1979
moon,rashi,Aries,1979-01-18T00:45:00+00:00,1979
moon,rashi,Pisces,1979-01-30T22:18:45+00:00,1979
moon,rashi,Aries,1979-02-14T04:35:37.500000+00:00,1979
moon,rashi,Pisces,1979-02-27T08:43:07.500000+00:00,1979
moon,rashi,Aries,1979-03-13T10:58:07.500000+00:00,1979
moon,rashi,Pisces,1979-03-26T19:24:22.500000+00:00,1979
moon,rashi,Aries,1979-04-09T17:37:30+00:00,1979
moon,rashi,Pisces,1979-04-23T02:37:30+00:00,1979
moon,rashi,Aries,1979-05-06T22:35:37.500000+00:00,1979
moon,rashi,Pisces,1979-05-20T05:09:22.500000+00:00,1979
moon,rashi,Aries,1979-06-03T01:13:07.500000+00:00,1979
moon,rashi,Pisces,1979-06-16T05:43:07.500000+00:00,1979
moon,rashi,Aries,1979-06-30T03:16:52.500000+00:00,1979
moon,rashi,Pisces,1979-07-13T08:54:22.500000+00:00,1979
moon,rashi,Aries,1979-07-27T06:50:37.500000+00:00,1979
moon,rashi,Pisces,1979-08-09T16:41:15+00:00,1979
moon,rashi,Aries,1979-08-23T12:22:30+00:00,1979
moon,rashi,Pisces,1979-09-06T03:28:07.500000+00:00,1979
moon,rashi,Aries,1979-09-19T18:39:22.500000+00:00,1979
moon,rashi,Pisces,1979-10-03T13:41:15+00:00,1979
moon,rashi,Aries,1979-10-16T23:43:07.500000+00:00,1979
moon,rashi,Pisces,1979-10-30T19:41:15+00:00,1979
moon,rashi,Aries,1979-11-13T02:31:52.500000+00:00,1979
moon,rashi,Pisces,1979-11-26T20:54:22.500000+00:00,1979
moon,rashi,Aries,1979-12-10T04:18:45+00:00,1979
moon,rashi,Pisces,1979-12-23T21:33:45+00:00,1979
moon,rashi,Aries,1980-01-06T07:46:52.500000+00:00,1980
moon,rashi,Pisces,1980-01-20T02:43:07.500000+00:00,1980
moon,rashi,Aries,1980-02-02T13:52:30+00:00,1980
moon,rashi,Pisces,1980-02-16T12:45:00+00:00,1980
moon,rashi,Aries,1980-02-29T20:31:52.500000+00:00,1980
moon,rashi,Pisces,1980-03-14T23:54:22.500000+00:00,1980
moon,rashi,Aries,1980-03-28T01:35:37.500000+00:00,1980
moon,rashi,Pisces,1980-04-11T07:41:15+00:00,1980
moon,rashi,Aries,1980-04-24T04:13:07.500000+00:00,1980
moon,rashi,Pisces,1980-05-08T10:41:15+00:00,1980
moon,rashi,Aries,1980-05-21T05:54:22.500000+00:00,1980
moon,rashi,Pisces,1980-06-04T11:20:37.500000+00:00,1980
moon,rashi,Aries,1980-06-17T09:16:52.500000+00:00,1980
moon,rashi,Pisces,1980-07-01T13:58:07.500000+00:00,1980
moon,rashi,Aries,1980-07-14T15:28:07.500000+00:00,1980
moon,rashi,Pisces,1980-07-28T20:48:45+00:00,1980
moon,rashi,Aries,1980-08-10T22:52:30+00:00,1980
moon,rashi,Pisces,1980-08-25T06:39:22.500000+00:00,1980
moon,rashi,Aries,1980-09-07T05:15:00+00:00,1980
moon,rashi,Pisces,1980-09-21T16:18:45+00:00,1980
moon,rashi,Aries,1980-10-04T08:48:45+00:00,1980
moon,rashi,Pisces,1980-10-18T22:24:22.500000+00:00,1980
moon,rashi,Aries,1980-10-31T10:01:52.500000+00:00,1980
moon,rashi,Pisces,1980-11-15T00:00:00+00:00,1980
moon,rashi,Aries,1980-11-27T12:05:37.500000+00:00,1980
moon,rashi,Pisces,1980-12-12T00:39:22.500000+00:00,1980
moon,rashi,Aries,1980-12-24T17:54:22.500000+00:00,1980
moon,rashi,Pisces,1981-01-08T04:52:30+00:00,1981
moon,rashi,Aries,1981-01-21T02:48:45+00:00,1981
moon,rashi,Pisces,1981-02-04T13:18:45+00:00,1981
moon,rashi,Aries,1981-02-17T11:03:45+00:00,1981
moon,rashi,Pisces,1981-03-03T22:46:52.500000+00:00,1981
moon,rashi,Aries,1981-03-16T15:50:37.500000+00:00,1981
moon,rashi,Pisces,1981-03-31T05:37:30+00:00,1981
moon,rashi,Aries,1981-04-12T17:09:22.500000+00:00,1981
moon,rashi,Pisces,1981-04-27T08:26:15+00:00,1981
moon,rashi,Aries,1981-05-09T18:28:07.500000+00:00,1981
moon,rashi,Pisces,1981-05-24T09:28:07.500000+00:00,1981
moon,rashi,Aries,1981-06-05T23:15:00+00:00,1981
moon,rashi,Pisces,1981-06-20T12:16:52.500000+00:00,1981
moon,rashi,Aries,1981-07-03T07:41:15+00:00,1981
moon,rashi,Pisces,1981-07-17T18:11:15+00:00,1981
moon,rashi,Aries,1981-07-30T17:15:00+00:00,1981
moon,rashi,Pisces,1981-08-14T02:09:22.500000+00:00,1981
moon,rashi,Aries,1981-08-27T00:45:00+00:00,1981
moon,rashi,Pisces,1981-09-10T09:33:45+00:00,1981
moon,rashi,Aries,1981-09-23T04:13:07.500000+00:00,1981
moon,rashi,Pisces,1981-10-07T14:09:22.500000+00:00,1981
moon,rashi,Aries,1981-10-20T04:46:52.500000+00:00,1981
moon,rashi,Pisces,1981-11-03T15:50:37.500000+00:00,1981
moon,rashi,Aries,1981-11-16T06:56:15+00:00,1981
moon,rashi,Pisces,1981-11-30T17:31:52.500000+00:00,1981
moon,rashi,Aries,1981-12-13T14:09:22.500000+00:00,1981
moon,rashi,Pisces,1981-12-27T21:50:37.500000+00:00,1981
moon,rashi,Aries,1982-01-10T01:01:52.500000+00:00,1982
moon,rashi,Pisces,1982-01-24T04:41:15+00:00,1982
moon,rashi,Aries,1982-02-06T11:15:00+00:00,1982
moon,rashi,Pisces,1982-02-20T11:31:52.500000+00:00,1982
moon,rashi,Aries,1982-03-05T16:46:52.500000+00:00,1982
moon,rashi,Pisces,1982-03-19T16:01:52.500000+00:00,1982
moon,rashi,Aries,1982-04-01T18:00:00+00:00,1982
moon,rashi,Pisces,1982-04-15T18:11:15+00:00,1982
moon,rashi,Aries,1982-04-28T18:56:15+00:00,1982
moon,rashi,Pisces,1982-05-12T20:20:37.500000+00:00,1982
moon,rashi,Aries,1982-05-26T00:00:00+00:00,1982
moon,rashi,Pisces,1982-06-09T00:28:07.500000+00:00,1982
moon,rashi,Aries,1982-06-22T09:16:52.500000+00:00,1982
moon,rashi,Pisces,1982-07-06T06:22:30+00:00,1982
moon,rashi,Aries,1982-07-19T20:03:45+00:00,1982
moon,rashi,Pisces,1982-08-02T12:33:45+00:00,1982
moon,rashi,Aries,1982-08-16T04:41:15+00:00,1982
moon,rashi,Pisces,1982-08-29T17:20:37.500000+00:00,1982
moon,rashi,Aries,1982-09-12T08:43:07.500000+00:00,1982
moon,rashi,Pisces,1982-09-25T19:58:07.500000+00:00,1982
moon,rashi,Aries,1982-10-09T09:22:30+00:00,1982
moon,rashi,Pisces,1982-10-22T22:01:52.500000+00:00,1982
moon,rashi,Aries,1982-11-05T11:09:22.500000+00:00,1982
moon,rashi,Pisces,1982-11-19T01:46:52.500000+00:00,1982
moon,rashi,Aries,1982-12-02T17:54:22.500000+00:00,1982
moon,rashi,Pisces,1982-12-16T07:46:52.500000+00:00,1982
moon,rashi,Aries,1982-12-30T04:58:07.500000+00:00,1982
moon,rashi,Pisces,1983-01-12T14:09:22.500000+00:00,1983
moon,rashi,Aries,1983-01-26T15:56:15+00:00,1983
moon,rashi,Pisces,1983-02-08T18:39:22.500000+00:00,1983
moon,rashi,Aries,1983-02-22T22:24:22.500000+00:00,1983
moon,rashi,Pisces,1983-03-07T20:48:45+00:00,1983
moon,rashi,Aries,1983-03-21T23:54:22.500000+00:00,1983
moon,rashi,Pisces,1983-04-03T22:41:15+00:00,1983
moon,rashi,Aries,1983-04-18T00:33:45+00:00,1983
moon,rashi,Pisces,1983-05-01T02:54:22.500000+00:00,1983
moon,rashi,Aries,1983-05-15T04:58:07.500000+00:00,1983
moon,rashi,Pisces,1983-05-28T09:28:07.500000+00:00,1983
moon,rashi,Aries,1983-06-11T13:30:00+00:00,1983
moon,rashi,Pisces,1983-06-24T16:30:00+00:00,1983
moon,rashi,Aries,1983-07-08T23:43:07.500000+00:00,1983
moon,rashi,Pisces,1983-07-21T21:56:15+00:00,1983
moon,rashi,Aries,1983-08-05T08:20:37.500000+00:00,1983
moon,rashi,Pisces,1983-08-18T00:45:00+00:00,1983
moon,rashi,Aries,1983-09-01T12:39:22.500000+00:00,1983
moon,rashi,Pisces,1983-09-14T02:09:22.500000+00:00,1983
moon,rashi,Aries,1983-09-28T13:35:37.500000+00:00,1983
moon,rashi,Pisces,1983-10-11T05:03:45+00:00,1983
moon,rashi,Aries,1983-10-25T15:05:37.500000+00:00,1983
moon,rashi,Pisces,1983-11-07T11:31:52.500000+00:00,1983
moon,rashi,Aries,1983-11-21T20:48:45+00:00,1983
moon,rashi,Pisces,1983-12-04T20:03:45+00:00,1983
moon,rashi,Aries,1983-12-19T06:11:15+00:00,1983
moon,rashi,Pisces,1984-01-01T03:22:30+00:00,1984
moon,rashi,Aries,1984-01-15T15:50:37.500000+00:00,1984
moon,rashi,Pisces,1984-01-28T06:56:15+00:00,1984
moon,rashi,Aries,1984-02-11T21:56:15+00:00,1984
moon,rashi,Pisces,1984-02-24T07:41:15+00:00,1984
moon,rashi,Aries,1984-03-09T23:37:30+00:00,1984
moon,rashi,Pisces,1984-03-22T09:45:00+00:00,1984
moon,rashi,Aries,1984-04-06T00:33:45+00:00,1984
moon,rashi,Pisces,1984-04-18T15:56:15+00:00,1984
moon,rashi,Aries,1984-05-03T04:24:22.500000+00:00,1984
moon,rashi,Pisces,1984-05-16T01:07:30+00:00,1984
moon,rashi,Aries,1984-05-30T11:37:30+00:00,1984
moon,rashi,Pisces,1984-06-12T10:01:52.500000+00:00,1984
moon,rashi,Aries,1984-06-26T19:58:07.500000+00:00,1984
moon,rashi,Pisces,1984-07-09T15:50:37.500000+00:00,1984
moon,rashi,Aries,1984-07-24T02:43:07.500000+00:00,1984
moon,rashi,Pisces,1984-08-05T17:54:22.500000+00:00,1984
moon,rashi,Aries,1984-08-20T06:16:52.500000+00:00,1984
moon,rashi,Pisces,1984-09-01T18:45:00+00:00,1984
moon,rashi,Aries,1984-09-16T07:41:15+00:00,1984
moon,rashi,Pisces,1984-09-28T22:24:22.500000+00:00,1984
moon,rashi,Aries,1984-10-13T09:56:15+00:00,1984
moon,rashi,Pisces,1984-10-26T06:39:22.500000+00:00,1984
moon,rashi,Aries,1984-11-09T15:05:37.500000+00:00,1984
moon,rashi,Pisces,1984-11-22T17:20:37.500000+00:00,1984
moon,rashi,Aries,1984-12-06T22:30:00+00:00,1984
moon,rashi,Pisces,1984-12-20T02:20:37.500000+00:00,1984
moon,rashi,Aries,1985-01-03T05:26:15+00:00,1985
moon,rashi,Pisces,1985-01-16T06:22:30+00:00,1985
moon,rashi,Aries,1985-01-30T09:33:45+00:00,1985
moon,rashi,Pisces,1985-02-12T06:39:22.500000+00:00,1985
moon,rashi,Aries,1985-02-26T11:15:00+00:00,1985
moon,rashi,Pisces,1985-03-11T08:37:30+00:00,1985
moon,rashi,Aries,1985-03-25T13:30:00+00:00,1985
moon,rashi,Pisces,1985-04-07T15:33:45+00:00,1985
moon,rashi,Aries,1985-04-21T18:05:37.500000+00:00,1985
moon,rashi,Pisces,1985-05-05T02:03:45+00:00,1985
moon,rashi,Aries,1985-05-19T00:22:30+00:00,1985
moon,rashi,Pisces,1985-06-01T12:28:07.500000+00:00,1985
moon,rashi,Aries,1985-06-15T06:28:07.500000+00:00,1985
moon,rashi,Pisces,1985-06-28T19:13:07.500000+00:00,1985
moon,rashi,Aries,1985-07-12T10:41:15+00:00,1985
moon,rashi,Pisces,1985-07-25T21:33:45+00:00,1985
moon,rashi,Aries,1985-08-08T13:01:52.500000+00:00,1985
moon,rashi,Pisces,1985-08-21T22:13:07.500000+00:00,1985
moon,rashi,Aries,1985-09-04T15:22:30+00:00,1985
moon,rashi,Pisces,1985-09-18T01:35:37.500000+00:00,1985
moon,rashi,Aries,1985-10-01T19:35:37.500000+00:00,1985
moon,rashi,Pisces,1985-10-15T09:50:37.500000+00:00,1985
moon,rashi,Aries,1985-10-29T01:35:37.500000+00:00,1985
moon,rashi,Pisces,1985-11-11T21:05:37.500000+00:00,1985
moon,rashi,Aries,1985-11-25T07:46:52.500000+00:00,1985
moon,rashi,Pisces,1985-12-09T07:07:30+00:00,1985
moon,rashi,Aries,1985-12-22T12:05:37.500000+00:00,1985
moon,rashi,Pisces,1986-01-05T12:05:37.500000+00:00,1986
moon,rashi,Aries,1986-01-18T14:03:45+00:00,1986
moon,rashi,Pisces,1986-02-01T12:33:45+00:00,1986
moon,rashi,Aries,1986-02-14T16:07:30+00:00,1986
moon,rashi,Pisces,1986-02-28T13:58:07.500000+00:00,1986
moon,rashi,Aries,1986-03-13T20:48:45+00:00,1986
moon,rashi,Pisces,1986-03-27T20:09:22.500000+00:00,1986
moon,rashi,Aries,1986-04-10T03:28:07.500000+00:00,1986
moon,rashi,Pisces,1986-04-24T06:16:52.500000+00:00,1986
moon,rashi,Aries,1986-05-07T10:01:52.500000+00:00,1986
moon,rashi,Pisces,1986-05-21T16:41:15+00:00,1986
moon,rashi,Aries,1986-06-03T14:31:52.500000+00:00,1986
moon,rashi,Pisces,1986-06-17T23:48:45+00:00,1986
moon,rashi,Aries,1986-06-30T16:41:15+00:00,1986
moon,rashi,Pisces,1986-07-15T02:31:52.500000+00:00,1986
moon,rashi,Aries,1986-07-27T18:22:30+00:00,1986
moon,rashi,Pisces,1986-08-11T03:11:15+00:00,1986
moon,rashi,Aries,1986-08-23T22:18:45+00:00,1986
moon,rashi,Pisces,1986-09-07T06:00:00+00:00,1986
moon,rashi,Aries,1986-09-20T05:15:00+00:00,1986
moon,rashi,Pisces,1986-10-04T13:07:30+00:00,1986
moon,rashi,Aries,1986-10-17T13:18:45+00:00,1986
moon,rashi,Pisces,1986-10-31T23:03:45+00:00,1986
moon,rashi,Aries,1986-11-13T19:35:37.500000+00:00,1986
moon,rashi,Pisces,1986-11-28T08:20:37.500000+00:00,1986
moon,rashi,Aries,1986-12-10T22:18:45+00:00,1986
moon,rashi,Pisces,1986-12-25T13:13:07.500000+00:00,1986
moon,rashi,Aries,1987-01-06T23:03:45+00:00,1987
moon,rashi,Pisces,1987-01-21T14:09:22.500000+00:00,1987
moon,rashi,Aries,1987-02-03T01:58:07.500000+00:00,1987
moon,rashi,Pisces,1987-02-17T15:28:07.500000+00:00,1987
moon,rashi,Aries,1987-03-02T09:11:15+00:00,1987
moon,rashi,Pisces,1987-03-16T20:43:07.500000+00:00,1987
moon,rashi,Aries,1987-03-29T18:28:07.500000+00:00,1987
moon,rashi,Pisces,1987-04-13T05:03:45+00:00,1987
moon,rashi,Aries,1987-04-26T02:20:37.500000+00:00,1987
moon,rashi,Pisces,1987-05-10T13:41:15+00:00,1987
moon,rashi,Aries,1987-05-23T06:28:07.500000+00:00,1987
moon,rashi,Pisces,1987-06-06T19:35:37.500000+00:00,1987
moon,rashi,Aries,1987-06-19T07:35:37.500000+00:00,1987
moon,rashi,Pisces,1987-07-03T22:07:30+00:00,1987
moon,rashi,Aries,1987-07-16T09:11:15+00:00,1987
moon,rashi,Pisces,1987-07-30T23:26:15+00:00,1987
moon,rashi,Aries,1987-08-12T14:31:52.500000+00:00,1987
moon,rashi,Pisces,1987-08-27T02:26:15+00:00,1987
moon,rashi,Aries,1987-09-08T23:31:52.500000+00:00,1987
moon,rashi,Pisces,1987-09-23T08:31:52.500000+00:00,1987
moon,rashi,Aries,1987-10-06T09:39:22.500000+00:00,1987
moon,rashi,Pisces,1987-10-20T16:18:45+00:00,1987
moon,rashi,Aries,1987-11-02T17:03:45+00:00,1987
moon,rashi,Pisces,1987-11-16T23:03:45+00:00,1987
moon,rashi,Aries,1987-11-29T19:46:52.500000+00:00,1987
moon,rashi,Pisces,1987-12-14T02:37:30+00:00,1987
moon,rashi,Aries,1987-12-26T20:03:45+00:00,1987
moon,rashi,Pisces,1988-01-10T03:56:15+00:00,1988
moon,rashi,Aries,1988-01-22T23:09:22.500000+00:00,1988
moon,rashi,Pisces,1988-02-06T06:22:30+00:00,1988
moon,rashi,Aries,1988-02-19T07:35:37.500000+00:00,1988
moon,rashi,Pisces,1988-03-04T11:43:07.500000+00:00,1988
moon,rashi,Aries,1988-03-17T18:39:22.500000+00:00,1988
moon,rashi,Pisces,1988-03-31T18:28:07.500000+00:00,1988
moon,rashi,Aries,1988-04-14T04:07:30+00:00,1988
moon,rashi,Pisces,1988-04-28T00:28:07.500000+00:00,1988
moon,rashi,Aries,1988-05-11T08:54:22.500000+00:00,1988
moon,rashi,Pisces,1988-05-25T04:07:30+00:00,1988
moon,rashi,Aries,1988-06-07T09:56:15+00:00,1988
moon,rashi,Pisces,1988-06-21T06:16:52.500000+00:00,1988
moon,rashi,Aries,1988-07-04T11:20:37.500000+00:00,1988
moon,rashi,Pisces,1988-07-18T08:54:22.500000+00:00,1988
moon,rashi,Aries,1988-07-31T16:41:15+00:00,1988
moon,rashi,Pisces,1988-08-14T13:30:00+00:00,1988
moon,rashi,Aries,1988-08-28T02:15:00+00:00,1988
moon,rashi,Pisces,1988-09-10T19:35:37.500000+00:00,1988
moon,rashi,Aries,1988-09-24T13:18:45+00:00,1988
moon,rashi,Pisces,1988-10-08T01:30:00+00:00,1988
moon,rashi,Aries,1988-10-21T21:50:37.500000+00:00,1988
moon,rashi,Pisces,1988-11-04T05:26:15+00:00,1988
moon,rashi,Aries,1988-11-18T01:18:45+00:00,1988
moon,rashi,Pisces,1988-12-01T07:18:45+00:00,1988
moon,rashi,Aries,1988-12-15T01:30:00+00:00,1988
moon,rashi,Pisces,1988-12-28T09:45:00+00:00,1988
moon,rashi,Aries,1989-01-11T03:56:15+00:00,1989
moon,rashi,Pisces,1989-01-24T14:37:30+00:00,1989
moon,rashi,Aries,1989-02-07T11:48:45+00:00,1989
moon,rashi,Pisces,1989-02-20T21:22:30+00:00,1989
moon,rashi,Aries,1989-03-06T22:52:30+00:00,1989
moon,rashi,Pisces,1989-03-20T03:28:07.500000+00:00,1989
moon,rashi,Aries,1989-04-03T08:48:45+00:00,1989
moon,rashi,Pisces,1989-04-16T07:13:07.500000+00:00,1989
moon,rashi,Aries,1989-04-30T14:15:00+00:00,1989
moon,rashi,Pisces,1989-05-13T09:05:37.500000+00:00,1989
moon,rashi,Aries,1989-05-27T15:33:45+00:00,1989
moon,rashi,Pisces,1989-06-09T11:20:37.500000+00:00,1989
moon,rashi,Aries,1989-06-23T16:41:15+00:00,1989
moon,rashi,Pisces,1989-07-06T16:07:30+00:00,1989
moon,rashi,Aries,1989-07-20T21:16:52.500000+00:00,1989
moon,rashi,Pisces,1989-08-02T23:15:00+00:00,1989
moon,rashi,Aries,1989-08-17T05:48:45+00:00,1989
moon,rashi,Pisces,1989-08-30T06:28:07.500000+00:00,1989
moon,rashi,Aries,1989-09-13T16:01:52.500000+00:00,1989
moon,rashi,Pisces,1989-09-26T11:37:30+00:00,1989
moon,rashi,Aries,1989-10-11T00:16:52.500000+00:00,1989
moon,rashi,Pisces,1989-10-23T13:46:52.500000+00:00,1989
moon,rashi,Aries,1989-11-07T04:01:52.500000+00:00,1989
moon,rashi,Pisces,1989-11-19T14:48:45+00:00,1989
moon,rashi,Aries,1989-12-04T04:30:00+00:00,1989
moon,rashi,Pisces,1989-12-16T18:39:22.500000+00:00,1989
moon,rashi,Aries,1989-12-31T06:33:45+00:00,1989
moon,rashi,Pisces,1990-01-13T02:26:15+00:00,1990
moon,rashi,Aries,1990-01-27T13:01:52.500000+00:00,1990
moon,rashi,Pisces,1990-02-09T11:31:52.500000+00:00,1990
moon,rashi,Aries,1990-02-23T22:24:22.500000+00:00,1990
moon,rashi,Pisces,1990-03-08T18:16:52.500000+00:00,1990
moon,rashi,Aries,1990-03-23T06:56:15+00:00,1990
moon,rashi,Pisces,1990-04-04T21:05:37.500000+00:00,1990
moon,rashi,Aries,1990-04-19T11:43:07.500000+00:00,1990
moon,rashi,Pisces,1990-05-01T21:56:15+00:00,1990
moon,rashi,Aries,1990-05-16T13:13:07.500000+00:00,1990
moon,rashi,Pisces,1990-05-29T00:39:22.500000+00:00,1990
moon,rashi,Aries,1990-06-12T14:43:07.500000+00:00,1990
moon,rashi,Pisces,1990-06-25T07:24:22.500000+00:00,1990
moon,rashi,Aries,1990-07-09T19:01:52.500000+00:00,1990
moon,rashi,Pisces,1990-07-22T16:52:30+00:00,1990
moon,rashi,Aries,1990-08-06T02:09:22.500000+00:00,1990
moon,rashi,Pisces,1990-08-19T01:46:52.500000+00:00,1990
moon,rashi,Aries,1990-09-02T10:13:07.500000+00:00,1990
moon,rashi,Pisces,1990-09-15T07:24:22.500000+00:00,1990
moon,rashi,Aries,1990-09-29T16:24:22.500000+00:00,1990
moon,rashi,Pisces,1990-10-12T09:05:37.500000+00:00,1990
moon,rashi,Aries,1990-10-26T19:18:45+00:00,1990
moon,rashi,Pisces,1990-11-08T09:45:00+00:00,1990
moon,rashi,Aries,1990-11-22T20:31:52.500000+00:00,1990
moon,rashi,Pisces,1990-12-05T14:15:00+00:00,1990
moon,rashi,Aries,1990-12-19T23:26:15+00:00,1990
moon,rashi,Pisces,1991-01-01T23:48:45+00:00,1991
moon,rashi,Aries,1991-01-16T05:15:00+00:00,1991
moon,rashi,Pisces,1991-01-29T10:58:07.500000+00:00,1991
moon,rashi,Aries,1991-02-12T12:22:30+00:00,1991
moon,rashi,Pisces,1991-02-25T19:13:07.500000+00:00,1991
moon,rashi,Aries,1991-03-11T18:11:15+00:00,1991
moon,rashi,Pisces,1991-03-24T22:18:45+00:00,1991
moon,rashi,Aries,1991-04-07T21:16:52.500000+00:00,1991
moon,rashi,Pisces,1991-04-20T22:41:15+00:00,1991
moon,rashi,Aries,1991-05-04T23:09:22.500000+00:00,1991
moon,rashi,Pisces,1991-05-18T01:18:45+00:00,1991
moon,rashi,Aries,1991-06-01T02:09:22.500000+00:00,1991
moon,rashi,Pisces,1991-06-14T08:37:30+00:00,1991
moon,rashi,Aries,1991-06-28T07:18:45+00:00,1991
moon,rashi,Pisces,1991-07-11T19:07:30+00:00,1991
moon,rashi,Aries,1991-07-25T13:35:37.500000+00:00,1991
moon,rashi,Pisces,1991-08-08T05:15:00+00:00,1991
moon,rashi,Aries,1991-08-21T19:13:07.500000+00:00,1991
moon,rashi,Pisces,1991-09-04T11:54:22.500000+00:00,1991
moon,rashi,Aries,1991-09-17T22:52:30+00:00,1991
moon,rashi,Pisces,1991-10-01T13:52:30+00:00,1991
moon,rashi,Aries,1991-10-15T00:50:37.500000+00:00,1991
moon,rashi,Pisces,1991-10-28T14:20:37.500000+00:00,1991
moon,rashi,Aries,1991-11-11T03:33:45+00:00,1991
moon,rashi,Pisces,1991-11-24T18:16:52.500000+00:00,1991
moon,rashi,Aries,1991-12-08T08:37:30+00:00,1991
moon,rashi,Pisces,1991-12-22T03:33:45+00:00,1991
moon,rashi,Aries,1992-01-04T15:11:15+00:00,1992
moon,rashi,Pisces,1992-01-18T15:11:15+00:00,1992
moon,rashi,Aries,1992-01-31T20:48:45+00:00,1992
moon,rashi,Pisces,1992-02-15T00:16:52.500000+00:00,1992
moon,rashi,Aries,1992-02-28T00:00:00+00:00,1992
moon,rashi,Pisces,1992-03-13T04:07:30+00:00,1992
moon,rashi,Aries,1992-03-26T01:35:37.500000+00:00,1992
moon,rashi,Pisces,1992-04-09T04:35:37.500000+00:00,1992
moon,rashi,Aries,1992-04-22T04:30:00+00:00,1992
moon,rashi,Pisces,1992-05-06T06:39:22.500000+00:00,1992
moon,rashi,Aries,1992-05-19T10:01:52.500000+00:00,1992
moon,rashi,Pisces,1992-06-02T13:07:30+00:00,1992
moon,rashi,Aries,1992-06-15T17:09:22.500000+00:00,1992
moon,rashi,Pisces,1992-06-29T22:58:07.500000+00:00,1992
moon,rashi,Aries,1992-07-12T23:43:07.500000+00:00,1992
moon,rashi,Pisces,1992-07-27T08:48:45+00:00,1992
moon,rashi,Aries,1992-08-09T03:50:37.500000+00:00,1992
moon,rashi,Pisces,1992-08-23T15:28:07.500000+00:00,1992
moon,rashi,Aries,1992-09-05T05:37:30+00:00,1992
moon,rashi,Pisces,1992-09-19T17:48:45+00:00,1992
moon,rashi,Aries,1992-10-02T07:18:45+00:00,1992
moon,rashi,Pisces,1992-10-16T18:22:30+00:00,1992
moon,rashi,Aries,1992-10-29T12:00:00+00:00,1992
moon,rashi,Pisces,1992-11-12T21:45:00+00:00,1992
moon,rashi,Aries,1992-11-25T19:52:30+00:00,1992
moon,rashi,Pisces,1992-12-10T05:31:52.500000+00:00,1992
moon,rashi,Aries,1992-12-23T04:18:45+00:00,1992
moon,rashi,Pisces,1993-01-06T15:33:45+00:00,1993
moon,rashi,Aries,1993-01-19T09:56:15+00:00,1993
moon,rashi,Pisces,1993-02-02T23:43:07.500000+00:00,1993
moon,rashi,Aries,1993-02-15T11:43:07.500000+00:00,1993
moon,rashi,Pisces,1993-03-02T03:22:30+00:00,1993
moon,rashi,Aries,1993-03-14T12:33:45+00:00,1993
moon,rashi,Pisces,1993-03-29T04:13:07.500000+00:00,1993
moon,rashi,Aries,1993-04-10T16:35:37.500000+00:00,1993
moon,rashi,Pisces,1993-04-25T06:22:30+00:00,1993
moon,rashi,Aries,1993-05-08T00:39:22.500000+00:00,1993
moon,rashi,Pisces,1993-05-22T11:54:22.500000+00:00,1993
moon,rashi,Aries,1993-06-04T10:07:30+00:00,1993
moon,rashi,Pisces,1993-06-18T19:58:07.500000+00:00,1993
moon,rashi,Aries,1993-07-01T17:48:45+00:00,1993
moon,rashi,Pisces,1993-07-16T03:50:37.500000+00:00,1993
moon,rashi,Aries,1993-07-28T21:45:00+00:00,1993
moon,rashi,Pisces,1993-08-12T09:05:37.500000+00:00,1993
moon,rashi,Aries,1993-08-24T22:41:15+00:00,1993
moon,rashi,Pisces,1993-09-08T11:15:00+00:00,1993
moon,rashi,Aries,1993-09-21T00:22:30+00:00,1993
moon,rashi,Pisces,1993-10-05T12:39:22.500000+00:00,1993
moon,rashi,Aries,1993-10-18T06:22:30+00:00,1993
moon,rashi,Pisces,1993-11-01T16:18:45+00:00,1993
moon,rashi,Aries,1993-11-14T16:18:45+00:00,1993
moon,rashi,Pisces,1993-11-28T22:46:52.500000+00:00,1993
moon,rashi,Aries,1993-12-12T02:43:07.500000+00:00,1993
moon,rashi,Pisces,1993-12-26T06:22:30+00:00,1993
moon,rashi,Aries,1994-01-08T09:28:07.500000+00:00,1994
moon,rashi,Pisces,1994-01-22T12:00:00+00:00,1994
moon,rashi,Aries,1994-02-04T11:15:00+00:00,1994
moon,rashi,Pisces,1994-02-18T14:31:52.500000+00:00,1994
moon,rashi,Aries,1994-03-03T11:37:30+00:00,1994
moon,rashi,Pisces,1994-03-17T16:07:30+00:00,1994
moon,rashi,Aries,1994-03-30T15:50:37.500000+00:00,1994
moon,rashi,Pisces,1994-04-13T19:35:37.500000+00:00,1994
moon,rashi,Aries,1994-04-27T00:56:15+00:00,1994
moon,rashi,Pisces,1994-05-11T01:13:07.500000+00:00,1994
moon,rashi,Aries,1994-05-24T11:54:22.500000+00:00,1994
moon,rashi,Pisces,1994-06-07T07:35:37.500000+00:00,1994
moon,rashi,Aries,1994-06-20T20:54:22.500000+00:00,1994
moon,rashi,Pisces,1994-07-04T12:50:37.500000+00:00,1994
moon,rashi,Aries,1994-07-18T01:30:00+00:00,1994
moon,rashi,Pisces,1994-07-31T16:01:52.500000+00:00,1994
moon,rashi,Aries,1994-08-14T02:26:15+00:00,1994
moon,rashi,Pisces,1994-08-27T18:05:37.500000+00:00,1994
moon,rashi,Aries,1994-09-10T03:50:37.500000+00:00,1994
moon,rashi,Pisces,1994-09-23T21:11:15+00:00,1994
moon,rashi,Aries,1994-10-07T09:33:45+00:00,1994
moon,rashi,Pisces,1994-10-21T02:31:52.500000+00:00,1994
moon,rashi,Aries,1994-11-03T19:46:52.500000+00:00,1994
moon,rashi,Pisces,1994-11-17T08:54:22.500000+00:00,1994
moon,rashi,Aries,1994-12-01T07:01:52.500000+00:00,1994
moon,rashi,Pisces,1994-12-14T14:20:37.500000+00:00,1994
moon,rashi,Aries,1994-12-28T14:48:45+00:00,1994
moon,rashi,Pisces,1995-01-10T17:15:00+00:00,1995
moon,rashi,Aries,1995-01-24T17:09:22.500000+00:00,1995
moon,rashi,Pisces,1995-02-06T18:56:15+00:00,1995
moon,rashi,Aries,1995-02-20T17:26:15+00:00,1995
moon,rashi,Pisces,1995-03-05T22:07:30+00:00,1995
moon,rashi,Aries,1995-03-19T20:54:22.500000+00:00,1995
moon,rashi,Pisces,1995-04-02T04:07:30+00:00,1995
moon,rashi,Aries,1995-04-16T05:20:37.500000+00:00,1995
moon,rashi,Pisces,1995-04-29T11:03:45+00:00,1995
moon,rashi,Aries,1995-05-13T16:01:52.500000+00:00,1995
moon,rashi,Pisces,1995-05-26T16:46:52.500000+00:00,1995
moon,rashi,Aries,1995-06-10T01:07:30+00:00,1995
moon,rashi,Pisces,1995-06-22T19:58:07.500000+00:00,1995
moon,rashi,Aries,1995-07-07T06:05:37.500000+00:00,1995
moon,rashi,Pisces,1995-07-19T21:33:45+00:00,1995
moon,rashi,Aries,1995-08-03T07:18:45+00:00,1995
moon,rashi,Pisces,1995-08-16T00:05:37.500000+00:00,1995
moon,rashi,Aries,1995-08-30T08:37:30+00:00,1995
moon,rashi,Pisces,1995-09-12T05:37:30+00:00,1995
moon,rashi,Aries,1995-09-26T13:24:22.500000+00:00,1995
moon,rashi,Pisces,1995-10-09T13:30:00+00:00,1995
moon,rashi,Aries,1995-10-23T22:18:45+00:00,1995
moon,rashi,Pisces,1995-11-05T21:00:00+00:00,1995
moon,rashi,Aries,1995-11-20T08:26:15+00:00,1995
moon,rashi,Pisces,1995-12-03T01:41:15+00:00,1995
moon,rashi,Aries,1995-12-17T15:45:00+00:00,1995
moon,rashi,Pisces,1995-12-30T02:54:22.500000+00:00,1995
moon,rashi,Aries,1996-01-13T18:16:52.500000+00:00,1996
moon,rashi,Pisces,1996-01-26T04:13:07.500000+00:00,1996
moon,rashi,Aries,1996-02-09T18:50:37.500000+00:00,1996
moon,rashi,Pisces,1996-02-22T09:22:30+00:00,1996
moon,rashi,Aries,1996-03-07T21:50:37.500000+00:00,1996
moon,rashi,Pisces,1996-03-20T18:00:00+00:00,1996
moon,rashi,Aries,1996-04-04T04:58:07.500000+00:00,1996
moon,rashi,Pisces,1996-04-17T03:05:37.500000+00:00,1996
moon,rashi,Aries,1996-05-01T13:46:52.500000+00:00,1996
moon,rashi,Pisces,1996-05-14T09:16:52.500000+00:00,1996
moon,rashi,Aries,1996-05-28T21:16:52.500000+00:00,1996
moon,rashi,Pisces,1996-06-10T11:43:07.500000+00:00,1996
moon,rashi,Aries,1996-06-25T01:30:00+00:00,1996
moon,rashi,Pisces,1996-07-07T12:33:45+00:00,1996
moon,rashi,Aries,1996-07-22T03:00:00+00:00,1996
moon,rashi,Pisces,1996-08-03T15:39:22.500000+00:00,1996
moon,rashi,Aries,1996-08-18T04:52:30+00:00,1996
moon,rashi,Pisces,1996-08-30T22:58:07.500000+00:00,1996
moon,rashi,Aries,1996-09-14T09:22:30+00:00,1996
moon,rashi,Pisces,1996-09-27T09:05:37.500000+00:00,1996
moon,rashi,Aries,1996-10-11T16:30:00+00:00,1996
moon,rashi,Pisces,1996-10-24T18:22:30+00:00,1996
moon,rashi,Aries,1996-11-08T00:05:37.500000+00:00,1996
moon,rashi,Pisces,1996-11-20T23:31:52.500000+00:00,1996
moon,rashi,Aries,1996-12-05T05:20:37.500000+00:00,1996
moon,rashi,Pisces,1996-12-18T00:28:07.500000+00:00,1996
moon,rashi,Aries,1997-01-01T07:24:22.500000+00:00,1997
moon,rashi,Pisces,1997-01-14T01:24:22.500000+00:00,1997
moon,rashi,Aries,1997-01-28T09:00:00+00:00,1997
moon,rashi,Pisces,1997-02-10T07:13:07.500000+00:00,1997
moon,rashi,Aries,1997-02-24T12:50:37.500000+00:00,1997
moon,rashi,Pisces,1997-03-09T17:31:52.500000+00:00,1997
moon,rashi,Aries,1997-03-23T19:07:30+00:00,1997
moon,rashi,Pisces,1997-04-06T04:18:45+00:00,1997
moon,rashi,Aries,1997-04-20T01:46:52.500000+00:00,1997
moon,rashi,Pisces,1997-05-03T11:37:30+00:00,1997
moon,rashi,Aries,1997-05-17T06:39:22.500000+00:00,1997
moon,rashi,Pisces,1997-05-30T14:20:37.500000+00:00,1997
moon,rashi,Aries,1997-06-13T09:22:30+00:00,1997
moon,rashi,Pisces,1997-06-26T14:54:22.500000+00:00,1997
moon,rashi,Aries,1997-07-10T11:26:15+00:00,1997
moon,rashi,Pisces,1997-07-23T17:54:22.500000+00:00,1997
moon,rashi,Aries,1997-08-06T15:00:00+00:00,1997
moon,rashi,Pisces,1997-08-20T01:30:00+00:00,1997
moon,rashi,Aries,1997-09-02T20:31:52.500000+00:00,1997
moon,rashi,Pisces,1997-09-16T12:16:52.500000+00:00,1997
moon,rashi,Aries,1997-09-30T02:48:45+00:00,1997
moon,rashi,Pisces,1997-10-13T22:41:15+00:00,1997
moon,rashi,Aries,1997-10-27T07:52:30+00:00,1997
moon,rashi,Pisces,1997-11-10T04:52:30+00:00,1997
moon,rashi,Aries,1997-11-23T10:35:37.500000+00:00,1997
moon,rashi,Pisces,1997-12-07T06:05:37.500000+00:00,1997
moon,rashi,Aries,1997-12-20T12:22:30+00:00,1997
moon,rashi,Pisces,1998-01-03T06:39:22.500000+00:00,1998
moon,rashi,Aries,1998-01-16T15:56:15+00:00,1998
moon,rashi,Pisces,1998-01-30T11:48:45+00:00,1998
moon,rashi,Aries,1998-02-12T22:01:52.500000+00:00,1998
moon,rashi,Pisces,1998-02-26T21:39:22.500000+00:00,1998
moon,rashi,Aries,1998-03-12T04:46:52.500000+00:00,1998
moon,rashi,Pisces,1998-03-26T08:43:07.500000+00:00,1998
moon,rashi,Aries,1998-04-08T09:50:37.500000+00:00,1998
moon,rashi,Pisces,1998-04-22T16:35:37.500000+00:00,1998
moon,rashi,Aries,1998-05-05T12:28:07.500000+00:00,1998
moon,rashi,Pisces,1998-05-19T19:46:52.500000+00:00,1998
moon,rashi,Aries,1998-06-01T14:09:22.500000+00:00,1998
moon,rashi,Pisces,1998-06-15T20:26:15+00:00,1998
moon,rashi,Aries,1998-06-28T17:31:52.500000+00:00,1998
moon,rashi,Pisces,1998-07-12T22:58:07.500000+00:00,1998
moon,rashi,Aries,1998-07-25T23:37:30+00:00,1998
moon,rashi,Pisces,1998-08-09T05:31:52.500000+00:00,1998
moon,rashi,Aries,1998-08-22T07:13:07.500000+00:00,1998
moon,rashi,Pisces,1998-09-05T15:22:30+00:00,1998
moon,rashi,Aries,1998-09-18T13:41:15+00:00,1998
moon,rashi,Pisces,1998-10-03T01:01:52.500000+00:00,1998
moon,rashi,Aries,1998-10-15T17:20:37.500000+00:00,1998
moon,rashi,Pisces,1998-10-30T07:13:07.500000+00:00,1998
moon,rashi,Aries,1998-11-11T18:28:07.500000+00:00,1998
moon,rashi,Pisces,1998-11-26T08:48:45+00:00,1998
moon,rashi,Aries,1998-12-08T20:26:15+00:00,1998
moon,rashi,Pisces,1998-12-23T09:28:07.500000+00:00,1998
moon,rashi,Aries,1999-01-05T02:20:37.500000+00:00,1999
moon,rashi,Pisces,1999-01-19T13:41:15+00:00,1999
moon,rashi,Aries,1999-02-01T11:20:37.500000+00:00,1999
moon,rashi,Pisces,1999-02-15T21:56:15+00:00,1999
moon,rashi,Aries,1999-02-28T19:41:15+00:00,1999
moon,rashi,Pisces,1999-03-15T07:18:45+00:00,1999
moon,rashi,Aries,1999-03-28T00:33:45+00:00,1999
moon,rashi,Pisces,1999-04-11T14:09:22.500000+00:00,1999
moon,rashi,Aries,1999-04-24T01:58:07.500000+00:00,1999
moon,rashi,Pisces,1999-05-08T17:03:45+00:00,1999
moon,rashi,Aries,1999-05-21T03:16:52.500000+00:00,1999
moon,rashi,Pisces,1999-06-04T18:05:37.500000+00:00,1999
moon,rashi,Aries,1999-06-17T07:52:30+00:00,1999
moon,rashi,Pisces,1999-07-01T20:48:45+00:00,1999
moon,rashi,Aries,1999-07-14T16:18:45+00:00,1999
moon,rashi,Pisces,1999-07-29T02:37:30+00:00,1999
moon,rashi,Aries,1999-08-11T01:58:07.500000+00:00,1999
moon,rashi,Pisces,1999-08-25T10:24:22.500000+00:00,1999
moon,rashi,Aries,1999-09-07T09:39:22.500000+00:00,1999
moon,rashi,Pisces,1999-09-21T17:54:22.500000+00:00,1999
moon,rashi,Aries,1999-10-04T13:13:07.500000+00:00,1999
moon,rashi,Pisces,1999-10-18T22:30:00+00:00,1999
moon,rashi,Aries,1999-10-31T13:46:52.500000+00:00,1999
moon,rashi,Pisces,1999-11-15T00:11:15+00:00,1999
moon,rashi,Aries,1999-11-27T15:50:37.500000+00:00,1999
moon,rashi,Pisces,1999-12-12T01:52:30+00:00,1999
moon,rashi,Aries,1999-12-24T22:58:07.500000+00:00,1999
moon,rashi,Pisces,2000-01-08T06:11:15+00:00,2000
moon,rashi,Aries,2000-01-21T09:56:15+00:00,2000
moon,rashi,Pisces,2000-02-04T13:01:52.500000+00:00,2000
moon,rashi,Aries,2000-02-17T20:09:22.500000+00:00,2000
moon,rashi,Pisces,2000-03-02T19:41:15+00:00,2000
moon,rashi,Aries,2000-03-16T01:58:07.500000+00:00,2000
moon,rashi,Pisces,2000-03-30T00:11:15+00:00,2000
moon,rashi,Aries,2000-04-12T03:11:15+00:00,2000
moon,rashi,Pisces,2000-04-26T02:20:37.500000+00:00,2000
moon,rashi,Aries,2000-05-09T04:07:30+00:00,2000
moon,rashi,Pisces,2000-05-23T04:30:00+00:00,2000
moon,rashi,Aries,2000-06-05T09:00:00+00:00,2000
moon,rashi,Pisces,2000-06-19T08:37:30+00:00,2000
moon,rashi,Aries,2000-07-02T18:05:37.500000+00:00,2000
moon,rashi,Pisces,2000-07-16T14:31:52.500000+00:00,2000
moon,rashi,Aries,2000-07-30T04:52:30+00:00,2000
moon,rashi,Pisces,2000-08-12T20:43:07.500000+00:00,2000
moon,rashi,Aries,2000-08-26T13:46:52.500000+00:00,2000
moon,rashi,Pisces,2000-09-09T01:30:00+00:00,2000
moon,rashi,Aries,2000-09-22T18:00:00+00:00,2000
moon,rashi,Pisces,2000-10-06T04:01:52.500000+00:00,2000
moon,rashi,Aries,2000-10-19T18:33:45+00:00,2000
moon,rashi,Pisces,2000-11-02T06:05:37.500000+00:00,2000
moon,rashi,Aries,2000-11-15T20:15:00+00:00,2000
moon,rashi,Pisces,2000-11-29T09:56:15+00:00,2000
moon,rashi,Aries,2000-12-13T02:54:22.500000+00:00,2000
moon,rashi,Pisces,2000-12-26T16:01:52.500000+00:00,2000
moon,rashi,Aries,2001-01-09T13:58:07.500000+00:00,2001
moon,rashi,Pisces,2001-01-22T22:24:22.500000+00:00,2001
moon,rashi,Aries,2001-02-06T00:50:37.500000+00:00,2001
moon,rashi,Pisces,2001-02-19T02:54:22.500000+00:00,2001
moon,rashi,Aries,2001-03-05T07:24:22.500000+00:00,2001
moon,rashi,Pisces,2001-03-18T05:03:45+00:00,2001
moon,rashi,Aries,2001-04-01T09:05:37.500000+00:00,2001
moon,rashi,Pisces,2001-04-14T06:56:15+00:00,2001
moon,rashi,Aries,2001-04-28T09:45:00+00:00,2001
moon,rashi,Pisces,2001-05-11T11:03:45+00:00,2001
moon,rashi,Aries,2001-05-25T13:52:30+00:00,2001
moon,rashi,Pisces,2001-06-07T17:43:07.500000+00:00,2001
moon,rashi,Aries,2001-06-21T22:13:07.500000+00:00,2001
moon,rashi,Pisces,2001-07-05T00:50:37.500000+00:00,2001
moon,rashi,Aries,2001-07-19T08:26:15+00:00,2001
moon,rashi,Pisces,2001-08-01T06:22:30+00:00,2001
moon,rashi,Aries,2001-08-15T17:09:22.500000+00:00,2001
moon,rashi,Pisces,2001-08-28T09:11:15+00:00,2001
moon,rashi,Aries,2001-09-11T21:39:22.500000+00:00,2001
moon,rashi,Pisces,2001-09-24T10:30:00+00:00,2001
moon,rashi,Aries,2001-10-08T22:35:37.500000+00:00,2001
moon,rashi,Pisces,2001-10-21T13:24:22.500000+00:00,2001
moon,rashi,Aries,2001-11-05T00:00:00+00:00,2001
moon,rashi,Pisces,2001-11-17T19:52:30+00:00,2001
moon,rashi,Aries,2001-12-02T05:31:52.500000+00:00,2001
moon,rashi,Pisces,2001-12-15T04:35:37.500000+00:00,2001
moon,rashi,Aries,2001-12-29T14:54:22.500000+00:00,2001
moon,rashi,Pisces,2002-01-11T12:00:00+00:00,2002
moon,rashi,Aries,2002-01-26T00:28:07.500000+00:00,2002
moon,rashi,Pisces,2002-02-07T15:33:45+00:00,2002
moon,rashi,Aries,2002-02-22T06:28:07.500000+00:00,2002
moon,rashi,Pisces,2002-03-06T16:24:22.500000+00:00,2002
moon,rashi,Aries,2002-03-21T08:15:00+00:00,2002
moon,rashi,Pisces,2002-04-02T18:22:30+00:00,2002
moon,rashi,Aries,2002-04-17T09:16:52.500000+00:00,2002
moon,rashi,Pisces,2002-04-30T00:33:45+00:00,2002
moon,rashi,Aries,2002-05-14T13:01:52.500000+00:00,2002
moon,rashi,Pisces,2002-05-27T09:39:22.500000+00:00,2002
moon,rashi,Aries,2002-06-10T20:03:45+00:00,2002
moon,rashi,Pisces,2002-06-23T18:45:00+00:00,2002
moon,rashi,Aries,2002-07-08T04:18:45+00:00,2002
moon,rashi,Pisces,2002-07-21T00:45:00+00:00,2002
moon,rashi,Aries,2002-08-04T11:09:22.500000+00:00,2002
moon,rashi,Pisces,2002-08-17T02:54:22.500000+00:00,2002
moon,rashi,Aries,2002-08-31T14:48:45+00:00,2002
moon,rashi,Pisces,2002-09-13T03:39:22.500000+00:00,2002
moon,rashi,Aries,2002-09-27T16:07:30+00:00,2002
moon,rashi,Pisces,2002-10-10T07:13:07.500000+00:00,2002
moon,rashi,Aries,2002-10-24T18:22:30+00:00,2002
moon,rashi,Pisces,2002-11-06T15:22:30+00:00,2002
moon,rashi,Aries,2002-11-20T23:31:52.500000+00:00,2002
moon,rashi,Pisces,2002-12-04T02:15:00+00:00,2002
moon,rashi,Aries,2002-12-18T06:50:37.500000+00:00,2002
moon,rashi,Pisces,2002-12-31T11:20:37.500000+00:00,2002
moon,rashi,Aries,2003-01-14T13:41:15+00:00,2003
moon,rashi,Pisces,2003-01-27T15:28:07.500000+00:00,2003
moon,rashi,Aries,2003-02-10T17:43:07.500000+00:00,2003
moon,rashi,Pisces,2003-02-23T15:50:37.500000+00:00,2003
moon,rashi,Aries,2003-03-09T19:24:22.500000+00:00,2003
moon,rashi,Pisces,2003-03-22T17:43:07.500000+00:00,2003
moon,rashi,Aries,2003-04-05T21:45:00+00:00,2003
moon,rashi,Pisces,2003-04-19T00:28:07.500000+00:00,2003
moon,rashi,Aries,2003-05-03T02:20:37.500000+00:00,2003
moon,rashi,Pisces,2003-05-16T10:52:30+00:00,2003
moon,rashi,Aries,2003-05-30T08:37:30+00:00,2003
moon,rashi,Pisces,2003-06-12T21:16:52.500000+00:00,2003
moon,rashi,Aries,2003-06-26T14:37:30+00:00,2003
moon,rashi,Pisces,2003-07-10T04:18:45+00:00,2003
moon,rashi,Aries,2003-07-23T18:50:37.500000+00:00,2003
moon,rashi,Pisces,2003-08-06T06:50:37.500000+00:00,2003
moon,rashi,Aries,2003-08-19T21:11:15+00:00,2003
moon,rashi,Pisces,2003-09-02T07:24:22.500000+00:00,2003
moon,rashi,Aries,2003-09-15T23:31:52.500000+00:00,2003
moon,rashi,Pisces,2003-09-29T10:35:37.500000+00:00,2003
moon,rashi,Aries,2003-10-13T03:45:00+00:00,2003
moon,rashi,Pisces,2003-10-26T18:45:00+00:00,2003
moon,rashi,Aries,2003-11-09T09:50:37.500000+00:00,2003
moon,rashi,Pisces,2003-11-23T06:05:37.500000+00:00,2003
moon,rashi,Aries,2003-12-06T16:01:52.500000+00:00,2003
moon,rashi,Pisces,2003-12-20T16:07:30+00:00,2003
moon,rashi,Aries,2004-01-02T20:15:00+00:00,2004
moon,rashi,Pisces,2004-01-16T21:11:15+00:00,2004
moon,rashi,Aries,2004-01-29T22:07:30+00:00,2004
moon,rashi,Pisces,2004-02-12T21:45:00+00:00,2004
moon,rashi,Aries,2004-02-26T00:16:52.500000+00:00,2004
moon,rashi,Pisces,2004-03-10T23:09:22.500000+00:00,2004
moon,rashi,Aries,2004-03-24T04:58:07.500000+00:00,2004
moon,rashi,Pisces,2004-04-07T05:09:22.500000+00:00,2004
moon,rashi,Aries,2004-04-20T11:43:07.500000+00:00,2004
moon,rashi,Pisces,2004-05-04T15:05:37.500000+00:00,2004
moon,rashi,Aries,2004-05-17T18:22:30+00:00,2004
moon,rashi,Pisces,2004-06-01T01:24:22.500000+00:00,2004
moon,rashi,Aries,2004-06-13T22:52:30+00:00,2004
moon,rashi,Pisces,2004-06-28T08:37:30+00:00,2004
moon,rashi,Aries,2004-07-11T01:01:52.500000+00:00,2004
moon,rashi,Pisces,2004-07-25T11:31:52.500000+00:00,2004
moon,rashi,Aries,2004-08-07T02:43:07.500000+00:00,2004
moon,rashi,Pisces,2004-08-21T12:16:52.500000+00:00,2004
moon,rashi,Aries,2004-09-03T06:39:22.500000+00:00,2004
moon,rashi,Pisces,2004-09-17T14:54:22.500000+00:00,2004
moon,rashi,Aries,2004-09-30T13:35:37.500000+00:00,2004
moon,rashi,Pisces,2004-10-14T21:50:37.500000+00:00,2004
moon,rashi,Aries,2004-10-27T21:45:00+00:00,2004
moon,rashi,Pisces,2004-11-11T07:46:52.500000+00:00,2004
moon,rashi,Aries,2004-11-24T04:07:30+00:00,2004
moon,rashi,Pisces,2004-12-08T16:58:07.500000+00:00,2004
moon,rashi,Aries,2004-12-21T06:50:37.500000+00:00,2004
moon,rashi,Pisces,2005-01-04T21:56:15+00:00,2005
moon,rashi,Aries,2005-01-17T07:35:37.500000+00:00,2005
moon,rashi,Pisces,2005-01-31T22:52:30+00:00,2005
moon,rashi,Aries,2005-02-13T10:30:00+00:00,2005
moon,rashi,Pisces,2005-02-28T00:11:15+00:00,2005
moon,rashi,Aries,2005-03-12T17:37:30+00:00,2005
moon,rashi,Pisces,2005-03-27T05:20:37.500000+00:00,2005
moon,rashi,Aries,2005-04-09T03:00:00+00:00,2005
moon,rashi,Pisces,2005-04-23T13:35:37.500000+00:00,2005
moon,rashi,Aries,2005-05-06T10:58:07.500000+00:00,2005
moon,rashi,Pisces,2005-05-20T22:07:30+00:00,2005
moon,rashi,Aries,2005-06-02T15:16:52.500000+00:00,2005
moon,rashi,Pisces,2005-06-17T04:01:52.500000+00:00,2005
moon,rashi,Aries,2005-06-29T16:30:00+00:00,2005
moon,rashi,Pisces,2005-07-14T06:39:22.500000+00:00,2005
moon,rashi,Aries,2005-07-26T18:00:00+00:00,2005
moon,rashi,Pisces,2005-08-10T07:58:07.500000+00:00,2005
moon,rashi,Aries,2005-08-22T23:09:22.500000+00:00,2005
moon,rashi,Pisces,2005-09-06T10:58:07.500000+00:00,2005
moon,rashi,Aries,2005-09-19T08:09:22.500000+00:00,2005
moon,rashi,Pisces,2005-10-03T16:52:30+00:00,2005
moon,rashi,Aries,2005-10-16T18:28:07.500000+00:00,2005
moon,rashi,Pisces,2005-10-31T00:33:45+00:00,2005
moon,rashi,Aries,2005-11-13T02:03:45+00:00,2005
moon,rashi,Pisces,2005-11-27T07:13:07.500000+00:00,2005
moon,rashi,Aries,2005-12-10T04:52:30+00:00,2005
moon,rashi,Pisces,2005-12-24T10:46:52.500000+00:00,2005
moon,rashi,Aries,2006-01-06T05:03:45+00:00,2006
moon,rashi,Pisces,2006-01-20T12:11:15+00:00,2006
moon,rashi,Aries,2006-02-02T08:03:45+00:00,2006
moon,rashi,Pisces,2006-02-16T14:43:07.500000+00:00,2006
moon,rashi,Aries,2006-03-01T16:30:00+00:00,2006
moon,rashi,Pisces,2006-03-15T19:58:07.500000+00:00,2006
moon,rashi,Aries,2006-03-29T03:33:45+00:00,2006
moon,rashi,Pisces,2006-04-12T02:37:30+00:00,2006
moon,rashi,Aries,2006-04-25T13:01:52.500000+00:00,2006
moon,rashi,Pisces,2006-05-09T08:31:52.500000+00:00,2006
moon,rashi,Aries,2006-05-22T18:05:37.500000+00:00,2006
moon,rashi,Pisces,2006-06-05T12:16:52.500000+00:00,2006
moon,rashi,Aries,2006-06-18T19:13:07.500000+00:00,2006
moon,rashi,Pisces,2006-07-02T14:20:37.500000+00:00,2006
moon,rashi,Aries,2006-07-15T20:26:15+00:00,2006
moon,rashi,Pisces,2006-07-29T17:03:45+00:00,2006
moon,rashi,Aries,2006-08-12T01:35:37.500000+00:00,2006
moon,rashi,Pisces,2006-08-25T21:39:22.500000+00:00,2006
moon,rashi,Aries,2006-09-08T11:03:45+00:00,2006
moon,rashi,Pisces,2006-09-22T03:45:00+00:00,2006
moon,rashi,Aries,2006-10-05T22:13:07.500000+00:00,2006
moon,rashi,Pisces,2006-10-19T09:39:22.500000+00:00,2006
moon,rashi,Aries,2006-11-02T06:56:15+00:00,2006
moon,rashi,Pisces,2006-11-15T13:30:00+00:00,2006
moon,rashi,Aries,2006-11-29T10:30:00+00:00,2006
moon,rashi,Pisces,2006-12-12T15:22:30+00:00,2006
moon,rashi,Aries,2006-12-26T10:35:37.500000+00:00,2006
moon,rashi,Pisces,2007-01-08T17:48:45+00:00,2007
moon,rashi,Aries,2007-01-22T13:01:52.500000+00:00,2007
moon,rashi,Pisces,2007-02-04T22:46:52.500000+00:00,2007
moon,rashi,Aries,2007-02-18T20:43:07.500000+00:00,2007
moon,rashi,Pisces,2007-03-04T05:37:30+00:00,2007
moon,rashi,Aries,2007-03-18T07:41:15+00:00,2007
moon,rashi,Pisces,2007-03-31T11:43:07.500000+00:00,2007
moon,rashi,Aries,2007-04-14T17:37:30+00:00,2007
moon,rashi,Pisces,2007-04-27T15:28:07.500000+00:00,2007
moon,rashi,Aries,2007-05-11T23:09:22.500000+00:00,2007
moon,rashi,Pisces,2007-05-24T17:20:37.500000+00:00,2007
moon,rashi,Aries,2007-06-08T00:39:22.500000+00:00,2007
moon,rashi,Pisces,2007-06-20T19:35:37.500000+00:00,2007
moon,rashi,Aries,2007-07-05T01:41:15+00:00,2007
moon,rashi,Pisces,2007-07-18T00:22:30+00:00,2007
moon,rashi,Aries,2007-08-01T06:05:37.500000+00:00,2007
moon,rashi,Pisces,2007-08-14T07:30:00+00:00,2007
moon,rashi,Aries,2007-08-28T14:31:52.500000+00:00,2007
moon,rashi,Pisces,2007-09-10T14:48:45+00:00,2007
moon,rashi,Aries,2007-09-25T00:45:00+00:00,2007
moon,rashi,Pisces,2007-10-07T20:03:45+00:00,2007
moon,rashi,Aries,2007-10-22T09:00:00+00:00,2007
moon,rashi,Pisces,2007-11-03T22:13:07.500000+00:00,2007
moon,rashi,Aries,2007-11-18T12:45:00+00:00,2007
moon,rashi,Pisces,2007-11-30T23:09:22.500000+00:00,2007
moon,rashi,Aries,2007-12-15T13:18:45+00:00,2007
moon,rashi,Pisces,2007-12-28T03:00:00+00:00,2007
moon,rashi,Aries,2008-01-11T15:16:52.500000+00:00,2008
moon,rashi,Pisces,2008-01-24T10:52:30+00:00,2008
moon,rashi,Aries,2008-02-07T21:39:22.500000+00:00,2008
moon,rashi,Pisces,2008-02-20T20:03:45+00:00,2008
moon,rashi,Aries,2008-03-06T06:56:15+00:00,2008
moon,rashi,Pisces,2008-03-19T02:54:22.500000+00:00,2008
moon,rashi,Aries,2008-04-02T15:22:30+00:00,2008
moon,rashi,Pisces,2008-04-15T05:48:45+00:00,2008
moon,rashi,Aries,2008-04-29T20:09:22.500000+00:00,2008
moon,rashi,Pisces,2008-05-12T06:39:22.500000+00:00,2008
moon,rashi,Aries,2008-05-26T21:45:00+00:00,2008
moon,rashi,Pisces,2008-06-08T09:16:52.500000+00:00,2008
moon,rashi,Aries,2008-06-22T23:20:37.500000+00:00,2008
moon,rashi,Pisces,2008-07-05T15:56:15+00:00,2008
moon,rashi,Aries,2008-07-20T03:28:07.500000+00:00,2008
moon,rashi,Pisces,2008-08-02T01:24:22.500000+00:00,2008
moon,rashi,Aries,2008-08-16T10:30:00+00:00,2008
moon,rashi,Pisces,2008-08-29T10:30:00+00:00,2008
moon,rashi,Aries,2008-09-12T18:28:07.500000+00:00,2008
moon,rashi,Pisces,2008-09-25T16:24:22.500000+00:00,2008
moon,rashi,Aries,2008-10-10T00:39:22.500000+00:00,2008
moon,rashi,Pisces,2008-10-22T18:00:00+00:00,2008
moon,rashi,Aries,2008-11-06T03:33:45+00:00,2008
moon,rashi,Pisces,2008-11-18T18:39:22.500000+00:00,2008
moon,rashi,Aries,2008-12-03T04:46:52.500000+00:00,2008
moon,rashi,Pisces,2008-12-15T23:03:45+00:00,2008
moon,rashi,Aries,2008-12-30T07:41:15+00:00,2008
moon,rashi,Pisces,2009-01-12T08:37:30+00:00,2009
moon,rashi,Aries,2009-01-26T13:30:00+00:00,2009
moon,rashi,Pisces,2009-02-08T19:46:52.500000+00:00,2009
moon,rashi,Aries,2009-02-22T20:31:52.500000+00:00,2009
moon,rashi,Pisces,2009-03-08T04:07:30+00:00,2009
moon,rashi,Aries,2009-03-22T02:15:00+00:00,2009
moon,rashi,Pisces,2009-04-04T07:24:22.500000+00:00,2009
moon,rashi,Aries,2009-04-18T05:20:37.500000+00:00,2009
moon,rashi,Pisces,2009-05-01T07:52:30+00:00,2009
moon,rashi,Aries,2009-05-15T07:13:07.500000+00:00,2009
moon,rashi,Pisces,2009-05-28T10:18:45+00:00,2009
moon,rashi,Aries,2009-06-11T10:18:45+00:00,2009
moon,rashi,Pisces,2009-06-24T17:26:15+00:00,2009
moon,rashi,Aries,2009-07-08T15:28:07.500000+00:00,2009
moon,rashi,Pisces,2009-07-22T03:50:37.500000+00:00,2009
moon,rashi,Aries,2009-08-04T21:39:22.500000+00:00,2009
moon,rashi,Pisces,2009-08-18T14:09:22.500000+00:00,2009
moon,rashi,Aries,2009-09-01T03:16:52.500000+00:00,2009
moon,rashi,Pisces,2009-09-14T21:00:00+00:00,2009
moon,rashi,Aries,2009-09-28T06:56:15+00:00,2009
moon,rashi,Pisces,2009-10-11T23:03:45+00:00,2009
moon,rashi,Aries,2009-10-25T08:54:22.500000+00:00,2009
moon,rashi,Pisces,2009-11-07T23:26:15+00:00,2009
moon,rashi,Aries,2009-11-21T11:31:52.500000+00:00,2009
moon,rashi,Pisces,2009-12-05T03:16:52.500000+00:00,2009
moon,rashi,Aries,2009-12-18T16:41:15+00:00,2009
moon,rashi,Pisces,2010-01-01T12:28:07.500000+00:00,2010
moon,rashi,Aries,2010-01-14T23:20:37.500000+00:00,2010
moon,rashi,Pisces,2010-01-29T00:05:37.500000+00:00,2010
moon,rashi,Aries,2010-02-11T04:58:07.500000+00:00,2010
moon,rashi,Pisces,2010-02-25T09:11:15+00:00,2010
moon,rashi,Aries,2010-03-10T08:09:22.500000+00:00,2010
moon,rashi,Pisces,2010-03-24T13:07:30+00:00,2010
moon,rashi,Aries,2010-04-06T09:45:00+00:00,2010
moon,rashi,Pisces,2010-04-20T13:41:15+00:00,2010
moon,rashi,Aries,2010-05-03T12:33:45+00:00,2010
moon,rashi,Pisces,2010-05-17T15:39:22.500000+00:00,2010
moon,rashi,Aries,2010-05-30T18:05:37.500000+00:00,2010
moon,rashi,Pisces,2010-06-13T21:56:15+00:00,2010
moon,rashi,Aries,2010-06-27T01:18:45+00:00,2010
moon,rashi,Pisces,2010-07-11T07:30:00+00:00,2010
moon,rashi,Aries,2010-07-24T07:58:07.500000+00:00,2010
moon,rashi,Pisces,2010-08-07T17:26:15+00:00,2010
moon,rashi,Aries,2010-08-20T12:11:15+00:00,2010
moon,rashi,Pisces,2010-09-04T00:16:52.500000+00:00,2010
moon,rashi,Aries,2010-09-16T13:58:07.500000+00:00,2010
moon,rashi,Pisces,2010-10-01T02:43:07.500000+00:00,2010
moon,rashi,Aries,2010-10-13T15:33:45+00:00,2010
moon,rashi,Pisces,2010-10-28T03:16:52.500000+00:00,2010
moon,rashi,Aries,2010-11-09T20:15:00+00:00,2010
moon,rashi,Pisces,2010-11-24T06:28:07.500000+00:00,2010
moon,rashi,Aries,2010-12-07T04:13:07.500000+00:00,2010
moon,rashi,Pisces,2010-12-21T14:09:22.500000+00:00,2010
moon,rashi,Aries,2011-01-03T12:50:37.500000+00:00,2011
moon,rashi,Pisces,2011-01-18T00:05:37.500000+00:00,2011
moon,rashi,Aries,2011-01-30T18:28:07.500000+00:00,2011
moon,rashi,Pisces,2011-02-14T08:15:00+00:00,2011
moon,rashi,Aries,2011-02-26T20:20:37.500000+00:00,2011
moon,rashi,Pisces,2011-03-13T11:54:22.500000+00:00,2011
moon,rashi,Aries,2011-03-25T21:11:15+00:00,2011
moon,rashi,Pisces,2011-04-09T12:50:37.500000+00:00,2011
moon,rashi,Aries,2011-04-22T01:07:30+00:00,2011
moon,rashi,Pisces,2011-05-06T14:54:22.500000+00:00,2011
moon,rashi,Aries,2011-05-19T09:05:37.500000+00:00,2011
moon,rashi,Pisces,2011-06-02T20:20:37.500000+00:00,2011
moon,rashi,Aries,2011-06-15T18:33:45+00:00,2011
moon,rashi,Pisces,2011-06-30T04:13:07.500000+00:00,2011
moon,rashi,Aries,2011-07-13T02:26:15+00:00,2011
moon,rashi,Pisces,2011-07-27T12:05:37.500000+00:00,2011
moon,rashi,Aries,2011-08-09T06:33:45+00:00,2011
moon,rashi,Pisces,2011-08-23T17:26:15+00:00,2011
moon,rashi,Aries,2011-09-05T07:35:37.500000+00:00,2011
moon,rashi,Pisces,2011-09-19T19:35:37.500000+00:00,2011
moon,rashi,Aries,2011-10-02T09:11:15+00:00,2011
moon,rashi,Pisces,2011-10-16T21:00:00+00:00,2011
moon,rashi,Aries,2011-10-29T15:00:00+00:00,2011
moon,rashi,Pisces,2011-11-13T00:33:45+00:00,2011
moon,rashi,Aries,2011-11-26T01:01:52.500000+00:00,2011
moon,rashi,Pisces,2011-12-10T07:01:52.500000+00:00,2011
moon,rashi,Aries,2011-12-23T11:37:30+00:00,2011
moon,rashi,Pisces,2012-01-06T14:31:52.500000+00:00,2012
moon,rashi,Aries,2012-01-19T18:28:07.500000+00:00,2012
moon,rashi,Pisces,2012-02-02T20:03:45+00:00,2012
moon,rashi,Aries,2012-02-15T20:15:00+00:00,2012
moon,rashi,Pisces,2012-02-29T22:35:37.500000+00:00,2012
moon,rashi,Aries,2012-03-13T20:43:07.500000+00:00,2012
moon,rashi,Pisces,2012-03-28T00:16:52.500000+00:00,2012
moon,rashi,Aries,2012-04-10T00:50:37.500000+00:00,2012
moon,rashi,Pisces,2012-04-24T03:45:00+00:00,2012
moon,rashi,Aries,2012-05-07T09:45:00+00:00,2012
moon,rashi,Pisces,2012-05-21T09:22:30+00:00,2012
moon,rashi,Aries,2012-06-03T20:37:30+00:00,2012
moon,rashi,Pisces,2012-06-17T15:39:22.500000+00:00,2012
moon,rashi,Aries,2012-07-01T05:48:45+00:00,2012
moon,rashi,Pisces,2012-07-14T20:54:22.500000+00:00,2012
moon,rashi,Aries,2012-07-28T10:35:37.500000+00:00,2012
moon,rashi,Pisces,2012-08-11T00:05:37.500000+00:00,2012
moon,rashi,Aries,2012-08-24T11:37:30+00:00,2012
moon,rashi,Pisces,2012-09-07T02:09:22.500000+00:00,2012
moon,rashi,Aries,2012-09-20T12:56:15+00:00,2012
moon,rashi,Pisces,2012-10-04T05:15:00+00:00,2012
moon,rashi,Aries,2012-10-17T18:28:07.500000+00:00,2012
moon,rashi,Pisces,2012-10-31T10:35:37.500000+00:00,2012
moon,rashi,Aries,2012-11-14T04:41:15+00:00,2012
moon,rashi,Pisces,2012-11-27T17:03:45+00:00,2012
moon,rashi,Aries,2012-12-11T15:56:15+00:00,2012
moon,rashi,Pisces,2012-12-24T22:24:22.500000+00:00,2012
moon,rashi,Aries,2013-01-07T23:48:45+00:00,2013
moon,rashi,Pisces,2013-01-21T01:18:45+00:00,2013
moon,rashi,Aries,2013-02-04T02:15:00+00:00,2013
moon,rashi,Pisces,2013-02-17T02:54:22.500000+00:00,2013
moon,rashi,Aries,2013-03-03T02:31:52.500000+00:00,2013
moon,rashi,Pisces,2013-03-16T06:16:52.500000+00:00,2013
moon,rashi,Aries,2013-03-30T05:54:22.500000+00:00,2013
moon,rashi,Pisces,2013-04-12T12:11:15+00:00,2013
moon,rashi,Aries,2013-04-26T14:09:22.500000+00:00,2013
moon,rashi,Pisces,2013-05-09T19:13:07.500000+00:00,2013
moon,rashi,Aries,2013-05-24T00:39:22.500000+00:00,2013
moon,rashi,Pisces,2013-06-06T01:01:52.500000+00:00,2013
moon,rashi,Aries,2013-06-20T09:50:37.500000+00:00,2013
moon,rashi,Pisces,2013-07-03T04:13:07.500000+00:00,2013
moon,rashi,Aries,2013-07-17T15:00:00+00:00,2013
moon,rashi,Pisces,2013-07-30T05:48:45+00:00,2013
moon,rashi,Aries,2013-08-13T16:18:45+00:00,2013
moon,rashi,Pisces,2013-08-26T08:20:37.500000+00:00,2013
moon,rashi,Aries,2013-09-09T17:31:52.500000+00:00,2013
moon,rashi,Pisces,2013-09-22T13:46:52.500000+00:00,2013
moon,rashi,Aries,2013-10-06T22:07:30+00:00,2013
moon,rashi,Pisces,2013-10-19T21:45:00+00:00,2013
moon,rashi,Aries,2013-11-03T06:56:15+00:00,2013
moon,rashi,Pisces,2013-11-16T05:31:52.500000+00:00,2013
moon,rashi,Aries,2013-11-30T16:58:07.500000+00:00,2013
moon,rashi,Pisces,2013-12-13T10:13:07.500000+00:00,2013
moon,rashi,Aries,2013-12-28T00:22:30+00:00,2013
moon,rashi,Pisces,2014-01-09T11:26:15+00:00,2014
moon,rashi,Aries,2014-01-24T03:00:00+00:00,2014
moon,rashi,Pisces,2014-02-05T12:45:00+00:00,2014
moon,rashi,Aries,2014-02-20T03:28:07.500000+00:00,2014
moon,rashi,Pisces,2014-03-04T17:48:45+00:00,2014
moon,rashi,Aries,2014-03-19T06:33:45+00:00,2014
moon,rashi,Pisces,2014-04-01T02:31:52.500000+00:00,2014
moon,rashi,Aries,2014-04-15T13:24:22.500000+00:00,2014
moon,rashi,Pisces,2014-04-28T11:37:30+00:00,2014
moon,rashi,Aries,2014-05-12T22:07:30+00:00,2014
moon,rashi,Pisces,2014-05-25T18:00:00+00:00,2014
moon,rashi,Aries,2014-06-09T05:37:30+00:00,2014
moon,rashi,Pisces,2014-06-21T20:31:52.500000+00:00,2014
moon,rashi,Aries,2014-07-06T09:50:37.500000+00:00,2014
moon,rashi,Pisces,2014-07-18T21:22:30+00:00,2014
moon,rashi,Aries,2014-08-02T11:26:15+00:00,2014
moon,rashi,Pisces,2014-08-15T00:16:52.500000+00:00,2014
moon,rashi,Aries,2014-08-29T13:18:45+00:00,2014
moon,rashi,Pisces,2014-09-11T07:35:37.500000+00:00,2014
moon,rashi,Aries,2014-09-25T17:43:07.500000+00:00,2014
moon,rashi,Pisces,2014-10-08T17:43:07.500000+00:00,2014
moon,rashi,Aries,2014-10-23T00:50:37.500000+00:00,2014
moon,rashi,Pisces,2014-11-05T03:16:52.500000+00:00,2014
moon,rashi,Aries,2014-11-19T08:20:37.500000+00:00,2014
moon,rashi,Pisces,2014-12-02T08:31:52.500000+00:00,2014
moon,rashi,Aries,2014-12-16T13:30:00+00:00,2014
moon,rashi,Pisces,2014-12-29T09:28:07.500000+00:00,2014
moon,rashi,Aries,2015-01-12T15:33:45+00:00,2015
moon,rashi,Pisces,2015-01-25T10:24:22.500000+00:00,2015
moon,rashi,Aries,2015-02-08T17:09:22.500000+00:00,2015
moon,rashi,Pisces,2015-02-21T16:07:30+00:00,2015
moon,rashi,Aries,2015-03-07T21:05:37.500000+00:00,2015
moon,rashi,Pisces,2015-03-21T02:20:37.500000+00:00,2015
moon,rashi,Aries,2015-04-04T03:22:30+00:00,2015
moon,rashi,Pisces,2015-04-17T13:07:30+00:00,2015
moon,rashi,Aries,2015-05-01T09:50:37.500000+00:00,2015
moon,rashi,Pisces,2015-05-14T20:37:30+00:00,2015
moon,rashi,Aries,2015-05-28T14:43:07.500000+00:00,2015
moon,rashi,Pisces,2015-06-10T23:31:52.500000+00:00,2015
moon,rashi,Aries,2015-06-24T17:26:15+00:00,2015
moon,rashi,Pisces,2015-07-08T00:11:15+00:00,2015
moon,rashi,Aries,2015-07-21T19:35:37.500000+00:00,2015
moon,rashi,Pisces,2015-08-04T02:54:22.500000+00:00,2015
moon,rashi,Aries,2015-08-17T23:09:22.500000+00:00,2015
moon,rashi,Pisces,2015-08-31T10:18:45+00:00,2015
moon,rashi,Aries,2015-09-14T04:41:15+00:00,2015
moon,rashi,Pisces,2015-09-27T21:05:37.500000+00:00,2015
moon,rashi,Aries,2015-10-11T10:58:07.500000+00:00,2015
moon,rashi,Pisces,2015-10-25T07:41:15+00:00,2015
moon,rashi,Aries,2015-11-07T15:56:15+00:00,2015
moon,rashi,Pisces,2015-11-21T13:58:07.500000+00:00,2015
moon,rashi,Aries,2015-12-04T18:39:22.500000+00:00,2015
moon,rashi,Pisces,2015-12-18T15:16:52.500000+00:00,2015
moon,rashi,Aries,2015-12-31T20:20:37.500000+00:00,2015
moon,rashi,Pisces,2016-01-14T15:50:37.500000+00:00,2016
moon,rashi,Aries,2016-01-28T00:00:00+00:00,2016
moon,rashi,Pisces,2016-02-10T20:48:45+00:00,2016
moon,rashi,Aries,2016-02-24T06:16:52.500000+00:00,2016
moon,rashi,Pisces,2016-03-09T06:33:45+00:00,2016
moon,rashi,Aries,2016-03-22T13:01:52.500000+00:00,2016
moon,rashi,Pisces,2016-04-05T17:26:15+00:00,2016
moon,rashi,Aries,2016-04-18T18:05:37.500000+00:00,2016
moon,rashi,Pisces,2016-05-03T01:30:00+00:00,2016
moon,rashi,Aries,2016-05-15T20:43:07.500000+00:00,2016
moon,rashi,Pisces,2016-05-30T04:46:52.500000+00:00,2016
moon,rashi,Aries,2016-06-11T22:24:22.500000+00:00,2016
moon,rashi,Pisces,2016-06-26T05:31:52.500000+00:00,2016
moon,rashi,Aries,2016-07-09T01:46:52.500000+00:00,2016
moon,rashi,Pisces,2016-07-23T07:52:30+00:00,2016
moon,rashi,Aries,2016-08-05T07:52:30+00:00,2016
moon,rashi,Pisces,2016-08-19T14:15:00+00:00,2016
moon,rashi,Aries,2016-09-01T15:28:07.500000+00:00,2016
moon,rashi,Pisces,2016-09-16T00:00:00+00:00,2016
moon,rashi,Aries,2016-09-28T22:07:30+00:00,2016
moon,rashi,Pisces,2016-10-13T09:45:00+00:00,2016
moon,rashi,Aries,2016-10-26T01:46:52.500000+00:00,2016
moon,rashi,Pisces,2016-11-09T15:56:15+00:00,2016
moon,rashi,Aries,2016-11-22T02:54:22.500000+00:00,2016
moon,rashi,Pisces,2016-12-06T17:37:30+00:00,2016
moon,rashi,Aries,2016-12-19T04:52:30+00:00,2016
moon,rashi,Pisces,2017-01-02T18:16:52.500000+00:00,2017
moon,rashi,Aries,2017-01-15T10:46:52.500000+00:00,2017
moon,rashi,Pisces,2017-01-29T22:24:22.500000+00:00,2017
moon,rashi,Aries,2017-02-11T19:52:30+00:00,2017
moon,rashi,Pisces,2017-02-26T06:33:45+00:00,2017
moon,rashi,Aries,2017-03-11T04:18:45+00:00,2017
moon,rashi,Pisces,2017-03-25T15:45:00+00:00,2017
moon,rashi,Aries,2017-04-07T09:16:52.500000+00:00,2017
moon,rashi,Pisces,2017-04-21T22:35:37.500000+00:00,2017
moon,rashi,Aries,2017-05-04T10:46:52.500000+00:00,2017
moon,rashi,Pisces,2017-05-19T01:35:37.500000+00:00,2017
moon,rashi,Aries,2017-05-31T12:00:00+00:00,2017
moon,rashi,Pisces,2017-06-15T02:43:07.500000+00:00,2017
moon,rashi,Aries,2017-06-27T16:30:00+00:00,2017
moon,rashi,Pisces,2017-07-12T05:20:37.500000+00:00,2017
moon,rashi,Aries,2017-07-25T00:50:37.500000+00:00,2017
moon,rashi,Pisces,2017-08-08T10:58:07.500000+00:00,2017
moon,rashi,Aries,2017-08-21T10:35:37.500000+00:00,2017
moon,rashi,Pisces,2017-09-04T18:45:00+00:00,2017
moon,rashi,Aries,2017-09-17T18:33:45+00:00,2017
moon,rashi,Pisces,2017-10-02T02:09:22.500000+00:00,2017
moon,rashi,Aries,2017-10-14T22:13:07.500000+00:00,2017
moon,rashi,Pisces,2017-10-29T06:45:00+00:00,2017
moon,rashi,Aries,2017-11-10T22:46:52.500000+00:00,2017
moon,rashi,Pisces,2017-11-25T08:26:15+00:00,2017
moon,rashi,Aries,2017-12-08T00:45:00+00:00,2017
moon,rashi,Pisces,2017-12-22T10:07:30+00:00,2017
moon,rashi,Aries,2018-01-04T07:52:30+00:00,2018
moon,rashi,Pisces,2018-01-18T14:31:52.500000+00:00,2018
moon,rashi,Aries,2018-01-31T18:50:37.500000+00:00,2018
moon,rashi,Pisces,2018-02-14T21:16:52.500000+00:00,2018
moon,rashi,Aries,2018-02-28T05:09:22.500000+00:00,2018
moon,rashi,Pisces,2018-03-14T03:50:37.500000+00:00,2018
moon,rashi,Aries,2018-03-27T11:03:45+00:00,2018
moon,rashi,Pisces,2018-04-10T08:15:00+00:00,2018
moon,rashi,Aries,2018-04-23T12:22:30+00:00,2018
moon,rashi,Pisces,2018-05-07T10:30:00+00:00,2018
moon,rashi,Aries,2018-05-20T13:18:45+00:00,2018
moon,rashi,Pisces,2018-06-03T12:45:00+00:00,2018
moon,rashi,Aries,2018-06-16T17:54:22.500000+00:00,2018
moon,rashi,Pisces,2018-06-30T16:52:30+00:00,2018
moon,rashi,Aries,2018-07-14T02:54:22.500000+00:00,2018
moon,rashi,Pisces,2018-07-27T22:46:52.500000+00:00,2018
moon,rashi,Aries,2018-08-10T13:46:52.500000+00:00,2018
moon,rashi,Pisces,2018-08-24T04:52:30+00:00,2018
moon,rashi,Aries,2018-09-06T22:46:52.500000+00:00,2018
moon,rashi,Pisces,2018-09-20T09:33:45+00:00,2018
moon,rashi,Aries,2018-10-04T03:16:52.500000+00:00,2018
moon,rashi,Pisces,2018-10-17T12:11:15+00:00,2018
moon,rashi,Aries,2018-10-31T03:50:37.500000+00:00,2018
moon,rashi,Pisces,2018-11-13T14:09:22.500000+00:00,2018
moon,rashi,Aries,2018-11-27T05:20:37.500000+00:00,2018
moon,rashi,Pisces,2018-12-10T18:05:37.500000+00:00,2018
moon,rashi,Aries,2018-12-24T12:00:00+00:00,2018
moon,rashi,Pisces,2019-01-07T00:11:15+00:00,2019
moon,rashi,Aries,2019-01-20T22:52:30+00:00,2019
moon,rashi,Pisces,2019-02-03T06:39:22.500000+00:00,2019
moon,rashi,Aries,2019-02-17T09:50:37.500000+00:00,2019
moon,rashi,Pisces,2019-03-02T11:09:22.500000+00:00,2019
moon,rashi,Aries,2019-03-16T16:30:00+00:00,2019
moon,rashi,Pisces,2019-03-29T13:13:07.500000+00:00,2019
moon,rashi,Aries,2019-04-12T18:11:15+00:00,2019
moon,rashi,Pisces,2019-04-25T15:05:37.500000+00:00,2019
moon,rashi,Aries,2019-05-09T18:56:15+00:00,2019
moon,rashi,Pisces,2019-05-22T19:18:45+00:00,2019
moon,rashi,Aries,2019-06-05T22:52:30+00:00,2019
moon,rashi,Pisces,2019-06-19T01:58:07.500000+00:00,2019
moon,rashi,Aries,2019-07-03T06:56:15+00:00,2019
moon,rashi,Pisces,2019-07-16T09:11:15+00:00,2019
moon,rashi,Aries,2019-07-30T17:09:22.500000+00:00,2019
moon,rashi,Pisces,2019-08-12T14:48:45+00:00,2019
moon,rashi,Aries,2019-08-27T01:52:30+00:00,2019
moon,rashi,Pisces,2019-09-08T17:43:07.500000+00:00,2019
moon,rashi,Aries,2019-09-23T06:33:45+00:00,2019
moon,rashi,Pisces,2019-10-05T18:56:15+00:00,2019
moon,rashi,Aries,2019-10-20T07:35:37.500000+00:00,2019
moon,rashi,Pisces,2019-11-01T21:45:00+00:00,2019
moon,rashi,Aries,2019-11-16T08:54:22.500000+00:00,2019
moon,rashi,Pisces,2019-11-29T04:18:45+00:00,2019
moon,rashi,Aries,2019-12-13T14:20:37.500000+00:00,2019
moon,rashi,Pisces,2019-12-26T13:07:30+00:00,2019
moon,rashi,Aries,2020-01-09T23:31:52.500000+00:00,2020
moon,rashi,Pisces,2020-01-22T20:37:30+00:00,2020
moon,rashi,Aries,2020-02-06T09:05:37.500000+00:00,2020
moon,rashi,Pisces,2020-02-19T00:16:52.500000+00:00,2020
moon,rashi,Aries,2020-03-04T15:05:37.500000+00:00,2020
moon,rashi,Pisces,2020-03-17T01:07:30+00:00,2020
moon,rashi,Aries,2020-03-31T16:58:07.500000+00:00,2020
moon,rashi,Pisces,2020-04-13T03:05:37.500000+00:00,2020
moon,rashi,Aries,2020-04-27T18:00:00+00:00,2020
moon,rashi,Pisces,2020-05-10T09:05:37.500000+00:00,2020
moon,rashi,Aries,2020-05-24T21:39:22.500000+00:00,2020
moon,rashi,Pisces,2020-06-06T18:16:52.500000+00:00,2020
moon,rashi,Aries,2020-06-21T04:30:00+00:00,2020
moon,rashi,Pisces,2020-07-04T03:22:30+00:00,2020
moon,rashi,Aries,2020-07-18T12:39:22.500000+00:00,2020
moon,rashi,Pisces,2020-07-31T09:39:22.500000+00:00,2020
moon,rashi,Aries,2020-08-14T19:30:00+00:00,2020
moon,rashi,Pisces,2020-08-27T12:00:00+00:00,2020
moon,rashi,Aries,2020-09-10T23:15:00+00:00,2020
moon,rashi,Pisces,2020-09-23T12:39:22.500000+00:00,2020
moon,rashi,Aries,2020-10-08T00:33:45+00:00,2020
moon,rashi,Pisces,2020-10-20T16:01:52.500000+00:00,2020
moon,rashi,Aries,2020-11-04T02:48:45+00:00,2020
moon,rashi,Pisces,2020-11-17T00:11:15+00:00,2020
moon,rashi,Aries,2020-12-01T07:52:30+00:00,2020
moon,rashi,Pisces,2020-12-14T11:09:22.500000+00:00,2020
moon,rashi,Aries,2020-12-28T15:11:15+00:00,2020
moon,rashi,Pisces,2021-01-10T20:20:37.500000+00:00,2021
moon,rashi,Aries,2021-01-24T21:56:15+00:00,2021
moon,rashi,Pisces,2021-02-07T00:33:45+00:00,2021
moon,rashi,Aries,2021-02-21T01:52:30+00:00,2021
moon,rashi,Pisces,2021-03-06T01:01:52.500000+00:00,2021
moon,rashi,Aries,2021-03-20T03:39:22.500000+00:00,2021
moon,rashi,Pisces,2021-04-02T02:48:45+00:00,2021
moon,rashi,Aries,2021-04-16T06:00:00+00:00,2021
moon,rashi,Pisces,2021-04-29T09:22:30+00:00,2021
moon,rashi,Aries,2021-05-13T10:35:37.500000+00:00,2021
moon,rashi,Pisces,2021-05-26T19:41:15+00:00,2021
moon,rashi,Aries,2021-06-09T16:46:52.500000+00:00,2021
moon,rashi,Pisces,2021-06-23T06:11:15+00:00,2021
moon,rashi,Aries,2021-07-06T22:46:52.500000+00:00,2021
moon,rashi,Pisces,2021-07-20T13:30:00+00:00,2021
moon,rashi,Aries,2021-08-03T03:00:00+00:00,2021
moon,rashi,Pisces,2021-08-16T16:07:30+00:00,2021
moon,rashi,Aries,2021-08-30T05:20:37.500000+00:00,2021
moon,rashi,Pisces,2021-09-12T16:41:15+00:00,2021
moon,rashi,Aries,2021-09-26T07:41:15+00:00,2021
moon,rashi,Pisces,2021-10-09T19:41:15+00:00,2021
moon,rashi,Aries,2021-10-23T11:54:22.500000+00:00,2021
moon,rashi,Pisces,2021-11-06T03:45:00+00:00,2021
moon,rashi,Aries,2021-11-19T18:05:37.500000+00:00,2021
moon,rashi,Pisces,2021-12-03T15:05:37.500000+00:00,2021
moon,rashi,Aries,2021-12-17T00:16:52.500000+00:00,2021
moon,rashi,Pisces,2021-12-31T01:13:07.500000+00:00,2021
moon,rashi,Aries,2022-01-13T04:24:22.500000+00:00,2022
moon,rashi,Pisces,2022-01-27T06:22:30+00:00,2022
moon,rashi,Aries,2022-02-09T06:16:52.500000+00:00,2022
moon,rashi,Pisces,2022-02-23T07:01:52.500000+00:00,2022
moon,rashi,Aries,2022-03-08T08:26:15+00:00,2022
moon,rashi,Pisces,2022-03-22T08:15:00+00:00,2022
moon,rashi,Aries,2022-04-04T13:13:07.500000+00:00,2022
moon,rashi,Pisces,2022-04-18T14:03:45+00:00,2022
moon,rashi,Aries,2022-05-01T19:58:07.500000+00:00,2022
moon,rashi,Pisces,2022-05-15T23:48:45+00:00,2022
moon,rashi,Aries,2022-05-29T02:37:30+00:00,2022
moon,rashi,Pisces,2022-06-12T10:07:30+00:00,2022
moon,rashi,Aries,2022-06-25T07:13:07.500000+00:00,2022
moon,rashi,Pisces,2022-07-09T17:31:52.500000+00:00,2022
moon,rashi,Aries,2022-07-22T09:28:07.500000+00:00,2022
moon,rashi,Pisces,2022-08-05T20:37:30+00:00,2022
moon,rashi,Aries,2022-08-18T11:03:45+00:00,2022
moon,rashi,Pisces,2022-09-01T21:16:52.500000+00:00,2022
moon,rashi,Aries,2022-09-14T14:54:22.500000+00:00,2022
moon,rashi,Pisces,2022-09-28T23:48:45+00:00,2022
moon,rashi,Aries,2022-10-11T21:56:15+00:00,2022
moon,rashi,Pisces,2022-10-26T06:33:45+00:00,2022
moon,rashi,Aries,2022-11-08T06:11:15+00:00,2022
moon,rashi,Pisces,2022-11-22T16:30:00+00:00,2022
moon,rashi,Aries,2022-12-05T12:45:00+00:00,2022
moon,rashi,Pisces,2022-12-20T01:41:15+00:00,2022
moon,rashi,Aries,2023-01-01T15:28:07.500000+00:00,2023
moon,rashi,Pisces,2023-01-16T06:39:22.500000+00:00,2023
moon,rashi,Aries,2023-01-28T16:07:30+00:00,2023
moon,rashi,Pisces,2023-02-12T07:35:37.500000+00:00,2023
moon,rashi,Aries,2023-02-24T19:01:52.500000+00:00,2023
moon,rashi,Pisces,2023-03-11T09:00:00+00:00,2023
moon,rashi,Aries,2023-03-24T02:15:00+00:00,2023
moon,rashi,Pisces,2023-04-07T13:58:07.500000+00:00,2023
moon,rashi,Aries,2023-04-20T11:37:30+00:00,2023
moon,rashi,Pisces,2023-05-04T22:01:52.500000+00:00,2023
moon,rashi,Aries,2023-05-17T19:41:15+00:00,2023
moon,rashi,Pisces,2023-06-01T06:28:07.500000+00:00,2023
moon,rashi,Aries,2023-06-14T00:11:15+00:00,2023
moon,rashi,Pisces,2023-06-28T12:28:07.500000+00:00,2023
moon,rashi,Aries,2023-07-11T01:30:00+00:00,2023
moon,rashi,Pisces,2023-07-25T15:11:15+00:00,2023
moon,rashi,Aries,2023-08-07T02:48:45+00:00,2023
moon,rashi,Pisces,2023-08-21T16:30:00+00:00,2023
moon,rashi,Aries,2023-09-03T07:46:52.500000+00:00,2023
moon,rashi,Pisces,2023-09-17T19:24:22.500000+00:00,2023
moon,rashi,Aries,2023-09-30T16:52:30+00:00,2023
moon,rashi,Pisces,2023-10-15T01:13:07.500000+00:00,2023
moon,rashi,Aries,2023-10-28T03:16:52.500000+00:00,2023
moon,rashi,Pisces,2023-11-11T08:54:22.500000+00:00,2023
moon,rashi,Aries,2023-11-24T11:03:45+00:00,2023
moon,rashi,Pisces,2023-12-08T15:28:07.500000+00:00,2023
moon,rashi,Aries,2023-12-21T13:58:07.500000+00:00,2023
moon,rashi,Pisces,2024-01-04T18:56:15+00:00,2024
moon,rashi,Aries,2024-01-17T14:09:22.500000+00:00,2024
moon,rashi,Pisces,2024-01-31T20:20:37.500000+00:00,2024
moon,rashi,Aries,2024-02-13T17:03:45+00:00,2024
moon,rashi,Pisces,2024-02-27T22:58:07.500000+00:00,2024
moon,rashi,Aries,2024-03-12T01:18:45+00:00,2024
moon,rashi,Pisces,2024-03-26T04:13:07.500000+00:00,2024
moon,rashi,Aries,2024-04-08T12:22:30+00:00,2024
moon,rashi,Pisces,2024-04-22T10:46:52.500000+00:00,2024
moon,rashi,Aries,2024-05-05T21:56:15+00:00,2024
moon,rashi,Pisces,2024-05-19T16:41:15+00:00,2024
moon,rashi,Aries,2024-06-02T03:11:15+00:00,2024
moon,rashi,Pisces,2024-06-15T20:20:37.500000+00:00,2024
moon,rashi,Aries,2024-06-29T04:30:00+00:00,2024
moon,rashi,Pisces,2024-07-12T22:30:00+00:00,2024
moon,rashi,Aries,2024-07-26T05:37:30+00:00,2024
moon,rashi,Pisces,2024-08-09T01:07:30+00:00,2024
moon,rashi,Aries,2024-08-22T10:30:00+00:00,2024
moon,rashi,Pisces,2024-09-05T05:48:45+00:00,2024
moon,rashi,Aries,2024-09-18T19:52:30+00:00,2024
moon,rashi,Pisces,2024-10-02T11:54:22.500000+00:00,2024
moon,rashi,Aries,2024-10-16T07:07:30+00:00,2024
moon,rashi,Pisces,2024-10-29T17:48:45+00:00,2024
moon,rashi,Aries,2024-11-12T16:01:52.500000+00:00,2024
moon,rashi,Pisces,2024-11-25T21:33:45+00:00,2024
moon,rashi,Aries,2024-12-09T19:41:15+00:00,2024
moon,rashi,Pisces,2024-12-22T23:26:15+00:00,2024
moon,rashi,Aries,2025-01-05T19:46:52.500000+00:00,2025
moon,rashi,Pisces,2025-01-19T01:52:30+00:00,2025
moon,rashi,Aries,2025-02-01T22:07:30+00:00,2025
moon,rashi,Pisces,2025-02-15T06:56:15+00:00,2025
moon,rashi,Aries,2025-03-01T05:43:07.500000+00:00,2025
moon,rashi,Pisces,2025-03-14T13:46:52.500000+00:00,2025
moon,rashi,Aries,2025-03-28T16:30:00+00:00,2025
moon,rashi,Pisces,2025-04-10T19:58:07.500000+00:00,2025
moon,rashi,Aries,2025-04-25T02:26:15+00:00,2025
moon,rashi,Pisces,2025-05-07T23:48:45+00:00,2025
moon,rashi,Aries,2025-05-22T08:09:22.500000+00:00,2025
moon,rashi,Pisces,2025-06-04T01:35:37.500000+00:00,2025
moon,rashi,Aries,2025-06-18T09:45:00+00:00,2025
moon,rashi,Pisces,2025-07-01T03:45:00+00:00,2025
moon,rashi,Aries,2025-07-15T10:41:15+00:00,2025
moon,rashi,Pisces,2025-07-28T08:31:52.500000+00:00,2025
moon,rashi,Aries,2025-08-11T14:54:22.500000+00:00,2025
moon,rashi,Pisces,2025-08-24T15:45:00+00:00,2025
moon,rashi,Aries,2025-09-07T23:09:22.500000+00:00,2025
moon,rashi,Pisces,2025-09-20T23:15:00+00:00,2025
moon,rashi,Aries,2025-10-05T09:22:30+00:00,2025
moon,rashi,Pisces,2025-10-18T04:35:37.500000+00:00,2025
moon,rashi,Aries,2025-11-01T17:48:45+00:00,2025
moon,rashi,Pisces,2025-11-14T06:39:22.500000+00:00,2025
moon,rashi,Aries,2025-11-28T21:33:45+00:00,2025
moon,rashi,Pisces,2025-12-11T07:35:37.500000+00:00,2025
moon,rashi,Aries,2025-12-25T22:01:52.500000+00:00,2025
